tree
version=v4
num_class=1
num_tree_per_iteration=1
label_index=0
max_feature_idx=24
objective=regression
feature_names=r1 r3 r7 r14 r30 r60 vol7 vol30 vchg f1 f7 ma50 r1_rk r3_rk r7_rk r14_rk r30_rk r60_rk vol7_rk vol30_rk vchg_rk f1_rk f7_rk ma50_rk mkt1
feature_infos=[-0.99266189689965145:5.2021160160525346] [-0.99973427223809208:11.012454592631034] [-0.99990277457068899:58.223846471007157] [-0.99991017997687137:84.623707518826336] [-0.99990542505526725:88.726867563478763] [-0.99990839659693354:207.0099194048357] [0:1.2125946007771304] [0.0060094729056202343:0.72313625590067609] [0:9.8549300452677482] [-0.30456554000000002:0.15391754999999999] [-0.16010704428571426:0.022245364285714293] [-0.9853242480403992:15.851948908517802] [0.033333333333333333:1] [0.033333333333333333:1] [0.033333333333333333:1] [0.033333333333333333:1] [0.033333333333333333:1] [0.033333333333333333:1] [0.033333333333333333:1] [0.033333333333333333:1] [0.033333333333333333:1] [0.033333333333333333:1] [0.033333333333333333:1] [0.033333333333333333:1] [-0.41459256727445098:0.29916438419034302]
tree_sizes=1479 1578 1597 1576 1587 1588 1579 1584 1582 1572 1584 1579 1576 1571 1587 1587 1578 1583 1586 1587 1582 1573 1583 1580 1585 1575 1586 1588 1570 1586 1579 1583 1578 1591 1559 1580 1572 1572 1564 1573 1583 1559 1578 1593 1581 1586 1575 1576 1571 1573 1578 1561 1570 1573 1591 1568 1580 1578 1579 1576 1582 1590 1580 1569 1580 1576 1547 1578 1551 1571 1592 1559 1579 1569 1551 1574 1574 1576 1557 1572 1576 1572 1583 1582 1571 1570 1576 1570 1563 1577 1570 1561 1552 1557 1576 1582 1558 1586 1567 1558 1570 1564 1577 1583 1571 1557 1553 1581 1558 1560 1565 1577 1547 1556 1578 1578 1565 1585 1573 1566 1576 1558 1565 1571 1570 1563 1578 1596 1591 1564 1585 1560 1572 1592 1570 1558 1579 1556 1563 1562 1557 1588 1566 1559 1587 1564 1562 1562 1576 1557 1561 1564 1569 1567 1558 1583 1575 1560 1574 1576 1562 1545 1537 1532 1545 1578 1577 1552 1558 1573 1562 1557 1585 1564 1572 1580 1554 1554 1553 1546 1565 1553 1561 1559 1556 1559 1569 1554 1525 1560 1551 1548 1577 1563 1557 1566 1607 1583 1545 1548 1571 1577 1585 1548 1552 1602 1535 1569 1559 1570 1571 1558 1572 1582 1551 1526 1545 1560 1586 1546 1569 1581 1547 1571 1548 1565 1583 1579 1577 1533 1554 1548 1572 1565 1565 1539 1563 1584 1568 1560 1570 1575 1553 1585 1551 1571 1553 1570 1565 1572 1553 1568 1562 1544 1555 1559 1548 1569 1563 1550 1581 1559 1569 1564 1546 1546 1549 1544 1568 1562 1541 1549 1561 1552 1559 1578 1547 1556 1576 1537 1570 1554 1550 1542 1579 1553 1565 1578 1582 1551 1555 1582 1553 1560 1543 1569 1569 1533 1564 1561

Tree=0
num_leaves=15
num_cat=0
split_feature=19 19 24 19 12 24 10 3 10 8 23 18 12 23
split_gain=32.6863 5.28422 5.21906 4.52825 3.76176 3.73908 2.63516 2.59086 2.0177 1.97701 1.92505 2.2261 1.99777 2.07802
threshold=0.58957219251336912 0.267948717948718 0.0088213755014828633 0.76794871794871811 0.66091954022988519 -0.0044276921759288813 -0.00051895071428571425 -0.35640993123397452 0.00034180000000000001 1.1712153122331406 0.86515151515151534 0.95553359683794481 0.95346320346320357 0.9833333333333335
decision_type=8 10 2 10 2 2 2 10 2 8 8 10 2 8
left_child=1 5 4 9 6 8 -2 -8 -1 -4 11 -5 -12 -14
right_child=2 -3 3 10 -6 -7 7 -9 -10 -11 12 -13 13 -15
leaf_value=0.51786556295440722 0.5159470755065384 0.51740580613120279 0.51688219595951124 0.51601992777218098 0.51595188260904901 0.51859463791971039 0.51935772276653525 0.5171128340995107 0.51640314328633519 0.51559993164861562 0.51408195970705106 0.51376656519767649 0.51446763010488283 0.51803120012525827
leaf_weight=5043 1686 16651 3335 2774 4290 8492 494 7302 1021 1602 1807 460 324 270
leaf_count=5043 1686 16651 3335 2774 4290 8492 494 7302 1021 1602 1807 460 324 270
internal_value=0.517128 0.517771 0.516304 0.515803 0.516689 0.518188 0.517023 0.517255 0.517619 0.516466 0.515222 0.515699 0.514578 0.516087
internal_weight=55551 31207 24344 10572 13772 14556 9482 7796 6064 4937 5635 3234 2401 594
internal_count=55551 31207 24344 10572 13772 14556 9482 7796 6064 4937 5635 3234 2401 594
is_linear=0
shrinkage=1


Tree=1
num_leaves=15
num_cat=0
split_feature=19 7 24 19 24 1 23 18 21 1 23 17 21 18
split_gain=32.1882 4.53307 4.93058 4.07406 4.55878 2.25215 2.13905 3.32404 1.75136 1.69443 1.58127 3.48581 1.50639 1.37675
threshold=0.58957219251336912 0.097601088485739243 0.0094614982356625577 0.39009661835748799 -0.0087330573616335849 -0.18714344664858582 0.72570532915360519 0.93218390804597717 0.60208333333333341 0.042660681281125774 0.79238505747126442 0.9833333333333335 0.19006568144499181 0.37715517241379315
decision_type=8 10 2 10 2 8 10 10 2 10 10 10 2 10
left_child=3 5 10 4 -1 -2 7 -4 13 -7 -3 -12 -11 -6
right_child=1 2 6 -5 8 9 -8 -9 -10 12 11 -13 -14 -15
leaf_value=0.00033055311642319772 0.001573388342071196 -0.00017256803128215583 -0.00056606705205590956 0.00019076950978273106 0.0017619435771847355 -0.0003309809659820078 -0.0026832742514239522 -0.0040184415676364094 0.00077617163626410909 0.00011841589286750542 -0.0017878480894797191 0.00090147020281666377 -0.0012675077426120606 0.00089423726862123906
leaf_weight=7682 464 2492 1251 11087 5869 10213 2409 314 4403 862 2081 548 3896 2287
leaf_count=7682 464 2492 1251 11087 5869 10213 2409 314 4403 862 2081 548 3896 2287
internal_value=1.5771e-05 -0.000798079 -0.00132936 0.00065302 0.000906218 -0.000485027 -0.00212228 -0.00125875 0.00125834 -0.000548824 -0.00071403 -0.00122728 -0.00101642 0.00151863
internal_weight=55858 24530 9095 31328 20241 15435 3974 1565 12559 14971 5121 2629 4758 8156
internal_count=55858 24530 9095 31328 20241 15435 3974 1565 12559 14971 5121 2629 4758 8156
is_linear=0
shrinkage=0.03


Tree=2
num_leaves=15
num_cat=0
split_feature=19 0 24 19 7 24 22 23 10 2 13 18 21 16
split_gain=32.0558 6.32407 4.01371 3.6834 3.06157 2.64469 2.28248 2.08337 1.98488 2.0647 1.75653 1.63673 1.50952 1.50253
threshold=0.58477011494252884 0.00082959705772678316 0.0088213755014828633 0.18898809523809526 0.088237657964430491 0.018214552937488557 0.89087301587301593 0.83045977011494265 -0.0017774992857142854 -0.12688791126029667 0.80384615384615399 0.39642857142857152 0.84807692307692317 0.55363984674329514
decision_type=8 2 2 10 10 2 2 10 2 10 10 10 2 10
left_child=2 5 6 -4 -3 8 10 -7 -2 -10 -1 -6 -11 -12
right_child=1 4 3 -5 11 7 -8 -9 9 12 13 -13 -14 -15
leaf_value=0.00057236507231407511 -0.0014809248024721454 -0.00091276612868304737 0.0017866913756672258 0.00069640829079650962 -0.00027495562222846332 -0.00061411591914680894 -0.00079666781318230126 -0.0028383570975282872 0.00055930850656131428 -0.00014916863729843544 -0.0010835221780478757 -0.0020925587260975983 -0.0012048356566602418 0.00034852117306707539
leaf_weight=13571 1024 6393 3960 9429 496 915 1481 647 3057 5923 1156 4413 1535 1535
leaf_count=13571 1024 6393 3960 9429 496 915 1481 647 3057 5923 1156 4413 1535 1535
internal_value=-1.13844e-05 -0.000825476 0.000626746 0.00101888 -0.00134544 -0.000376913 0.000330842 -0.00153542 -0.000220089 -9.73031e-05 0.000433526 -0.00190891 -0.000366445 -0.000266656
internal_weight=55535 24403 31132 13389 11302 13101 17743 1562 11539 10515 16262 4909 7458 2691
internal_count=55535 24403 31132 13389 11302 13101 17743 1562 11539 10515 16262 4909 7458 2691
is_linear=0
shrinkage=0.03


Tree=3
num_leaves=15
num_cat=0
split_feature=19 12 13 18 1 19 24 24 23 6 23 12 24 22
split_gain=26.5213 5.49025 4.4598 3.55582 3.61689 3.43196 3.5066 2.89059 2.44499 1.94651 2.5282 1.76944 1.61264 1.50543
threshold=0.58957219251336912 0.63484848484848488 0.80384615384615399 0.96490147783251246 -0.05369743218114436 0.39009661835748799 0.0018776521600352241 0.0070257506767601313 0.86515151515151534 0.087409511897352285 0.9833333333333335 0.4188596491228071 0.01038188540661327 0.86811594202898557
decision_type=8 2 10 10 8 10 2 2 10 10 8 2 2 2
left_child=2 3 5 4 12 6 -1 -5 11 -3 -11 -6 -2 -7
right_child=1 9 -4 7 8 13 -8 -9 -10 10 -12 -13 -14 -15
leaf_value=0.00052689095511290361 0.00068847989442590365 -0.0010100029549449541 -0.0002606972771440254 -0.0006990368260974424 -0.00069218381088884432 0.00040163454626342094 0.0013837922978784136 -0.0030332791424656064 -0.0016240947980413886 -0.0024266373184011376 -0.00036762721476526382 0.00037847222290613098 -0.00053801292634528622 -0.000842529819124458
leaf_weight=8000 4066 6109 4737 1317 4216 8122 9288 749 1692 2290 701 2072 1265 981
leaf_count=8000 4066 6109 4737 1317 4216 8122 9288 749 1692 2290 701 2072 1265 981
internal_value=5.89519e-06 -0.000732958 0.000586881 -0.000387319 -0.000207591 0.000739015 0.000987262 -0.00154528 -0.000611782 -0.00131701 -0.00194407 -0.000339385 0.000397444 0.000267555
internal_weight=55605 24477 31128 15377 13311 26391 17288 2066 7980 9100 2991 6288 5331 9103
internal_count=55605 24477 31128 15377 13311 26391 17288 2066 7980 9100 2991 6288 5331 9103
is_linear=0
shrinkage=0.03


Tree=4
num_leaves=15
num_cat=0
split_feature=19 19 1 10 13 2 22 19 24 18 15 24 24 19
split_gain=28.6958 4.70298 3.93095 3.36678 3.18178 2.96455 2.84525 2.26941 2.18299 1.93004 1.91817 1.74013 1.58229 2.73613
threshold=0.56904761904761914 0.11882352941176472 0.04589755302818755 -0.00046000357142857157 0.81101190476190488 -0.043956177780539389 0.84045454545454557 0.41277890466531447 0.0058712060513828107 0.95916666666666683 0.9833333333333335 0.015972310509320919 0.0088213755014828633 0.76794871794871811
decision_type=8 10 10 2 10 10 2 10 2 8 10 2 2 10
left_child=1 5 3 9 7 11 -4 8 -3 -2 12 -1 -5 -14
right_child=2 4 6 10 -6 -7 -8 -9 -10 -11 -12 -13 13 -15
leaf_value=-0.00059181431964371609 -0.0010297562536672226 0.00042863128815042356 -0.0010377960231293133 -1.5270428846490296e-05 -0.00037146916242731609 0.0017745406086277348 -0.002441581533352831 0.00014327623425657653 0.0011726613458683532 -0.0028542185734265935 -0.0021500876491547995 0.0018266051245017314 -1.4040852165167581e-05 -0.0014320269618129712
leaf_weight=901 2385 7373 5832 8564 3856 4212 1672 7553 6843 668 502 381 2566 2343
leaf_count=901 2385 7373 5832 8564 3856 4212 1672 7553 6843 668 502 381 2566 2343
internal_value=-1.12675e-05 0.000593582 -0.000778523 -0.000526426 0.000422814 0.00139008 -0.00135058 0.000563507 0.000786777 -0.00142895 -0.000329259 0.00012692 -0.000261415 -0.000690827
internal_weight=55651 31119 24532 17028 25625 5494 7504 21769 14216 3053 13975 1282 13473 4909
internal_count=55651 31119 24532 17028 25625 5494 7504 21769 14216 3053 13975 1282 13473 4909
is_linear=0
shrinkage=0.03


Tree=5
num_leaves=15
num_cat=0
split_feature=19 12 13 24 23 19 0 18 10 2 17 23 19 0
split_gain=26.1704 5.48195 4.12521 2.99699 4.29147 2.86072 2.86293 2.39661 1.88917 2.3882 1.55469 1.52219 2.44611 2.51794
threshold=0.58957219251336912 0.63484848484848488 0.80384615384615399 0.0088213755014828633 0.86515151515151534 0.36181818181818187 -0.023781371284493254 0.95553359683794481 -0.00049092928571428565 -0.16226360281573174 0.20344827586206901 0.9833333333333335 0.86515151515151534 0.067581653307232106
decision_type=8 2 10 2 10 10 2 10 2 10 10 10 10 2
left_child=2 3 5 8 7 6 -1 -5 -2 -10 -4 12 -3 -14
right_child=1 11 10 4 -6 -7 -8 -9 9 -11 -12 -13 13 -15
leaf_value=0.00021464090065335218 -0.00097520659584771953 -0.0010942931693533413 -0.0017014362305538572 -0.00025998761287170444 -0.0023002074133854425 0.00033766487440539591 0.0011911765493246938 -0.0031401983232793511 0.0011204588561622133 -0.000147675706234218 -3.9114567034552273e-05 -0.00017033193147298828 -0.0014669165670497142 -0.0033604136102731975
leaf_weight=3466 1694 5483 576 4018 1522 10569 12257 278 1711 6107 4188 922 1626 1034
leaf_count=3466 1694 5483 576 4018 1522 10569 12257 278 1711 6107 4188 922 1626 1034
internal_value=-5.46543e-06 -0.000740816 0.000572164 -0.000394995 -0.000931337 0.000719343 0.000975908 -0.00044637 -6.69418e-05 0.000129861 -0.000240101 -0.00132564 -0.00145645 -0.00220296
internal_weight=55451 24395 31056 15330 5818 26292 15723 4296 9512 7818 4764 9065 8143 2660
internal_count=55451 24395 31056 15330 5818 26292 15723 4296 9512 7818 4764 9065 8143 2660
is_linear=0
shrinkage=0.03


Tree=6
num_leaves=15
num_cat=0
split_feature=19 12 19 23 13 2 0 12 22 9 1 10 2 21
split_gain=23.1212 4.53422 4.41035 3.56362 2.88819 2.3568 2.12433 2.50742 1.88658 1.76675 1.7646 1.5854 1.95903 1.51912
threshold=0.58477011494252884 0.63484848484848488 0.11882352941176472 0.70710784313725505 0.68090909090909102 -0.042746678771434336 -0.0079462760506641122 0.16954022988505749 0.84807692307692317 0.00054955500000000007 -0.021038823543670811 -0.00043054571428571446 -0.31895755243968577 0.86515151515151534
decision_type=8 2 10 10 10 10 2 2 2 2 10 2 10 2
left_child=2 3 5 11 10 -1 7 9 -3 13 -4 -2 -13 -5
right_child=1 8 4 6 -6 -7 -8 -9 -10 -11 -12 12 -14 -15
leaf_value=0.00022389023687463959 -0.0009144629830442519 -0.00098378273081763438 0.00027080123340322387 -0.0012331729183125287 -0.00010378576822672786 0.0016755752299233283 -0.0018344722360163742 0.00029293253317370379 -0.0020176827056814779 0.00039206950011462706 0.0008680306128333445 0.0023382251439382604 6.8825191830516647e-05 -0.0036401981756146715
leaf_weight=1332 1426 7090 8322 1975 7723 4119 1686 1775 2047 539 9576 359 7378 268
leaf_count=1332 1426 7090 8322 1975 7723 4119 1686 1775 2047 539 9576 359 7378 268
internal_value=2.32839e-06 -0.000685929 0.000545966 -0.000371903 0.000381107 0.00132084 -0.000924672 -0.000588064 -0.00121541 -0.00115017 0.000590338 4.71362e-06 0.000174126 -0.00152077
internal_weight=55615 24543 31072 15406 25621 5451 6243 4557 9137 2782 17898 9163 7737 2243
internal_count=55615 24543 31072 15406 25621 5451 6243 4557 9137 2782 17898 9163 7737 2243
is_linear=0
shrinkage=0.03


Tree=7
num_leaves=15
num_cat=0
split_feature=19 12 13 19 24 0 17 7 24 21 17 24 18 20
split_gain=22.4497 5.15057 3.94313 3.13615 2.75367 2.72648 2.28327 2.19642 1.83853 1.81733 1.47996 1.32481 1.36625 1.28402
threshold=0.58957219251336912 0.63484848484848488 0.80384615384615399 0.41277890466531447 -0.054905420437195741 -0.02119454822391725 0.83045977011494265 0.094674773376056093 -0.010166160670128125 0.60208333333333341 0.9833333333333335 -0.085026221903339319 0.24568965517241384 0.89087301587301593
decision_type=8 2 10 10 2 2 8 10 2 2 10 2 10 10
left_child=2 4 3 5 -2 -1 -6 13 -8 -7 -9 -4 -13 -3
right_child=1 7 11 -5 6 9 8 10 -10 -11 -12 12 -14 -15
leaf_value=0.00024931371461488168 0.0007963886556130919 -0.00066299973446732826 -0.0026527372848168754 0.00015260747457961592 -0.00021842057833445765 0.001332049805328954 -0.00020882228319126731 -0.002111225319218769 -0.001458530210688098 0.00061200449552601852 -0.00043578193300066793 0.00063030923112674016 -0.000506992767895328 -0.0018201184198225555
leaf_weight=4719 1650 4429 202 7683 8906 9138 1604 2990 3121 4818 564 1351 3208 1072
leaf_count=4719 1650 4429 202 7683 8906 9138 1604 2990 3121 4818 564 1351 3208 1072
internal_value=-1.45164e-05 -0.000697081 0.00051927 0.000662793 -0.000361117 0.000872686 -0.000501231 -0.00126405 -0.00103429 0.00108347 -0.00184534 -0.000275307 -0.000169968 -0.000888492
internal_weight=55455 24336 31119 26358 15281 18675 13631 9055 4725 13956 3554 4761 4559 5501
internal_count=55455 24336 31119 26358 15281 18675 13631 9055 4725 13956 3554 4761 4559 5501
is_linear=0
shrinkage=0.03


Tree=8
num_leaves=15
num_cat=0
split_feature=19 0 18 18 24 9 1 12 16 24 19 17 22 12
split_gain=21.0769 4.33062 3.8513 2.71511 2.57882 2.25246 1.63946 1.49303 1.59211 1.36535 1.9385 1.38949 1.5446 1.43522
threshold=0.58477011494252884 0.042341443791802942 0.41522988505747133 0.96225071225071235 -0.0044276921759288813 0.00026018500000000007 -0.18714344664858582 0.81101190476190488 0.79238505747126442 0.0094614982356625577 0.7543103448275863 0.9833333333333335 0.36754385964912284 0.63484848484848488
decision_type=8 2 10 10 2 2 10 2 10 2 10 10 2 2
left_child=2 3 4 6 -1 -3 -2 -4 -9 11 -11 13 -13 -8
right_child=1 5 7 -5 -6 -7 9 8 -10 10 -12 12 -14 -15
leaf_value=0.00036506585850030549 0.00098360613410038698 -0.0007533936477487664 0.00026166940456441264 -0.0013872502870945738 0.0010792378674941174 -0.0019764865587197211 -4.590071199463353e-05 -0.000928599505102029 0.0010518164209546458 -0.00014626702875536007 -0.0013053292810591977 0.0031711576235232525 -0.00021082257355732346 -0.00086153443479802165
leaf_weight=7822 829 2508 9788 2448 10880 2948 7279 2000 447 2374 2867 229 259 2648
leaf_count=7822 829 2508 9788 2448 10880 2948 7279 2000 447 2374 2867 229 259 2648
internal_value=-1.00932e-05 -0.000669574 0.000509805 -0.000454976 0.00078054 -0.00141426 -0.000316534 9.59692e-05 -0.000566832 -0.000385378 -0.000780312 -0.000186641 0.00137621 -0.000263469
internal_weight=55326 24389 30937 18933 18702 5456 16485 12235 2447 15656 5241 10415 488 9927
internal_count=55326 24389 30937 18933 18702 5456 16485 12235 2447 15656 5241 10415 488 9927
is_linear=0
shrinkage=0.03


Tree=9
num_leaves=15
num_cat=0
split_feature=6 12 16 24 22 5 6 9 6 2 21 17 12 23
split_gain=11.6481 6.4449 3.65915 3.35045 2.57909 2.88728 2.12543 2.09784 2.01713 1.89505 1.79939 1.79322 1.72281 1.58633
threshold=0.047606620360401343 0.73205128205128212 0.77525252525252542 0.012267552082680709 0.61785714285714299 0.6322319059405026 0.22944555735186575 0.00054955500000000007 0.15899906760943247 -0.069152452975233633 0.86515151515151534 0.9110671936758894 0.76568627450980398 0.79057017543859665
decision_type=8 2 8 2 2 8 10 2 8 10 2 10 2 10
left_child=4 2 8 6 9 12 7 -4 -2 -1 -3 -9 -6 -11
right_child=1 10 3 -5 5 -7 -8 11 -10 13 -12 -13 -14 -15
leaf_value=8.8014535350967429e-05 0.00021225276507143376 -0.00091705748039593797 -0.00033821457089326223 -0.0017340121905053403 0.00040561308291190389 -0.0015606519821092873 -0.0029086158802774809 0.00030861916820771549 -0.0016051213008266209 0.00095331885519879924 -0.0020089835075019361 0.0039601434662126667 -0.00054429626833751897 -4.5630909326726824e-06
leaf_weight=4265 12469 7432 2669 2096 7700 923 244 302 575 11014 1662 202 2212 1812
leaf_count=4265 12469 7432 2669 2096 7700 923 244 302 575 11014 1662 202 2212 1812
internal_value=-2.58898e-05 -0.000462356 -0.000141731 -0.000789721 0.000406278 4.4186e-05 -0.00021049 -3.00748e-06 0.00013214 0.00063583 -0.00111662 0.00177213 0.000193628 0.000817994
internal_weight=55577 27651 18557 5513 27926 10835 3417 3173 13044 17091 9094 504 9912 12826
internal_count=55577 27651 18557 5513 27926 10835 3417 3173 13044 17091 9094 504 9912 12826
is_linear=0
shrinkage=0.03


Tree=10
num_leaves=15
num_cat=0
split_feature=19 19 13 2 18 22 7 23 7 21 16 4 2 13
split_gain=19.4445 3.88977 2.98891 2.94706 2.67746 1.67069 1.528 1.8027 1.50436 1.33866 1.2938 1.24306 1.30941 1.18784
threshold=0.49137931034482768 0.91833333333333345 0.81101190476190488 -0.089853058491632151 0.32071428571428579 0.91287878787878796 0.069005680037244513 0.7231800766283526 0.12998426685746123 0.56904761904761914 0.41522988505747133 0.14882755273108553 -0.24465595280123201 0.89564428312159727
decision_type=8 10 10 10 10 2 10 8 10 2 10 10 10 8
left_child=2 5 4 -3 9 6 13 11 -9 -1 -4 12 -8 -2
right_child=1 3 10 -5 -6 -7 7 8 -10 -11 -12 -13 -14 -15
leaf_value=0.0013064834455105987 0.00013539666283914902 -0.00025902238565435982 -0.0011103159355251235 -0.0017270938546876521 0.00038746188199417287 -0.0010143228485092902 0.00097106361853251783 -0.00069153458200371058 -0.0020897432916057129 0.00065113726935343873 0.00016286271902121171 0.00054633362105901051 -0.00061574876843865586 -0.00075935048338766594
leaf_weight=7313 8968 1859 969 3641 9932 2976 534 4182 830 4551 2777 1659 3788 1569
leaf_count=7313 8968 1859 969 3641 9932 2976 534 4182 830 4551 2777 1659 3788 1569
internal_value=7.96751e-06 -0.000509888 0.000616329 -0.00123089 0.000750868 -0.000348071 -0.000255978 -0.000503414 -0.000923082 0.00105509 -0.000166478 -0.000151737 -0.000419692 2.16536e-06
internal_weight=55548 30006 25542 5500 21796 24506 21530 10993 5012 11864 3746 5981 4322 10537
internal_count=55548 30006 25542 5500 21796 24506 21530 10993 5012 11864 3746 5981 4322 10537
is_linear=0
shrinkage=0.03


Tree=11
num_leaves=15
num_cat=0
split_feature=18 7 24 21 2 13 20 17 7 13 10 18 4 8
split_gain=15.2234 5.2352 3.98995 3.3174 2.56763 2.22818 2.04775 1.87564 1.86475 1.46338 1.43902 2.36614 1.41389 1.39266
threshold=0.39642857142857152 0.069005680037244513 -0.0044276921759288813 0.91485507246376818 -0.043956177780539389 0.83045977011494265 0.89564428312159727 0.7593103448275863 0.043421486432999437 0.9833333333333335 -0.00035778142857142888 0.90238095238095251 0.87268175898399036 1.0246044545178135
decision_type=8 8 2 2 10 10 10 8 10 10 2 8 8 10
left_child=3 5 6 4 -1 -2 -3 10 -6 -9 11 -4 -8 -10
right_child=1 2 7 -5 8 -7 12 9 13 -11 -12 -13 -14 -15
leaf_value=0.00027260869664900165 0.00015270402452909138 2.5769506108800448e-05 -0.00087453584388697014 -0.00094974193458499168 0.0012610531639767328 -0.00066212293267680126 -0.0019804808741188326 -0.0017565975794058494 0.00076861356184369865 -0.00016907447304224699 -0.00050178345428472876 -0.0042556065832652472 1.3913398940650472e-05 -0.00054897184978950221
leaf_weight=6887 14070 5868 677 1108 8171 3846 882 4294 3451 595 4159 257 502 913
leaf_count=6887 14070 5868 677 1108 8171 3846 882 4294 3451 595 4159 257 502 913
internal_value=-2.19433e-06 -0.000381299 -0.000754595 0.000646882 0.000737967 -2.22136e-05 -0.000219055 -0.00114367 0.000993645 -0.00156339 -0.000740756 -0.00180487 -0.00125708 0.000492959
internal_weight=55680 35150 17234 20530 19422 17916 7252 9982 12535 4889 5093 934 1384 4364
internal_count=55680 35150 17234 20530 19422 17916 7252 9982 12535 4889 5093 934 1384 4364
is_linear=0
shrinkage=0.03


Tree=12
num_leaves=15
num_cat=0
split_feature=19 0 6 12 0 6 10 5 19 3 14 19 16 18
split_gain=17.4446 3.85358 4.0872 3.37335 3.06956 2.29142 1.68614 2.07601 1.92405 1.79424 2.25351 1.67786 1.50099 1.38742
threshold=0.49137931034482768 0.006116904593598039 0.083084335441980031 0.80384615384615399 -0.022674781157812792 0.21431208850416775 0.00050900857142857148 3.8777567974521618 0.83045977011494265 0.57863697049751706 0.56904761904761914 0.12771739130434787 0.63245614035087727 0.70710784313725505
decision_type=8 2 8 2 2 10 2 10 8 8 10 10 10 10
left_child=3 5 -3 4 -1 -2 7 8 -4 10 -10 -6 -5 -13
right_child=1 2 6 12 11 -7 -8 -9 9 -11 -12 13 -14 -15
leaf_value=0.00011826152198119047 -0.00014342506179303613 -0.0005419315869527472 -0.00062500602622545074 -0.00069553483316891335 0.0014695945930022368 -0.002015784413162781 -0.0026621342383922014 0.0013642732998705468 -0.0013290430935995496 -0.00074879924856747191 -0.0043174437622169248 0.00082030733564988575 0.0005046496504383138 -0.00075534980384696685
leaf_weight=5767 16505 8807 1106 2467 3870 610 1169 240 393 450 538 11478 1513 526
leaf_count=5767 16505 8807 1106 2467 3870 610 1169 240 393 450 538 11478 1513 526
internal_value=-1.06857e-05 -0.000503977 -0.000899844 0.000563412 0.000711035 -0.000210158 -0.00170891 -0.00130029 -0.00155742 -0.00230417 -0.00305596 0.000926389 -0.000239284 0.000751264
internal_weight=55439 29818 12703 25621 21641 17115 3896 2727 2487 1381 931 15874 3980 12004
internal_count=55439 29818 12703 25621 21641 17115 3896 2727 2487 1381 931 15874 3980 12004
is_linear=0
shrinkage=0.03


Tree=13
num_leaves=15
num_cat=0
split_feature=19 7 24 19 0 23 12 8 24 10 23 5 23 12
split_gain=15.6555 3.31825 3.20922 2.21707 1.70004 2.49526 1.66618 1.64305 1.82112 1.55566 1.55011 1.84548 1.54655 1.33685
threshold=0.49137931034482768 0.12543538474156959 -0.0087330573616335849 0.20761494252873566 0.057596103086980606 0.9833333333333335 0.7154761904761906 1.164397193468788 -0.046731916713217754 0.0003652707142857144 0.55777777777777793 2.9141127416389501 0.86811594202898557 0.63484848484848488
decision_type=8 10 2 10 2 10 2 8 2 2 8 10 10 2
left_child=2 7 9 -4 10 -6 -5 13 12 -1 -3 -12 -9 -2
right_child=1 4 3 6 5 -7 -8 8 -10 -11 11 -13 -14 -15
leaf_value=0.00027301119163665964 1.6953494023627384e-05 -9.3376160389109578e-06 0.0012052320351398416 0.00073210542825756183 -0.003066899363390291 7.406118023061912e-05 -0.00018383693852994933 -0.00018862301582077569 -0.00089144577077311887 -0.00073821281714692968 -0.0016939449808746161 3.8730140532214443e-05 0.0026261385009164295 -0.00053604156075510556
leaf_weight=8045 11436 1285 6763 6744 814 316 2432 679 6335 1650 2201 739 237 5998
leaf_count=8045 11436 1285 6763 6744 814 316 2432 679 6335 1650 2201 739 237 5998
internal_value=-1.32836e-05 -0.000477999 0.000531307 0.000793099 -0.00115496 -0.00218854 0.000489345 -0.000331144 -0.000710659 0.00010091 -0.000878521 -0.00125842 0.00053965 -0.000173299
internal_weight=55674 30040 25634 15939 5355 1130 9176 24685 7251 9695 4225 2940 916 17434
internal_count=55674 30040 25634 15939 5355 1130 9176 24685 7251 9695 4225 2940 916 17434
is_linear=0
shrinkage=0.03


Tree=14
num_leaves=15
num_cat=0
split_feature=19 0 13 18 19 24 24 24 24 23 22 17 7 10
split_gain=16.0072 3.99038 2.77487 2.54478 2.47617 2.75449 2.06945 1.47932 1.31857 1.18565 1.17779 1.15168 1.10652 1.05946
threshold=0.58477011494252884 -0.0079462760506641122 0.80384615384615399 0.79655172413793118 0.41277890466531447 0.0099072713201788769 -0.06926182849830137 0.014055117647852762 -0.081946237105212774 0.86811594202898557 0.31742424242424244 0.85960591133004927 0.048688280074417549 -0.00051895071428571425
decision_type=8 2 10 8 10 2 2 2 2 8 2 8 8 2
left_child=2 6 4 -3 5 -1 11 13 -4 -9 -7 -2 -5 -8
right_child=1 3 8 12 -6 10 7 9 -10 -11 -12 -13 -14 -15
leaf_value=0.00045479816380342299 0.00042080826821487419 -0.00052886819307462881 -0.0024763311127867171 0.00075859969307478712 0.0001313838022628946 0.0017879455221913056 -0.00085561387821895781 -0.00055761587921400696 -8.7821886842074452e-05 -0.0023118464794298402 0.00097209866136512577 0.0024228785019755981 -0.0014534430601232159 7.2452173864078725e-06
leaf_weight=10548 918 6910 218 211 7548 2168 1554 1029 4541 523 6000 360 5744 7282
leaf_count=10548 918 6910 218 211 7548 2168 1554 1029 4541 523 6000 360 5744 7282
internal_value=1.64689e-05 -0.000556202 0.000469301 -0.000920559 0.000590076 0.000775062 -0.000154398 -0.000294546 -0.000197235 -0.00114876 0.00118865 0.000984772 -0.00137507 -0.000144507
internal_weight=55554 24531 31023 12865 26264 18716 11666 10388 4759 1552 8168 1278 5955 8836
internal_count=55554 24531 31023 12865 26264 18716 11666 10388 4759 1552 8168 1278 5955 8836
is_linear=0
shrinkage=0.03


Tree=15
num_leaves=15
num_cat=0
split_feature=19 0 13 19 17 6 17 14 1 20 22 1 22 14
split_gain=15.0884 3.85139 3.14693 2.68559 2.06941 1.99283 1.6211 1.61433 1.45361 1.50406 1.26138 1.2277 1.21578 1.16449
threshold=0.58957219251336912 0.0023434979776708613 0.80384615384615399 0.11882352941176472 0.72111111111111115 0.21431208850416775 0.20942982456140355 0.83666666666666678 0.27031403936365456 0.93218390804597717 0.73508771929824568 -0.23620294416950269 0.56125000000000014 0.90692640692640702
decision_type=8 2 10 10 8 10 10 10 8 10 2 10 2 10
left_child=2 5 3 -1 7 8 -4 10 9 11 -3 -2 -8 -6
right_child=1 4 6 -5 13 -7 12 -9 -10 -11 -12 -13 -14 -15
leaf_value=0.0012320164357444935 0.0016230548719123963 6.2394840844410835e-05 -0.0017438923366731836 0.00042648665720432114 -0.0016770103333993711 -0.0018821698369586035 0.00040251883768183821 -0.0016107531675150757 0.0022576284006728588 -0.0011531840314736119 -0.0010093707350791509 -0.00012745727709136741 -0.0006238897753032504 -0.00074496944695093422
leaf_weight=4490 373 2875 591 21861 3817 618 2278 1060 224 1284 1506 10830 1909 1764
leaf_count=4490 373 2875 591 21861 3817 618 2278 1060 224 1284 1506 10830 1909 1764
internal_value=-2.27204e-06 -0.000561641 0.000435301 0.000563742 -0.000976538 -0.000218555 -0.000273066 -0.000560214 -0.000137671 -0.00018064 -0.000306032 -6.91746e-05 -6.54568e-05 -0.00138242
internal_weight=55480 24351 31129 26351 11022 13329 4778 5441 12711 12487 4381 11203 4187 5581
internal_count=55480 24351 31129 26351 11022 13329 4778 5441 12711 12487 4381 11203 4187 5581
is_linear=0
shrinkage=0.03


Tree=16
num_leaves=15
num_cat=0
split_feature=7 18 12 12 10 2 15 1 22 12 8 18 23 13
split_gain=13.6198 4.25216 2.82308 2.12513 1.97085 1.93173 1.90038 1.70734 1.643 1.40937 1.3364 1.77285 1.31465 1.49497
threshold=0.069745682354090038 0.33908045977011497 0.72570532915360519 0.83045977011494265 -0.00049092928571428565 -0.046298707455585057 0.067816091954023008 -0.17229993774533239 0.59629629629629644 0.73508771929824568 1.3235505874560405 0.96609195402298864 0.73508771929824568 0.86811594202898557
decision_type=8 10 2 2 2 10 10 10 2 2 8 8 8 10
left_child=1 5 4 7 -2 9 -4 -3 -8 -1 -10 -12 13 -5
right_child=2 3 6 12 -6 -7 8 -9 10 -11 11 -13 -14 -15
leaf_value=0.00046334664352932868 -0.0011447294041860194 0.0020946448099374913 -0.0028358089061417311 -0.00055114474820293412 -0.00021435917605911161 0.00092783870297237004 -0.00056093135041317881 0.0001537757837248889 -0.0011750868422085411 -0.0008151042016333323 -0.0040737075340936549 -0.00084220863119298882 0.00013361092175261474 -0.0022180348131678462
leaf_weight=3998 2533 419 557 1826 10729 11043 3286 15418 1843 963 379 256 1491 659
leaf_count=3998 2533 419 557 1826 10729 11043 3286 15418 1843 963 379 256 1491 659
internal_value=-4.58671e-06 0.000343227 -0.000640732 4.94478e-05 -0.000392057 0.000706926 -0.00116247 0.000205125 -0.00100077 0.000215181 -0.00158403 -0.00277093 -0.000570639 -0.000993189
internal_weight=55400 35817 19583 19813 13262 16004 6321 15837 5764 4961 2478 635 3976 2485
internal_count=55400 35817 19583 19813 13262 16004 6321 15837 5764 4961 2478 635 3976 2485
is_linear=0
shrinkage=0.03


Tree=17
num_leaves=15
num_cat=0
split_feature=19 19 24 13 24 24 1 11 23 23 0 22 17 2
split_gain=13.479 3.36869 3.26442 3.20355 2.27131 2.08669 1.50852 1.18889 1.94607 1.22952 1.96987 1.13972 1.12181 1.10592
threshold=0.41277890466531447 0.80384615384615399 0.0088213755014828633 0.80384615384615399 0.0091335284400752854 -0.073152222972232048 0.064270180132214208 -0.53700991567737077 0.54356060606060608 0.9833333333333335 0.083519901093630403 0.31742424242424244 0.14039408866995076 -0.15605240030403691
decision_type=8 10 2 10 2 2 8 10 10 10 2 2 8 8
left_child=3 6 5 4 -1 -3 13 -4 -9 -10 -11 -6 -5 -2
right_child=1 2 7 12 11 -7 -8 8 9 10 -12 -13 -14 -15
leaf_value=0.00043355520670770799 0.00052217806516151213 0.0014842420988168349 -0.0035547628003644613 -0.0024355196031620322 0.0016763543988373205 -0.00051781095375359634 -0.00060637612194212019 -0.00024948065318340217 -0.0019392869438162744 -0.0019999096947272347 0.0013236972308363489 0.00088563590968184934 -0.00015144031805688313 -0.00013405953618460901
leaf_weight=10383 2751 510 219 207 2244 5764 5339 1191 2725 352 295 6101 2973 14458
leaf_count=10383 2751 510 219 207 2244 5764 5339 1191 2725 352 295 6101 2973 14458
internal_value=1.29165e-06 -0.000376161 -0.000805116 0.000580255 0.000729742 -0.000355068 -0.000165831 -0.00139558 -0.00129195 -0.00166015 -0.000484509 0.00109826 -0.000300121 -2.91546e-05
internal_weight=55512 33604 11056 21908 18728 6274 22548 4782 4563 3372 647 8345 3180 17209
internal_count=55512 33604 11056 21908 18728 6274 22548 4782 4563 3372 647 8345 3180 17209
is_linear=0
shrinkage=0.03


Tree=18
num_leaves=15
num_cat=0
split_feature=19 12 12 19 7 23 2 18 7 10 7 21 1 2
split_gain=12.2386 4.14712 2.45357 2.10951 2.04904 2.0462 1.72658 1.35182 1.40648 1.30503 1.30123 1.29401 1.2587 1.23045
threshold=0.45993589743589752 0.83045977011494265 0.77525252525252542 0.80384615384615399 0.12543538474156959 0.9833333333333335 -0.15605240030403691 0.96490147783251246 0.079963889745306466 -0.0011623321428571429 0.050193853837599417 0.60565476190476197 -0.020315280152805811 -0.024990349497833405
decision_type=8 2 2 8 10 10 10 10 10 2 10 2 10 10
left_child=2 3 11 6 9 -6 -2 -5 -9 -3 13 12 -1 -4
right_child=1 4 10 7 5 -7 -8 8 -10 -11 -12 -13 -14 -15
leaf_value=0.00047857230453443312 0.00077769392924671591 0.00092161219363552486 -0.00061970783047245257 -0.00035566510976445465 -0.0026517414398916179 -0.00016457482415147828 -0.00010317430981346958 0.00099503253497285385 -0.0015618411009283518 -0.00085433386000869477 -0.0009332017893891422 0.00035083743736251139 0.0011015287121216399 0.00059935213331075137
leaf_weight=4718 2354 399 1094 6605 1094 409 13418 219 1671 5585 1211 6882 7656 2337
leaf_count=4718 2354 399 1094 6605 1094 409 13418 219 1671 5585 1211 6882 7656 2337
internal_value=1.85339e-05 -0.000367413 0.000531354 -0.000176981 -0.000984646 -0.00197493 2.82969e-05 -0.000558104 -0.00126557 -0.000735918 -8.776e-05 0.000680602 0.000864006 0.000210646
internal_weight=55652 31754 23898 24267 7487 1503 15772 8495 1890 5984 4642 19256 12374 3431
internal_count=55652 31754 23898 24267 7487 1503 15772 8495 1890 5984 4642 19256 12374 3431
is_linear=0
shrinkage=0.03


Tree=19
num_leaves=15
num_cat=0
split_feature=19 7 24 18 17 24 23 13 7 2 10 18 4 2
split_gain=12.2207 3.53752 3.27787 2.60792 2.44699 2.35516 1.61287 1.83826 1.52429 1.34649 1.3359 1.30044 1.33317 1.29092
threshold=0.41277890466531447 0.069745682354090038 -0.010166160670128125 0.36754385964912284 0.9833333333333335 -0.0087330573616335849 0.7231800766283526 0.63245614035087727 0.084710877183666017 -0.28612154065174195 0.00034180000000000001 0.30217391304347835 0.026822310910692652 0.16469550235806199
decision_type=8 8 2 8 10 2 8 10 8 10 2 10 10 10
left_child=5 13 4 -4 9 10 7 -5 -8 -3 -1 12 -7 -2
right_child=1 2 3 6 -6 11 8 -9 -10 -11 -12 -13 -14 -15
leaf_value=0.00035645056484825754 0.00012077966873765072 0.001001209627021697 0.00027592714396202381 -0.00022423071872258035 0.0018416334408476367 0.00075734115823054664 -0.00049718614756762635 -0.0014761832397119743 -0.001686538359048437 -0.00040372938739627237 -0.00065058774830478857 0.00047839199156808593 0.0015521304975426012 -0.00071510451720746993
leaf_weight=6889 13081 688 1458 2995 545 4803 1247 1630 4363 5704 1432 5719 3142 1905
leaf_count=6889 13081 688 1458 2995 545 4803 1247 1630 4363 5704 1432 5719 3142 1905
internal_value=3.10725e-05 -0.000328609 -0.000604625 -0.000911127 -8.79847e-05 0.00058104 -0.00108023 -0.000665459 -0.00142217 -0.000252509 0.000183145 0.000823348 0.00107166 1.45232e-05
internal_weight=55601 33616 18630 11693 6937 21985 10235 4625 5610 6392 8321 13664 7945 14986
internal_count=55601 33616 18630 11693 6937 21985 10235 4625 5610 6392 8321 13664 7945 14986
is_linear=0
shrinkage=0.03


Tree=20
num_leaves=15
num_cat=0
split_feature=18 0 18 21 24 17 10 13 17 9 14 24 10 17
split_gain=9.79158 3.46078 2.74846 2.33511 1.58624 1.43494 1.23444 1.2727 1.73132 1.30319 1.26085 1.25649 1.17228 1.06879
threshold=0.73205128205128212 -0.0079462760506641122 0.37715517241379315 0.89827586206896559 -0.0044276921759288813 0.76794871794871811 -0.0080948214285714269 0.24568965517241384 0.16333333333333336 0.00054955500000000007 0.95916666666666683 -0.023678548691969659 0.00059424500000000008 0.9110671936758894
decision_type=8 2 10 2 2 8 2 8 10 2 8 2 2 10
left_child=2 6 3 4 -1 -4 -2 8 11 -9 13 -8 -3 -10
right_child=1 12 5 -5 -6 -7 7 9 10 -11 -12 -13 -14 -15
leaf_value=0.00027658704948144109 -0.0016926283371191393 -0.00083364430868635515 0.00013144299952178869 -0.00064244955219439797 0.00083415365923882989 -0.00055410618540183631 0.0003929221568124971 -0.00063463001072904207 0.00060434892163489557 0.00065066479811231779 -0.0013052432035400095 -0.0024527237644628146 -0.0016981543229184493 0.0021363193890880129
leaf_weight=7877 439 6973 15104 1463 11012 3359 266 3590 1774 885 245 294 1770 533
leaf_count=7877 439 6973 15104 1463 11012 3359 266 3590 1774 885 245 294 1770 533
internal_value=1.00509e-05 -0.000595735 0.000271765 0.000512209 0.00060164 6.72006e-06 -0.000145919 -5.64226e-05 0.000409513 -0.000380443 0.000740983 -0.00110104 -0.00100866 0.000958289
internal_weight=55584 16769 38815 20352 18889 18463 8026 7587 3112 4475 2552 560 8743 2307
internal_count=55584 16769 38815 20352 18889 18463 8026 7587 3112 4475 2552 560 8743 2307
is_linear=0
shrinkage=0.03


Tree=21
num_leaves=15
num_cat=0
split_feature=19 12 12 24 19 2 6 22 7 23 19 0 21 2
split_gain=11.7729 2.42916 2.38239 2.10243 1.82363 1.69626 2.12037 1.68712 1.6157 1.58904 1.40866 1.44206 1.39224 1.37992
threshold=0.66091954022988519 0.74537037037037046 0.83045977011494265 -0.0071543825285485209 0.45993589743589752 -0.075247098039916291 0.17616446905386554 0.87750000000000006 0.081677713995987986 0.9833333333333335 0.91833333333333345 0.030161184903708008 0.95553359683794481 -0.024990349497833405
decision_type=8 2 2 2 10 10 10 2 10 10 10 2 2 10
left_child=1 3 5 -1 -5 6 -2 13 -7 10 12 -12 -4 -3
right_child=2 7 9 4 -6 8 -8 -9 -10 -11 11 -13 -14 -15
leaf_value=0.0001146853152082758 0.00013757427856947931 -0.00056277514105923033 -0.0012184648213613401 0.00086736223924851899 0.00016669148033353489 -0.0002148159002373139 -0.0023988910838768198 -0.0014450063363745296 -0.00099922754321813681 0.00011589288002141984 -0.00043521070983528875 -0.0029462195741932267 0.0010932873100182225 0.00029521147820643092
leaf_weight=9689 5667 2498 3200 11928 4645 4361 313 783 5159 788 278 793 253 5197
leaf_count=9689 5667 2498 3200 11928 4645 4361 313 783 5159 788 278 793 253 5197
internal_value=-1.4819e-05 0.00032321 -0.000579067 0.000465744 0.000670982 -0.000391164 4.8128e-06 -0.000118311 -0.000639898 -0.00112735 -0.00134391 -0.00229444 -0.00104908 1.66864e-05
internal_weight=55552 34740 20812 26262 16573 15500 5980 8478 9520 5312 4524 1071 3453 7695
internal_count=55552 34740 20812 26262 16573 15500 5980 8478 9520 5312 4524 1071 3453 7695
is_linear=0
shrinkage=0.03


Tree=22
num_leaves=15
num_cat=0
split_feature=19 24 13 19 24 12 1 8 16 18 17 19 14 23
split_gain=9.19066 3.2001 2.39929 1.89199 2.08764 1.82906 2.14691 1.73812 1.72667 1.63135 1.44999 1.43574 1.20792 1.13818
threshold=0.66091954022988519 0.0094614982356625577 0.86515151515151534 0.36754385964912284 0.0091335284400752854 0.63484848484848488 -0.065273008220258819 1.9603534184803146 0.55363984674329514 0.45993589743589752 0.9833333333333335 0.84105263157894739 0.90238095238095251 0.267948717948718
decision_type=8 2 10 10 2 2 8 10 10 8 8 8 10 10
left_child=2 5 3 4 13 6 7 -2 -4 -3 -7 -11 -10 -1
right_child=1 9 8 -5 -6 10 -8 -9 12 11 -12 -13 -14 -15
leaf_value=-0.00021401915392849102 0.00075652205967063045 4.3153810815293709e-05 -0.0011518455299697617 9.8777008799190929e-05 0.00094252505884520556 -0.00094468578389113312 -0.00038168089404380439 -0.0021062423349219824 0.00055095521566909153 -0.00071345342067824806 0.00092686379653660967 -0.0015434894798459975 -0.00078428874548803118 0.00049427490645499663
leaf_weight=2877 3466 1279 1617 12650 7896 3362 4445 202 1760 3868 419 3641 933 7034
leaf_count=2877 3466 1279 1617 12650 7896 3362 4445 202 1760 3868 419 3641 933 7034
internal_value=-1.23318e-05 -0.000513098 0.000285561 0.000379312 0.000578602 -0.000192333 6.16385e-05 0.000598867 -0.000376936 -0.000947234 -0.000737286 -0.00111593 8.83549e-05 0.000288669
internal_weight=55449 20682 34767 30457 17807 11894 8113 3668 4310 8788 3781 7509 2693 9911
internal_count=55449 20682 34767 30457 17807 11894 8113 3668 4310 8788 3781 7509 2693 9911
is_linear=0
shrinkage=0.03


Tree=23
num_leaves=15
num_cat=0
split_feature=19 19 24 7 0 20 21 13 15 15 3 22 1 24
split_gain=8.42891 2.68512 2.45634 2.223 1.9561 1.74576 1.58349 1.22315 1.53347 1.41294 1.14567 1.08311 1.96457 1.51439
threshold=0.68857758620689669 0.11882352941176472 -0.073152222972232048 0.12543538474156959 0.00045286529846588769 0.87750000000000006 0.53137254901960795 0.43095238095238103 0.56594202898550738 0.16333333333333336 -0.12128306672878812 0.83666666666666678 0.052051613178812357 -0.048939990978303545
decision_type=8 10 2 10 2 10 2 10 10 10 10 2 10 2
left_child=1 4 -2 11 6 -3 -1 8 10 -9 -5 13 -13 -4
right_child=2 5 3 7 -6 -7 -8 9 -10 -11 -12 12 -14 -15
leaf_value=0.00099928644843486373 0.0010281923318507325 0.0002565833762453173 0.001201818945549027 -0.00047938013153622745 0.001464506381434407 -0.00046009560057580111 -0.00045265231021890059 -0.0029906221267183815 -0.0014704903858561275 -0.0012170867595021786 0.0015022623981483755 -0.00036127516996066288 -0.0020872479055932367 -0.00031534383078862956
leaf_weight=1464 908 27748 631 1089 2740 3438 1256 514 1154 1894 346 1946 854 9612
leaf_count=1464 908 27748 631 1089 2740 3438 1256 514 1154 1894 346 1946 854 9612
internal_value=1.94049e-05 0.000285025 -0.000494313 -0.000570944 0.000898749 0.000177575 0.000328832 -0.00110898 -0.000656318 -0.00159566 -1.57643e-06 -0.000364815 -0.000887697 -0.000221882
internal_weight=55594 36646 18948 18040 5460 31186 2720 4997 2589 2408 1435 13043 2800 10243
internal_count=55594 36646 18948 18040 5460 31186 2720 4997 2589 2408 1435 13043 2800 10243
is_linear=0
shrinkage=0.03


Tree=24
num_leaves=15
num_cat=0
split_feature=19 0 12 19 0 15 10 15 16 10 4 10 10 20
split_gain=10.0014 2.64543 2.31589 1.99931 1.45753 1.42105 1.49435 1.53161 1.39948 1.40126 1.32801 1.28228 1.37476 1.42555
threshold=0.68090909090909102 0.052249444110582084 0.73508771929824568 0.20761494252873566 -0.010470719073624622 0.067816091954023008 -0.00049092928571428565 0.96490147783251246 0.36181818181818187 0.00034180000000000001 0.0028794449190633347 0.0022109849999999999 -0.0055960871428571432 0.9298029556650248
decision_type=8 2 2 10 2 8 2 10 10 2 10 2 2 10
left_child=2 11 3 4 -1 -3 -7 -8 9 -4 -6 12 -2 -14
right_child=1 5 8 -5 10 6 7 -9 -10 -11 -12 -13 13 -15
leaf_value=0.00024477861541698795 -0.0015001548717668673 -0.0032608918239585929 -0.0003032986156238649 0.00026978104027139627 0.0006845774742906711 0.0001215611502135714 -0.0010276368855354422 -0.0027222846288840925 0.00011358330407004811 -0.0019262613511027034 0.0016171893235539182 -0.001683721347148855 -0.00013486396914628177 -0.0010938635032497989
leaf_weight=2610 833 296 1858 19388 3053 719 2091 623 6486 645 2499 645 12150 1576
leaf_count=2610 833 296 1858 19388 3053 719 2091 623 6486 645 2499 645 12150 1576
internal_value=9.20722e-06 -0.000550401 0.000299173 0.000435599 0.000829483 -0.00126645 -0.00109449 -0.00141664 -0.000118953 -0.000721521 0.00110435 -0.00037478 -0.000316791 -0.000244975
internal_weight=55472 18933 36539 27550 8162 3729 3433 2714 8989 2503 5552 15204 14559 13726
internal_count=55472 18933 36539 27550 8162 3729 3433 2714 8989 2503 5552 15204 14559 13726
is_linear=0
shrinkage=0.03


Tree=25
num_leaves=15
num_cat=0
split_feature=19 19 24 24 24 13 10 17 23 9 22 23 13 4
split_gain=7.75613 2.97254 2.67271 2.09554 1.75693 1.37926 1.37476 1.26565 1.22824 1.44913 1.18889 1.12294 1.10296 1.03568
threshold=0.37715517241379315 0.80384615384615399 0.0091335284400752854 -0.0071543825285485209 -0.073152222972232048 0.63484848484848488 0.00034888214285714296 0.9833333333333335 0.83045977011494265 0.00052017500000000011 0.91833333333333345 0.70185185185185195 0.87750000000000006 0.01861894137270104
decision_type=8 10 2 2 2 10 2 10 8 2 2 10 10 10
left_child=3 -2 4 6 -3 13 -1 -6 9 -4 -11 12 -7 -5
right_child=1 2 8 5 7 11 -8 -9 -10 10 -12 -13 -14 -15
leaf_value=0.00027187251177254967 -7.799905562134772e-05 0.0014170785792919104 -0.00032057819663932821 0.00065897058736950984 -0.00058406680211277545 0.00018158302238067435 -0.00078442841936770939 0.00074119097816734039 -0.0016960011482295119 -0.00098700952307225615 -0.003828119755145425 0.0011396793676296453 -0.0015533014666243138 0.00133682093746876
leaf_weight=6500 24401 512 1829 4980 5103 2497 1337 743 2351 351 213 955 380 3423
leaf_count=6500 24401 512 1829 4980 5103 2497 1337 743 2351 351 213 955 380 3423
internal_value=3.32145e-06 -0.00026316 -0.000670123 0.000474669 -0.000268047 0.000719997 9.16665e-05 -0.000415633 -0.00120899 -0.000730534 -0.00205998 0.000248317 -4.7564e-05 0.000935096
internal_weight=55575 35503 11102 20072 6358 12235 7837 5846 4744 2393 564 3832 2877 8403
internal_count=55575 35503 11102 20072 6358 12235 7837 5846 4744 2393 564 3832 2877 8403
is_linear=0
shrinkage=0.03


Tree=26
num_leaves=15
num_cat=0
split_feature=19 12 13 24 19 24 19 0 8 22 16 7 23 9
split_gain=8.37969 2.72428 2.3185 2.31673 2.25408 2.05701 1.96622 2.08344 1.37359 1.28159 1.31813 1.30223 1.2066 1.00348
threshold=0.66091954022988519 0.64142857142857157 0.80384615384615399 0.0099072713201788769 0.84807692307692317 -0.085026221903339319 0.39009661835748799 -0.022674781157812792 0.53990059642925048 0.40370370370370373 0.95916666666666683 0.069005680037244513 0.70185185185185195 0.00054955500000000007
decision_type=8 2 10 2 10 2 10 2 10 2 8 8 10 2
left_child=2 3 6 -2 -5 -4 7 -1 -6 10 -3 -11 -7 -14
right_child=1 9 5 4 8 12 -8 -9 -10 11 -12 -13 13 -15
leaf_value=-2.120121847996532e-05 7.5808331175225349e-05 -0.00085031851066568961 -0.003148593496465864 -0.00016733178286079613 -0.00054926536875782208 -0.00057756715169827652 7.5130878804595996e-05 0.00075644391295340014 -0.0020969854382836819 -0.00036152190864324567 0.00049831145022597009 -0.0015611145189191901 8.8390675614659811e-05 0.0019238119206481401
leaf_weight=4043 8225 2488 219 2642 862 3000 11952 13304 1286 1073 884 3380 1983 310
leaf_count=4043 8225 2488 219 2642 862 3000 11952 13304 1286 1073 884 3380 1983 310
internal_value=-1.98187e-05 -0.000495601 0.000265014 -0.000229639 -0.00075413 -0.000299453 0.000371206 0.000575201 -0.00147588 -0.000937964 -0.000496763 -0.00127206 -0.000181568 0.000336529
internal_weight=55651 20840 34811 13015 4790 5512 29299 17347 2148 7825 3372 4453 5293 2293
internal_count=55651 20840 34811 13015 4790 5512 29299 17347 2148 7825 3372 4453 5293 2293
is_linear=0
shrinkage=0.03


Tree=27
num_leaves=15
num_cat=0
split_feature=19 19 2 12 24 19 24 1 24 22 22 11 24 3
split_gain=7.69293 2.27813 1.79197 1.72166 1.72017 1.92932 1.44724 1.29543 1.19677 1.16556 1.12128 1.38065 1.17491 1.03132
threshold=0.58477011494252884 0.11882352941176472 -0.043956177780539389 0.80384615384615399 -0.06926182849830137 0.86515151515151534 0.0072931835237738099 -0.17229993774533239 0.015972310509320919 0.91833333333333345 0.31742424242424244 0.42507944925139468 -0.0065605425902580498 -0.17829029368337165
decision_type=8 10 10 2 2 8 2 10 2 2 2 8 2 10
left_child=1 2 8 10 7 13 -7 -2 -1 -8 -3 12 -12 -6
right_child=4 3 -4 -5 5 6 9 -9 -10 -11 11 -13 -14 -15
leaf_value=-0.00067367092716529454 0.0019439198888721876 0.00069037126847424886 0.0011801941494606059 -0.00036287040294576513 0.00031092981656648185 -0.00042873345097679577 -0.00095348856919474315 -1.6827841518840685e-05 0.0013272919098473101 -0.0022291164347130578 -8.3815633286278679e-05 -0.0015359436459017588 0.00044133151942289331 -0.00035156154701305607
leaf_weight=927 460 5271 4177 4068 2605 4811 3585 890 379 786 6389 408 9589 11239
leaf_count=927 460 5271 4177 4068 2605 4811 3585 890 379 786 6389 408 9589 11239
internal_value=9.81931e-06 0.000321737 0.000876933 0.000203403 -0.000389522 -0.000450543 -0.000787735 0.000651279 -9.29934e-05 -0.00118287 0.000309771 0.000187341 0.000231345 -0.000226902
internal_weight=55584 31208 5483 25725 24376 23026 9182 1350 1306 4371 21657 16386 15978 13844
internal_count=55584 31208 5483 25725 24376 23026 9182 1350 1306 4371 21657 16386 15978 13844
is_linear=0
shrinkage=0.03


Tree=28
num_leaves=15
num_cat=0
split_feature=18 0 19 24 10 6 24 9 21 11 24 5 13 19
split_gain=6.81665 2.46883 2.4027 2.50495 1.43443 1.28692 1.15948 1.15584 1.11635 1.09395 0.989779 1.01165 0.975835 1.02803
threshold=0.73205128205128212 -0.0079462760506641122 0.36181818181818187 -0.0087330573616335849 0.00059424500000000008 0.15899906760943247 -0.073152222972232048 0.00081850000000000011 0.4701754385964913 0.15385717978992233 -0.06926182849830137 -0.10928544146350615 0.9833333333333335 0.9110671936758894
decision_type=8 2 8 2 2 10 2 2 2 10 2 8 10 10
left_child=2 5 3 6 -3 7 -1 10 -5 -9 11 -2 13 -6
right_child=1 4 -4 8 12 -7 -8 9 -10 -11 -12 -13 -14 -15
leaf_value=-0.0010610999694840276 -0.00039762084379139608 -0.00067813850034774891 -1.2268530942610278e-05 0.0010602882833539511 -0.0015079428367353843 -0.0011053730427139532 0.00015129984866876192 -0.00050019126668896365 0.0004580521293003781 0.001800789919081389 -0.00026463207753130499 0.0020114870513446769 0.00010823335158867669 -0.0034003943807580993
leaf_weight=805 274 6969 20879 5182 1129 1073 6011 276 5952 570 5444 367 244 335
leaf_count=805 274 6969 20879 5182 1129 1073 6011 276 5952 570 5444 367 244 335
internal_value=-1.13553e-05 -0.000518566 0.000206543 0.00046106 -0.000869095 -0.000138563 8.11002e-06 1.11107e-05 0.000738346 0.00105012 -0.000133343 0.000981697 -0.00164824 -0.00194098
internal_weight=55510 16681 38829 17950 8677 8004 6816 6931 11134 846 6085 641 1708 1464
internal_count=55510 16681 38829 17950 8677 8004 6816 6931 11134 846 6085 641 1708 1464
is_linear=0
shrinkage=0.03


Tree=29
num_leaves=15
num_cat=0
split_feature=19 24 0 7 8 10 9 21 23 14 16 4 11 0
split_gain=7.46032 2.47155 1.7289 1.52176 1.43541 1.32184 1.56456 1.2488 1.10594 1.73886 1.45491 1.06586 1.05666 1.04817
threshold=0.58957219251336912 0.0088213755014828633 0.0023434979776708613 0.095471912776937326 1.9603534184803146 -0.00049092928571428565 -0.00024616499999999996 0.85092592592592597 0.9833333333333335 0.76568627450980398 0.81101190476190488 -0.01039675287433278 -0.38876156527091099 0.13572310909403831
decision_type=8 2 2 10 10 2 2 2 8 10 10 10 10 2
left_child=1 7 5 -4 11 6 -2 -1 9 10 12 -3 -5 -10
right_child=2 4 3 8 -6 -7 -8 -9 13 -11 -12 -13 -14 -15
leaf_value=0.00016838123652539728 -0.00031009928002944233 0.00041704543345086684 -0.00038754585780994926 -0.0017896131960263187 -0.00073169050844158626 -8.5000861267641152e-06 -0.0019925439704963723 -0.00069424692724149651 -0.00098177127988628536 -0.0022344245695077791 -0.0017327026285258867 0.00096257609086650359 0.00032906236531726768 0.0013842100145964754
leaf_weight=15984 1803 6314 6951 273 667 10948 687 1668 421 1244 906 6585 946 281
leaf_count=15984 1803 6314 6951 273 667 10948 687 1668 421 1244 906 6585 946 281
internal_value=1.34917e-05 0.000320877 -0.000378821 -0.000657314 0.000625369 -0.000150398 -0.000774292 8.68684e-05 -0.00111793 -0.00134364 -0.000822165 0.000695541 -0.000145424 -3.47047e-05
internal_weight=55678 31218 24460 11022 13566 13438 2490 17652 4071 3369 2125 12899 1219 702
internal_count=55678 31218 24460 11022 13566 13438 2490 17652 4071 3369 2125 12899 1219 702
is_linear=0
shrinkage=0.03


Tree=30
num_leaves=15
num_cat=0
split_feature=19 24 7 24 23 1 7 4 24 17 24 20 1 7
split_gain=6.77919 1.96898 1.92893 1.62567 1.69603 1.55305 1.98461 1.39454 1.20737 1.18077 1.13779 1.19853 1.13241 1.12421
threshold=0.45993589743589752 0.014055117647852762 0.069745682354090038 -0.0065605425902580498 0.84105263157894739 0.010515356119659371 0.17777170216239505 1.8767198215073875 0.0094614982356625577 0.10172413793103451 0.086490701853496957 0.93218390804597717 0.13856313353363617 0.084710877183666017
decision_type=8 2 8 2 10 10 10 10 2 10 2 10 10 10
left_child=1 9 -2 -4 5 -5 10 13 -9 -1 11 -7 -10 -6
right_child=2 -3 3 4 7 6 -8 8 12 -11 -12 -13 -14 -15
leaf_value=-0.00070206859356094326 -1.5028892198064087e-05 0.0007247954307015213 -0.00014830157605383315 -4.2537616865099646e-05 -0.00059635941205832222 -0.0010872981309588429 -0.0037573738726608169 0.0015030908873545905 -0.001981366420186443 0.00024637826353363947 0.0010485208561562904 0.0011231002028143848 0.00031506596554485756 -0.0019816738604880057
leaf_weight=1294 13173 9065 7479 3858 723 2756 208 251 407 13571 293 240 368 1947
leaf_count=1294 13173 9065 7479 3858 723 2756 208 251 407 13571 293 240 368 1947
internal_value=-4.85125e-06 0.000376322 -0.000292568 -0.000489871 -0.000721035 -0.000457577 -0.000915461 -0.00124531 -0.000305259 0.000163816 -0.000735735 -0.00091023 -0.000890931 -0.00160655
internal_weight=55633 23930 31703 18530 11051 7355 3497 3696 1026 14865 3289 2996 775 2670
internal_count=55633 23930 31703 18530 11051 7355 3497 3696 1026 14865 3289 2996 775 2670
is_linear=0
shrinkage=0.03


Tree=31
num_leaves=15
num_cat=0
split_feature=18 12 13 7 24 16 21 7 4 22 24 3 3 13
split_gain=5.37388 2.81112 2.23412 1.67199 2.48241 1.78012 1.45549 1.39607 2.00535 1.27453 1.09152 1.11524 1.1841 1.07724
threshold=0.39642857142857152 0.83045977011494265 0.36181818181818187 0.072663479234089723 0.0091335284400752854 0.80384615384615399 0.89827586206896559 0.12543538474156959 2.0582441697857234 0.89087301587301593 0.053699821024088899 -0.24028246159536196 -0.02328013648557797 0.1731634182908546
decision_type=10 2 10 8 2 8 2 8 8 2 2 10 10 10
left_child=6 3 -3 10 13 -6 -1 9 -9 -4 11 -2 -13 -5
right_child=1 2 7 4 5 -7 -8 8 -10 -11 -12 12 -14 -15
leaf_value=0.00047243887100824669 0.00096533619409424622 -0.0020487331102035651 -0.00015987460726880472 0.00052495678647037345 -0.00039555772725888711 -0.0016082991118499443 -0.00051144377409255036 -0.0023117789947662668 0.00029250482359348829 -0.0014335812905290582 0.0010301296791098043 -0.00034018008066183966 0.00023696197014283474 -0.00026133334697879919
leaf_weight=18996 1154 966 5296 2479 2729 1813 1457 803 398 816 1155 5550 7554 4268
leaf_count=18996 1154 966 5296 2479 2729 1813 1457 803 398 816 1155 5550 7554 4268
internal_value=1.60595e-05 -0.000209801 -0.000692779 -6.00523e-05 -0.000337437 -0.00087964 0.000402351 -0.000513666 -0.00144874 -0.000329924 0.000143114 7.12589e-05 -7.47777e-06 2.75674e-05
internal_weight=55434 34981 8279 26702 11289 4542 20453 7313 1201 6112 15413 14258 13104 6747
internal_count=55434 34981 8279 26702 11289 4542 20453 7313 1201 6112 15413 14258 13104 6747
is_linear=0
shrinkage=0.03


Tree=32
num_leaves=15
num_cat=0
split_feature=7 19 2 24 19 17 20 23 18 24 16 16 3 20
split_gain=6.16086 1.92953 1.77617 1.51562 1.81779 1.52845 1.50588 1.4476 1.79427 1.39744 1.21947 1.21497 1.18242 1.18048
threshold=0.069005680037244513 0.11324786324786326 -0.043956177780539389 -0.010166160670128125 0.4491379310344828 0.9833333333333335 0.88117647058823534 0.84105263157894739 0.95916666666666683 0.015972310509320919 0.69098143236074283 0.067816091954023008 -0.014766088761757499 0.9298029556650248
decision_type=8 10 10 2 8 10 10 10 10 2 8 10 10 10
left_child=1 2 9 5 -5 13 12 8 11 -1 -10 -6 -3 -2
right_child=3 6 -4 4 7 -7 -8 -9 10 -11 -12 -13 -14 -15
leaf_value=-0.00085688642263421664 -5.8315904646877902e-05 2.3421482315965492e-05 0.0010603845831135572 0.00076655066692924345 -0.0014087201790415973 0.0014128145388275068 -0.00045483386503330364 -0.0011894462956798812 -0.0027945108697779021 0.0013342775697573808 -0.00025841705928227504 -0.00019191140132585494 0.00042278810644162207 -0.0012394112192439556
leaf_weight=903 6113 13596 4143 795 837 568 3356 3885 476 369 266 6277 13102 870
leaf_count=903 6113 13596 4143 795 837 568 3356 3885 476 369 266 6277 13102 870
internal_value=2.98816e-07 0.000238043 0.000759327 -0.000419502 -0.000621749 -8.37365e-05 0.00014412 -0.000715753 -0.000481499 -0.000221242 -0.00188535 -0.000335075 0.00021941 -0.000205467
internal_weight=55556 35469 5415 20087 12536 7551 30054 11741 7856 1272 742 7114 26698 6983
internal_count=55556 35469 5415 20087 12536 7551 30054 11741 7856 1272 742 7114 26698 6983
is_linear=0
shrinkage=0.03


Tree=33
num_leaves=15
num_cat=0
split_feature=19 22 24 15 10 22 18 0 23 24 23 19 10 22
split_gain=6.29206 2.12604 1.67969 1.34469 1.68034 1.43003 1.39203 1.32384 2.06956 1.29151 1.24584 1.18445 1.09136 1.08736
threshold=0.58957219251336912 0.40370370370370373 -0.06926182849830137 0.95916666666666683 -0.00046000357142857157 0.83045977011494265 0.95916666666666683 0.054888637430577598 0.12250000000000001 -0.0008233897907421109 0.9833333333333335 0.11882352941176472 0.00096065857142857154 0.86811594202898557
decision_type=8 2 2 10 2 2 8 2 10 2 8 10 2 2
left_child=1 11 -2 4 6 9 -4 -6 -9 -5 -11 -1 -10 -3
right_child=2 13 3 5 7 -7 -8 8 12 10 -12 -13 -14 -15
leaf_value=0.0011948203805987583 0.00067203148517201369 0.00017820445812765314 -0.00067626291343476951 0.00021461068126361763 -9.2071145488316076e-05 -0.0021642578036514849 -0.0023261465821214902 -0.0030168805513767979 -0.00021027429493731167 -0.0020640128319922122 -0.00021821569937111978 0.00044693918307637495 -0.0017839949394139159 -0.00046858449795322864
leaf_weight=2384 1336 16565 2627 933 13922 735 558 334 2099 738 594 9503 489 2724
leaf_count=2384 1336 16565 2627 933 13922 735 558 334 2099 738 594 9503 489 2724
internal_value=-9.36282e-07 0.000281346 -0.000362128 -0.000422124 -0.000333403 -0.00101445 -0.000965316 -0.000213915 -0.000794448 -0.000641338 -0.00124089 0.000596931 -0.000507627 8.68647e-05
internal_weight=55541 31176 24365 23029 20029 3000 3185 16844 2922 2265 1332 11887 2588 19289
internal_count=55541 31176 24365 23029 20029 3000 3185 16844 2922 2265 1332 11887 2588 19289
is_linear=0
shrinkage=0.03


Tree=34
num_leaves=15
num_cat=0
split_feature=18 13 0 17 17 19 15 9 5 21 8 2 9 1
split_gain=5.41262 2.41796 2.37751 2.07172 2.04933 1.52887 1.28742 1.15837 1.48688 1.33465 1.26894 1.07616 1.03241 1.72009
threshold=0.73205128205128212 0.80384615384615399 -0.022674781157812792 0.10172413793103451 0.79655172413793118 0.79655172413793118 0.22474747474747478 0.00058050000000000018 1.0435823739815031 0.86515151515151534 1.085891405108472 -0.09679034591183687 -0.0052569099999999992 -0.21871261592604371
decision_type=10 10 2 10 8 10 10 2 10 2 10 8 2 10
left_child=1 4 7 -3 -1 6 11 9 10 12 -9 -6 -2 -14
right_child=2 3 -4 -5 5 -7 -8 8 -10 -11 -12 -13 13 -15
leaf_value=0.00039623188601387575 -0.0016108230791490421 -0.0028418006430769157 -0.00072158702735203458 -0.00024188621294840551 0.00041623088873974566 -0.0010862352606904348 0.00038347894771559787 -0.0016762127878906373 0.0019709871373035843 -0.00136884024612023 0.0010402205649031309 -0.0023108315394223078 0.002232361669477898 -3.5683623232295595e-05
leaf_weight=29306 327 292 10142 4984 216 1468 2481 275 567 729 354 328 326 3916
leaf_count=29306 327 292 10142 4984 216 1468 2481 275 567 729 354 328 326 3916
internal_value=1.85827e-05 0.000211526 -0.000434607 -0.000385778 0.000304765 -0.000291838 9.36742e-05 1.35846e-05 0.000856881 -0.000176786 -0.000147409 -0.00122803 1.34107e-05 0.000138617
internal_weight=55711 39075 16636 5276 33799 4493 3025 6494 1196 5298 629 544 4569 4242
internal_count=55711 39075 16636 5276 33799 4493 3025 6494 1196 5298 629 544 4569 4242
is_linear=0
shrinkage=0.03


Tree=35
num_leaves=15
num_cat=0
split_feature=19 1 10 12 5 3 1 12 12 15 21 24 1 14
split_gain=5.4428 2.03005 1.64738 1.55455 1.52906 1.45079 1.29823 1.22547 1.2708 1.17846 1.17015 1.15827 1.11191 1.08659
threshold=0.58957219251336912 0.010515356119659371 -0.00031439857142857131 0.83666666666666678 1.2993118361033511 -0.37315579491795653 -0.0041352873995370567 0.66091954022988519 0.10172413793103451 0.03509852216748769 0.36754385964912284 -0.025538169873805919 -0.021038823543670811 0.033908045977011504
decision_type=8 10 2 2 10 8 8 2 2 8 2 2 10 8
left_child=3 2 6 12 -5 -4 11 8 -7 -3 -10 -2 -1 -13
right_child=1 9 5 4 -6 7 -8 -9 10 -11 -12 13 -14 -15
leaf_value=8.1380250833387627e-05 2.5955972007470079e-05 -0.0023269700635359051 0.001457188739009683 -0.0004538694928086361 0.0021954952747277592 -0.00053428952488233526 0.0013535396162876669 -0.0005921715159941187 0.0010941083626354734 -0.00061157954215507247 0.00012446234225160172 -0.0029462359177618806 0.00047665072037198397 -0.0010130620058951369
leaf_weight=10367 815 374 623 3709 207 1829 245 2635 1501 9940 4414 311 16760 1650
leaf_count=10367 815 374 623 3709 207 1829 245 2635 1501 9940 4414 311 16760 1650
internal_value=-1.84033e-05 -0.000354299 -0.000119317 0.000244931 -0.000313824 5.10702e-05 -0.000739841 -3.33321e-05 0.00015682 -0.000673782 0.000370521 -0.000924596 0.000325592 -0.00131965
internal_weight=55380 24337 14023 31043 3916 11002 3021 10379 7744 10314 5915 2776 27127 1961
internal_count=55380 24337 14023 31043 3916 11002 3021 10379 7744 10314 5915 2776 27127 1961
is_linear=0
shrinkage=0.03


Tree=36
num_leaves=15
num_cat=0
split_feature=18 19 2 12 12 16 6 1 1 11 17 24 3 3
split_gain=4.74797 1.71175 2.1957 1.58419 1.49352 1.43538 1.30195 1.24617 1.28685 1.32575 1.19061 1.15845 1.12706 1.03777
threshold=0.73205128205128212 0.11882352941176472 -0.042746678771434336 0.80384615384615399 0.69782608695652182 0.12771739130434787 0.21431208850416775 0.294704498510935 -0.064126519937622181 0.57332986430852073 0.44222222222222224 0.014728629346297822 1.0758361365422437 0.36000709803018122
decision_type=8 8 10 2 2 10 10 8 10 8 8 2 10 10
left_child=1 2 11 5 6 -3 7 8 9 -2 -7 -1 -10 -5
right_child=4 3 -4 13 -6 10 -8 -9 12 -11 -12 -13 -14 -15
leaf_value=-0.00098536315235382872 6.8412627610668075e-05 -0.00044875362734374811 0.0010029116943659796 -0.00052745798030803392 -0.00078956037950432903 0.0004626089102461322 -0.0015185321641412559 0.0021171230063709899 -0.00036708036028465648 0.0018845913149026499 5.0755681479227851e-05 0.00098149099736245284 -0.0026162038499023764 0.0010129316224334868
leaf_weight=921 3130 2944 4134 4653 6502 12305 639 219 5578 409 12982 381 208 430
leaf_count=921 3130 2944 4134 4653 6502 12305 639 219 5578 409 12982 381 208 430
internal_value=-1.12435e-05 0.000170941 0.000664545 9.03969e-05 -0.000434356 0.000178179 -0.000207553 -0.000119778 -0.000172313 0.000278307 0.000251169 -0.000409809 -0.000447934 -0.000397148
internal_weight=55435 38750 5436 33314 16685 28231 10183 9544 9325 3539 25287 1302 5786 5083
internal_count=55435 38750 5436 33314 16685 28231 10183 9544 9325 3539 25287 1302 5786 5083
is_linear=0
shrinkage=0.03


Tree=37
num_leaves=15
num_cat=0
split_feature=7 13 12 22 19 2 12 16 22 2 13 7 22 8
split_gain=4.60207 2.00704 1.40593 1.344 1.31396 1.4765 1.10242 1.52188 1.13357 1.08577 1.68897 1.25711 1.16015 1.15001
threshold=0.069745682354090038 0.96225071225071235 0.72570532915360519 0.59629629629629644 0.11882352941176472 -0.043956177780539389 0.83666666666666678 0.79238505747126442 0.87750000000000006 -0.12688791126029667 0.63484848484848488 0.1517770679669905 0.76568627450980398 1.459441987819295
decision_type=8 10 2 2 10 10 2 10 2 10 8 10 2 8
left_child=1 4 9 -4 5 -1 -6 8 -8 10 13 12 -11 -2
right_child=2 -3 3 -5 6 -7 7 -9 -10 11 -12 -13 -14 -15
leaf_value=-0.00023189318407444755 0.0005889948941968868 -0.00095711292881228965 -0.00036908229609162085 -0.0012488674368783446 0.00022076200296655015 0.00095191277649677266 -0.00044784545494828553 0.0009017158192711316 -0.0023672063380833536 -1.1147282753066807e-05 -0.001494012680119543 -0.001252640002666667 -0.00080015636544305201 -0.0013732297351399482
leaf_weight=1245 3256 1328 3606 2758 25805 3978 2464 700 312 5635 466 1297 2388 293
leaf_count=1245 3256 1328 3606 2758 25805 3978 2464 700 312 5635 466 1297 2388 293
internal_value=-1.51535e-05 0.000187343 -0.000383489 -0.000750359 0.000231391 0.00066973 0.000153202 -0.000348348 -0.000663566 -0.000208404 0.000204035 -0.00038608 -0.000245991 0.000426997
internal_weight=55531 35832 19699 6364 34504 5223 29281 3476 2776 13335 4015 9320 8023 3549
internal_count=55531 35832 19699 6364 34504 5223 29281 3476 2776 13335 4015 9320 8023 3549
is_linear=0
shrinkage=0.03


Tree=38
num_leaves=15
num_cat=0
split_feature=19 7 0 24 22 22 10 20 6 11 23 8 14 5
split_gain=3.69487 1.82241 1.61798 1.55613 1.536 1.25848 1.42251 1.16182 1.04742 1.03084 1.57043 0.983246 0.907168 0.790212
threshold=0.28285714285714292 0.12543538474156959 -0.09034253035104077 0.018542922170248752 0.89827586206896559 0.85960591133004927 0.0002436864285714286 0.56385869565217395 0.07481023674080034 -0.53700991567737077 0.50862068965517249 1.1796747530931431 0.20344827586206901 1.1093406672038826
decision_type=8 10 2 2 2 2 2 10 10 10 10 8 10 10
left_child=3 5 7 4 -1 -2 8 -3 -7 -4 -11 -8 -5 -12
right_child=1 2 9 12 -6 6 11 -9 -10 10 13 -13 -14 -15
leaf_value=0.00029455774982877197 1.2303639952296907e-05 0.0016774303972649565 -0.002420589031737802 -0.00023915721216849532 -0.0012021248608780463 0.00088069219766440663 -0.00042623039510403233 -0.00055285390928833632 -0.0012259344747807416 0.00044897871278900821 -0.0015315974731578365 -0.0013766595750539139 0.0010100742638975437 -0.00061168773761975583
leaf_weight=9104 29471 415 362 598 662 996 3407 426 270 794 1552 1375 4181 1833
leaf_count=9104 29471 415 362 598 662 996 3407 426 270 794 1552 1375 4181 1833
internal_value=-5.00735e-07 -0.000146542 -0.000660983 0.000410172 0.000193103 -6.85916e-05 -0.000462782 0.000547703 0.000431412 -0.000884833 -0.0007518 -0.000699514 0.000853757 -0.00103346
internal_weight=55446 40901 5382 14545 9766 35519 6048 841 1266 4541 4179 4782 4779 3385
internal_count=55446 40901 5382 14545 9766 35519 6048 841 1266 4541 4179 4782 4779 3385
is_linear=0
shrinkage=0.03


Tree=39
num_leaves=15
num_cat=0
split_feature=18 19 24 21 24 6 4 0 23 18 10 1 24 15
split_gain=4.30897 1.50867 2.60993 1.3427 1.27134 1.10074 1.21534 1.41401 1.08519 1.06591 0.971651 1.07255 0.970033 0.944211
threshold=0.33908045977011497 0.80384615384615399 -0.073152222972232048 0.89087301587301593 0.0091335284400752854 0.30320176025903683 3.4624121568061961 0.052249444110582084 0.9110671936758894 0.89827586206896559 0.00041275571428571407 0.17667991308158673 -0.054905420437195741 0.89827586206896559
decision_type=10 8 2 2 2 10 10 2 10 10 2 10 2 10
left_child=3 -2 9 12 5 6 7 -4 -9 -3 -6 13 -1 -12
right_child=1 2 4 -5 10 -7 -8 8 -10 -11 11 -13 -14 -15
leaf_value=-0.00027760697342130072 -6.0371728247225173e-05 0.0029049968417570161 -0.00013746713608333113 -0.00054974595190097507 -0.00067972242321882718 -0.0023180495860465845 0.0019107291709162565 -0.0034972125414144783 -0.00051526892166107129 7.3424894887376841e-05 -0.0014985189192819066 4.6735455928398157e-05 0.00052035705424394608 -0.0034786920934909474
leaf_weight=1503 26493 273 4649 1300 3268 229 236 207 234 213 737 268 15621 307
leaf_count=1503 26493 273 4649 1300 3268 229 236 207 234 213 737 268 15621 307
internal_value=4.70315e-06 -0.000181478 -0.000483566 0.000379754 -0.000586547 -0.000281455 -0.000193888 -0.00029147 -0.00191496 0.001664 -0.000956588 -0.00164622 0.000450319 -0.00208081
internal_weight=55538 37114 10621 18424 10135 5555 5326 5090 441 486 4580 1312 17124 1044
internal_count=55538 37114 10621 18424 10135 5555 5326 5090 441 486 4580 1312 17124 1044
is_linear=0
shrinkage=0.03


Tree=40
num_leaves=15
num_cat=0
split_feature=19 24 7 23 13 16 10 21 16 24 10 20 3 13
split_gain=3.88478 1.74535 1.49037 1.59454 1.46343 1.45491 1.49543 1.39357 1.28076 1.20505 1.48373 1.18941 1.4027 1.11338
threshold=0.39009661835748799 -0.027942599670798155 0.069745682354090038 0.70185185185185195 0.80384615384615399 0.14039408866995076 0.0014282207142857144 0.86515151515151534 0.63245614035087727 -0.012199455992371619 0.0006117521428571428 0.90238095238095251 -0.37315579491795653 0.16954022988505749
decision_type=8 2 8 10 10 10 2 2 10 2 2 8 10 10
left_child=1 7 -2 5 -3 6 11 -1 -5 10 13 12 -4 -10
right_child=2 4 3 8 -6 -7 -8 -9 9 -11 -12 -13 -14 -15
leaf_value=-3.9919572477822256e-05 2.0697115617188947e-05 0.00058428648916331147 0.0012642173898286539 -0.0024769548163887456 -0.00028275687280950696 0.00010582721965558268 -0.0028071400126740945 -0.0019667273567347612 0.00064622773353911029 -0.0008444144003902427 0.0013158364174717277 -0.0022730349161006369 -0.00063436737435780804 -0.00082706140917557171
leaf_weight=3885 16390 14030 449 337 2002 7355 276 370 637 5676 547 289 1592 1677
leaf_count=3885 16390 14030 449 337 2002 7355 276 370 637 5676 547 289 1592 1677
internal_value=1.96551e-06 0.00033266 -0.00018849 -0.000370523 0.000476014 -0.000109989 -0.000719093 -0.000207468 -0.000662971 -0.000591363 -8.93297e-05 -0.000471754 -0.000216697 -0.000421493
internal_weight=55512 20287 35225 18835 16032 9961 2606 4255 8874 8537 2861 2330 2041 2314
internal_count=55512 20287 35225 18835 16032 9961 2606 4255 8874 8537 2861 2330 2041 2314
is_linear=0
shrinkage=0.03


Tree=41
num_leaves=15
num_cat=0
split_feature=18 13 0 16 7 7 23 6 10 22 10 17 15 9
split_gain=4.51062 2.0725 1.90347 1.61449 1.49438 1.28296 1.22043 1.34827 1.21801 1.42393 1.47349 1.67402 1.27375 1.18093
threshold=0.73205128205128212 0.80384615384615399 -0.030111470417075011 0.12771739130434787 0.051965814522451047 0.087432857738110173 0.9833333333333335 0.11465522448906988 -0.0080948214285714269 0.83045977011494265 0.000669992142857143 0.9833333333333335 0.33908045977011497 0.00072498500000000015
decision_type=10 10 2 8 8 8 10 10 2 2 2 10 8 2
left_child=1 4 8 -3 -1 -4 -7 -8 -2 10 11 -10 -11 -14
right_child=2 3 5 -5 -6 6 7 -9 9 12 -12 -13 13 -15
leaf_value=0.00046707303902804483 -0.0016038635717159969 -0.0029311998650165543 -0.00034567586486907863 -0.00024672833989453026 6.4395519151319125e-05 -0.001238629883406525 -0.0018039470163092343 0.00082857600934417444 7.1847845726368919e-05 0.00046265590891737156 0.0020350044903404705 0.0027524638390789427 -0.0019219649558119441 0.00039867261746390296
leaf_weight=18474 376 210 6149 5060 15053 3757 251 579 3077 632 479 225 699 275
leaf_count=18474 376 210 6149 5060 15053 3757 251 579 3077 632 479 225 699 275
internal_value=2.26525e-05 0.000199347 -0.00039284 -0.0003537 0.000286278 -0.000628925 -0.00100863 3.24757e-05 4.69677e-05 0.000162192 0.000480071 0.000254506 -0.000586189 -0.00126675
internal_weight=55296 38797 16499 5270 33527 10736 4587 830 5763 5387 3781 3302 1606 974
internal_count=55296 38797 16499 5270 33527 10736 4587 830 5763 5387 3781 3302 1606 974
is_linear=0
shrinkage=0.03


Tree=42
num_leaves=15
num_cat=0
split_feature=7 13 3 0 19 22 19 2 10 24 3 8 3 3
split_gain=3.65552 1.92733 1.41862 1.38397 1.50915 1.26906 1.15319 1.26822 1.05738 1.18769 1.60872 1.05684 1.02461 1.48406
threshold=0.069005680037244513 0.89087301587301593 -0.049286421166059795 -0.058753827714895006 0.80384615384615399 0.90238095238095251 0.11882352941176472 0.0022222024694869007 0.00090013928571428578 0.025011684102786376 0.18635136783550446 0.71660332378635461 -0.35640993123397452 0.13328637162944315
decision_type=8 10 10 2 8 2 10 10 2 2 10 10 10 10
left_child=1 6 -3 12 -5 -4 7 -1 -8 -10 -11 -6 -2 -14
right_child=3 2 5 4 11 -7 8 -9 9 10 -12 -13 13 -15
leaf_value=0.00021633187847437267 0.0012928846059451419 -0.0016790293626820535 1.4843255768173749e-05 -0.00014360461332900282 -0.00043564139615130757 -0.0023457707931609163 0.0002409941989690755 0.0011800331124136815 -0.00092690046127071708 0.0015114428962480688 -0.001239657447069093 -0.0011229577645139649 -0.00050657288948986268 0.00076201315823971785
leaf_weight=2539 621 711 2534 7694 4735 223 24861 2382 1509 516 304 3503 2202 1332
leaf_count=2539 621 711 2534 7694 4735 223 24861 2382 1509 516 304 3503 2202 1332
internal_value=4.98629e-06 0.000187654 -0.000484223 -0.000318563 -0.00044573 -0.000176095 0.000260217 0.000682809 0.000183733 -0.000427499 0.000491523 -0.000727905 0.000169052 -2.84301e-05
internal_weight=55666 35579 3468 20087 15932 2757 32111 4921 27190 2329 820 8238 4155 3534
internal_count=55666 35579 3468 20087 15932 2757 32111 4921 27190 2329 820 8238 4155 3534
is_linear=0
shrinkage=0.03


Tree=43
num_leaves=15
num_cat=0
split_feature=7 22 19 2 12 10 22 12 13 23 9 24 3 14
split_gain=4.4731 1.52214 1.56109 1.78707 1.44081 1.6049 1.49968 1.11828 1.12653 1.2012 1.11441 1.2002 1.06897 1.48127
threshold=0.069005680037244513 0.86811594202898557 0.11882352941176472 -0.042746678771434336 0.63484848484848488 -0.00049092928571428565 0.56904761904761914 0.10172413793103451 0.86515151515151534 0.70185185185185195 -6.4634999999999994e-05 -0.044282065014577161 0.39961503346972577 0.90238095238095251
decision_type=8 2 10 10 2 2 2 2 10 8 2 2 10 8
left_child=1 2 3 -1 5 -2 12 -4 -9 -10 11 -7 13 -6
right_child=4 -3 7 -5 6 10 -8 8 9 -11 -12 -13 -14 -15
leaf_value=-0.00028304354922372766 -0.00086957561800142795 -0.00041126638441812442 -0.00064082330844549039 0.0010530689198130628 -0.00033997864872077643 0.0026109369541029623 -0.0011771668438463423 0.00028048892292475812 -0.00088808394143511673 0.00025324497564837753 -0.00013772350441693674 0.00034875345674924838 0.00043823882430960612 -0.0021661020218661053
leaf_weight=1182 2455 3511 1494 3789 2553 262 3361 22253 1644 1676 8819 1086 1181 474
leaf_count=1182 2455 3511 1494 3789 2553 262 3361 22253 1644 1676 8819 1086 1181 474
internal_value=-2.08083e-05 0.00018173 0.000246716 0.000735369 -0.000377405 -0.000181158 -0.000704663 0.000156972 0.00020358 -0.000311919 -1.49279e-05 0.000788436 -0.000327267 -0.000625933
internal_weight=55740 35549 32038 4971 20191 12622 7569 27067 25573 3320 10167 1348 4208 3027
internal_count=55740 35549 32038 4971 20191 12622 7569 27067 25573 3320 10167 1348 4208 3027
is_linear=0
shrinkage=0.03


Tree=44
num_leaves=15
num_cat=0
split_feature=19 0 22 2 17 17 19 2 10 11 22 16 4 3
split_gain=3.65925 1.80448 1.63916 1.47017 1.33783 1.42302 1.18911 1.1466 1.0808 1.00758 1.00372 1.34037 0.984142 1.47086
threshold=0.66091954022988519 0.045294504420676847 0.56904761904761914 -0.12688791126029667 0.78019323671497598 0.9833333333333335 0.11882352941176472 -0.064878045293466455 -0.00046000357142857157 0.49489745946113478 0.53452380952380962 0.16954022988505749 0.22031370735355152 -0.018163149785774654
decision_type=8 2 2 8 10 10 10 10 2 8 2 10 10 8
left_child=2 3 6 8 -5 -6 7 -1 -2 -4 -3 -12 13 -10
right_child=1 10 9 4 5 -7 -8 -9 12 -11 11 -13 -14 -15
leaf_value=-0.00054127012411819223 -0.0005313504327809454 -0.00044469041739390343 -4.8355382471540211e-05 -8.6331485973026263e-05 -0.00094749271299374236 0.00034921415157749614 0.00023064700742928671 0.0010775757948714557 0.00049378364118589499 -0.0018050688681774771 -0.0031618398899613759 -0.0010354376520125032 0.0013479249922376971 -0.0019160022488687346
leaf_weight=457 1093 2349 14322 6711 4403 921 16708 2846 1902 300 311 1877 988 259
leaf_count=457 1093 2349 14322 6711 4403 921 16708 2846 1902 300 311 1877 988 259
internal_value=-3.18874e-05 -0.00034626 0.000157047 -0.000198786 -0.000368056 -0.000723175 0.00033347 0.000853594 0.000281451 -8.43979e-05 -0.000875342 -0.00133768 0.00056357 0.000204966
internal_weight=55447 20814 34633 16277 12035 5324 20011 3303 4242 14622 4537 2188 3149 2161
internal_count=55447 20814 34633 16277 12035 5324 20011 3303 4242 14622 4537 2188 3149 2161
is_linear=0
shrinkage=0.03


Tree=45
num_leaves=15
num_cat=0
split_feature=22 7 1 18 24 3 3 5 9 15 10 20 11 5
split_gain=2.6127 2.82923 1.35852 1.16517 1.74587 1.23882 1.51264 1.30099 1.25435 1.14537 0.981544 1.01061 0.956048 0.925688
threshold=0.86811594202898557 0.12543538474156959 0.047046712660923092 0.39642857142857152 -0.073152222972232048 -0.37315579491795653 -0.013184313911437094 -0.4692943382550131 0.00028406500000000007 0.20761494252873566 -0.00049092928571428565 0.06458333333333334 -0.16510595102413159 -0.054246545860739286
decision_type=2 10 8 10 2 10 10 8 2 10 2 10 8 8
left_child=1 3 -2 4 -1 7 8 -5 10 -4 -7 -12 13 -13
right_child=2 -3 9 5 -6 6 -8 -9 -10 -11 11 12 -14 -15
leaf_value=-0.0010426088271436415 -0.00027757012933514317 -0.00069341361224728817 -0.0027846737716966017 0.0033563692145995444 0.00039425302315509487 -0.00078537224724308972 0.00019191708565283826 0.00032481789553108123 -0.0007288640709907097 -0.00086982417461271128 -0.0019513801352012956 0.00037606983692092864 -0.00015981679840810373 0.0019764506607193892
leaf_weight=796 5408 3929 337 200 17344 1346 14274 351 3668 1696 207 2259 3294 380
leaf_count=796 5408 3929 337 200 17344 1346 14274 351 3668 1696 207 2259 3294 380
internal_value=-3.00645e-06 7.80039e-05 -0.000526106 0.000146702 0.000331202 1.78739e-05 -1.26215e-05 0.0014252 -0.000274374 -0.00118724 -5.16818e-05 0.000109156 0.000181048 0.000606515
internal_weight=55489 48048 7441 44119 18140 25979 25428 551 11154 2033 7486 6140 5933 2639
internal_count=55489 48048 7441 44119 18140 25979 25428 551 11154 2033 7486 6140 5933 2639
is_linear=0
shrinkage=0.03


Tree=46
num_leaves=15
num_cat=0
split_feature=18 13 17 15 23 22 9 12 9 1 4 19 9 1
split_gain=3.64926 1.34411 1.35997 1.25179 1.26339 0.982365 1.29471 0.963112 0.948103 1.03437 1.46573 1.45164 1.25626 1.19682
threshold=0.73205128205128212 0.81980519480519487 0.12771739130434787 0.16333333333333336 0.70185185185185195 0.62731481481481499 0.00050447000000000003 0.63484848484848488 -0.0020226449999999996 -0.044248832631981531 0.17549433437521247 0.69098143236074283 6.5655000000000021e-05 -0.17229993774533239
decision_type=8 10 10 10 8 2 2 2 2 8 10 10 2 10
left_child=1 3 -3 4 -1 6 -4 8 -2 10 12 -12 13 -10
right_child=7 2 5 -5 -6 -7 -8 -9 9 -11 11 -13 -14 -15
leaf_value=-6.8015992649543908e-05 -0.001229605881156243 -0.0022397490602677006 -6.6305545605747793e-05 0.00029018126346763218 -0.0016615516536885805 -0.00070889222382124434 0.0018739792685357054 -0.00065679345308715885 0.0026719472276559774 -0.00039673254186266602 0.0028546881316392921 0.00052220828479535128 -0.00074168322146392785 6.6649722758858627e-05
leaf_weight=4145 736 306 2676 29019 502 1924 350 6822 207 5076 291 1374 1546 680
leaf_count=4145 736 306 2676 29019 502 1924 350 6822 207 5076 291 1374 1546 680
internal_value=-1.19581e-05 0.000147319 -0.000298861 0.000216977 -0.00024016 -0.000178879 0.000158116 -0.000382468 -0.000193623 -0.000110509 0.000244022 0.000929867 -0.00022533 0.00067465
internal_weight=55654 38922 5256 33666 4647 4950 3026 16732 9910 9174 4098 1665 2433 887
internal_count=55654 38922 5256 33666 4647 4950 3026 16732 9910 9174 4098 1665 2433 887
is_linear=0
shrinkage=0.03


Tree=47
num_leaves=15
num_cat=0
split_feature=19 0 23 9 10 21 19 14 3 13 22 0 12 19
split_gain=3.38099 1.66912 1.511 1.35952 1.3166 1.30979 1.19963 1.32292 1.11736 0.989062 1.22717 0.977434 0.947198 0.942333
threshold=0.66091954022988519 0.043290871573865915 0.70710784313725505 0.0012625650000000002 -0.0011623321428571429 0.60208333333333341 0.96609195402298864 0.36754385964912284 0.23231686553393463 0.59629629629629644 0.90238095238095251 0.11558812598590941 0.68090909090909102 0.27681992337164757
decision_type=8 2 10 2 2 2 8 10 8 10 2 2 2 10
left_child=5 2 3 -2 8 13 11 -8 -3 12 -11 -6 -7 -1
right_child=1 4 -4 -5 6 9 7 -9 -10 10 -12 -13 -14 -15
leaf_value=0.00054442258510497307 0.00021988793557379418 -0.00098117232274688281 -0.00047995904597073787 -0.0010904358076478016 -0.0011104905380258418 0.00034110367146597488 -0.0041361410254477588 -0.0012908720681475893 0.0016203259429691925 -0.00017041498066392937 -0.0014234101581645923 -9.8427056809327104e-06 -0.00060116884821275721 0.00014588908859496181
leaf_weight=9548 8035 261 7296 782 2287 5841 207 508 345 5349 810 1064 1149 12115
leaf_count=9548 8035 261 7296 782 2287 5841 207 508 345 5349 810 1064 1149 12115
internal_value=-2.59294e-06 -0.000305359 -0.000160597 0.000103672 -0.000804619 0.000178178 -0.000999043 -0.00211461 0.000499879 -5.80172e-05 -0.000335202 -0.000761016 0.000186215 0.000321543
internal_weight=55597 20785 16113 8817 4672 34812 4066 715 606 13149 6159 3351 6990 21663
internal_count=55597 20785 16113 8817 4672 34812 4066 715 606 13149 6159 3351 6990 21663
is_linear=0
shrinkage=0.03


Tree=48
num_leaves=15
num_cat=0
split_feature=18 24 10 14 18 0 1 6 4 11 24 10 2 10
split_gain=3.06749 1.25084 1.34153 1.14701 0.976739 2.20258 1.18939 1.34245 1.09229 0.931749 1.30515 1.07763 1.3951 1.00031
threshold=0.37715517241379315 -0.0044276921759288813 0.0010307721428571431 0.14039408866995076 0.73205128205128212 -0.022186135686535376 0.27031403936365456 0.15899906760943247 -0.55335661388730473 0.21885907214875847 0.014410691252971642 0.0002885628571428572 -0.15325282700069767 0.00034888214285714296
decision_type=10 2 2 10 10 2 10 10 10 8 2 2 10 2
left_child=1 2 -1 -3 -2 6 7 8 -6 11 13 12 -10 -11
right_child=4 3 -4 -5 5 -7 -8 -9 9 10 -12 -13 -14 -15
leaf_value=0.0001436234866411769 6.6238345831642454e-06 -0.00031439600264094003 -0.0013653799602442133 0.00062407621583791286 0.00234027295114927 -0.00059035521746011608 0.002317709843236431 -0.0010847490782256832 0.0013301309395142449 0.00040498628070449803 -0.0011361514277579239 -0.00099827935123877583 -0.00026231689035042594 0.0019797639763036337
leaf_weight=7973 18563 1319 568 10525 209 9997 214 825 682 901 297 985 1807 608
leaf_count=7973 18563 1319 568 10525 209 9997 214 825 682 901 297 985 1807 608
internal_value=2.73222e-05 0.000320004 4.32706e-05 0.000519564 -0.000142717 -0.000310475 0.000118134 4.35839e-05 0.000213173 0.000128975 0.000681701 -0.000158366 0.000174023 0.00103949
internal_weight=55473 20385 8541 11844 35088 16525 6528 6314 5489 5280 1806 3474 2489 1509
internal_count=55473 20385 8541 11844 35088 16525 6528 6314 5489 5280 1806 3474 2489 1509
is_linear=0
shrinkage=0.03


Tree=49
num_leaves=15
num_cat=0
split_feature=18 7 22 8 24 1 0 1 3 19 21 10 1 3
split_gain=2.71766 1.62978 1.54402 1.32704 1.3264 1.23965 1.21611 1.20341 1.2197 1.16571 0.987057 0.901471 0.873758 0.844747
threshold=0.39642857142857152 0.12543538474156959 0.90238095238095251 0.70954240148172987 -0.081946237105212774 -0.18714344664858582 -0.0046919044088935538 0.073393861389905016 0.019467162355209514 0.83045977011494265 0.26120857699805072 0.00018583642857142833 0.010515356119659371 -0.65212583381693812
decision_type=8 8 2 10 2 10 2 10 10 10 2 2 10 8
left_child=6 2 5 12 -3 -2 -1 8 -8 -5 -9 -12 -4 -6
right_child=1 4 3 9 13 -7 7 10 -10 -11 11 -13 -14 -15
leaf_value=4.7482877369601283e-06 0.0011400280413048512 0.0016450807463683902 0.00076390406517433938 -0.0007585783400337416 -0.0026402598129364081 -4.1221152943361918e-05 0.00033425106053575602 0.001330470519637431 0.001016746772263676 -0.0024463443331787303 0.00043065130944947618 -0.0012168989567033458 -0.0010492126094475539 -0.00066151133840438442
leaf_weight=8751 825 219 687 1439 202 25944 6152 278 3820 495 461 850 367 5011
leaf_count=8751 825 219 687 1439 202 25944 6152 278 3820 495 461 850 367 5011
internal_value=-4.75182e-06 -0.000164245 -7.70142e-05 -0.000723827 -0.000642101 -4.81596e-06 0.000271557 0.000473516 0.000595696 -0.00119056 -0.000293243 -0.000637554 0.000132582 -0.000738186
internal_weight=55501 35189 29757 2988 5432 26769 20312 11561 9972 1934 1589 1311 1054 5213
internal_count=55501 35189 29757 2988 5432 26769 20312 11561 9972 1934 1589 1311 1054 5213
is_linear=0
shrinkage=0.03


Tree=50
num_leaves=15
num_cat=0
split_feature=18 21 2 9 3 22 17 7 17 17 13 12 21 19
split_gain=2.4859 2.22031 1.24715 1.07247 1.19838 1.16098 1.0406 1.00342 1.04921 1.35388 0.967418 0.919292 0.975758 1.11244
threshold=0.43405797101449278 0.89827586206896559 -0.093236587132958113 0.00014807500000000003 -0.35640993123397452 0.19139194139194141 0.070197044334975381 0.12543538474156959 0.9833333333333335 0.82247899159663873 0.76794871794871811 0.72111111111111115 0.99166666666666681 0.9833333333333335
decision_type=10 2 8 2 8 2 10 10 8 10 8 2 2 8
left_child=1 2 10 4 5 -2 -5 -6 9 -9 -1 -8 13 -13
right_child=3 -3 -4 6 7 -7 11 8 -10 -11 -12 12 -14 -15
leaf_value=-8.6463993164436246e-06 -8.6390681044085308e-05 -0.00079891202072511546 0.00041670582445350478 -0.0010935987142740541 9.3337563151969791e-05 0.0024611599800139321 -0.00010146880809405239 6.0229829514974541e-05 0.00085572661462960374 -0.0018457315429823234 -0.0015858756602681291 -0.0005442569823999071 0.00096571997591915221 -0.0023660941214408713
leaf_weight=4062 296 1768 17962 1433 9510 353 12076 573 318 809 383 5545 360 319
leaf_count=4062 296 1768 17962 1433 9510 353 12076 573 318 809 383 5545 360 319
internal_value=-4.36313e-06 0.000224607 0.000305367 -0.000179577 4.58971e-05 0.00129926 -0.000315081 -2.66658e-05 -0.000697979 -0.00105549 -0.000144547 -0.000254118 -0.000550294 -0.000643364
internal_weight=55767 24175 22407 31592 11859 649 19733 11210 1700 1382 4445 18300 6224 5864
internal_count=55767 24175 22407 31592 11859 649 19733 11210 1700 1382 4445 18300 6224 5864
is_linear=0
shrinkage=0.03


Tree=51
num_leaves=15
num_cat=0
split_feature=18 13 15 5 17 2 12 16 6 13 7 24 14 14
split_gain=2.72992 1.55746 1.32801 1.20055 1.14632 1.04088 0.998636 1.40576 1.188 1.13993 1.26544 1.1822 0.948954 0.944656
threshold=0.4188596491228071 0.91833333333333345 0.11651583710407241 0.10038042399110937 0.58722109533468569 -0.055157386567171778 0.83045977011494265 0.9833333333333335 0.21431208850416775 0.36181818181818187 0.12543538474156959 0.086490701853496957 0.72111111111111115 0.90238095238095251
decision_type=8 10 10 10 10 10 2 8 10 10 8 2 10 8
left_child=1 2 4 -3 -1 12 8 9 -2 -8 11 -11 -4 -9
right_child=6 3 5 -5 -6 -7 7 13 -10 10 -12 -13 -14 -15
leaf_value=8.7685549292000555e-05 -2.3409900867793336e-05 -0.0020873868278300707 0.00021654080899732604 0.00023180389242996287 -0.0015667421859451988 0.00054183361740411712 -0.0015750233567967623 -0.00077986056874446217 -0.0012811126811429858 -0.00034685654789694227 -0.0014914832889218949 0.0019857301958951311 -0.0008883175339946198 0.0015264784589991676
leaf_weight=1087 24635 434 5259 374 577 13653 889 233 695 5329 871 203 807 509
leaf_count=1087 24635 434 5259 374 577 13653 889 233 695 5329 871 203 807 509
internal_value=2.1155e-05 0.000279016 0.000327871 -0.0010139 -0.000485995 0.00039655 -0.000150353 -0.000441785 -5.79185e-05 -0.000568373 -0.000428608 -0.000261261 6.95542e-05 0.000802251
internal_weight=55555 22191 21383 808 1664 19719 33364 8034 25330 7292 6403 5532 6066 742
internal_count=55555 22191 21383 808 1664 19719 33364 8034 25330 7292 6403 5532 6066 742
is_linear=0
shrinkage=0.03


Tree=52
num_leaves=15
num_cat=0
split_feature=7 12 4 2 6 7 1 1 20 22 2 18 3 24
split_gain=2.36543 2.02462 1.30109 1.20046 2.04812 1.23893 1.11479 1.11182 1.10929 1.30362 1.11727 1.39888 1.23555 1.08876
threshold=0.043421486432999437 0.73205128205128212 0.0028794449190633347 -0.1504821109759297 0.18779960146704958 0.15656469520147306 -0.15027711644953543 0.294704498510935 0.89087301587301593 0.59629629629629644 0.073225222533676596 0.86515151515151534 0.42990657610457889 0.061961438068563197
decision_type=8 2 10 10 10 10 8 10 8 2 10 10 10 2
left_child=2 3 -1 4 -2 6 -5 -8 9 10 13 12 -12 -3
right_child=1 8 -4 5 -6 -7 7 -9 -10 -11 11 -13 -14 -15
leaf_value=4.3866188040119659e-05 0.00055090338721493172 -0.00044124584849486155 0.00057932130656522323 0.0011398252977499184 -0.0021455977273989848 -0.00098953188062228786 -9.81045515199357e-05 0.0020227895137776312 -0.0010004353891005491 -0.00069920372803088235 0.000692436926891635 -0.0007408926539334375 0.0030592918834825068 0.0017786247902445468
leaf_weight=8723 5018 3205 7680 705 267 1294 19653 225 2652 4184 1028 487 246 212
leaf_count=8723 5018 3205 7680 705 267 1294 19653 225 2652 4184 1028 487 246 212
internal_value=-7.89073e-06 -0.000134531 0.00029457 8.90067e-06 0.000414675 -8.91255e-05 -3.25193e-05 -7.40981e-05 -0.000458811 -0.000305383 1.28373e-05 0.000626687 0.00114946 -0.000303519
internal_weight=55579 39176 16403 27162 5285 21877 20583 19878 12014 9362 5178 1761 1274 3417
internal_count=55579 39176 16403 27162 5285 21877 20583 19878 12014 9362 5178 1761 1274 3417
is_linear=0
shrinkage=0.03


Tree=53
num_leaves=15
num_cat=0
split_feature=18 21 2 1 10 24 5 15 11 23 8 10 18 8
split_gain=2.13055 1.73274 1.49066 1.13226 1.2247 1.06657 1.0397 1.39927 1.30656 1.27492 1.08 1.00411 1.00364 0.998938
threshold=0.41522988505747133 0.89827586206896559 -0.043956177780539389 -0.17864579081082302 -0.0041572292857142848 -0.081946237105212774 0.091310821413941992 0.40370370370370373 0.037006128851556082 0.66091954022988519 1.0930324357814263 0.0013696585714285719 0.86515151515151534 1.195140155073328
decision_type=8 2 10 10 2 2 8 10 10 10 10 2 8 8
left_child=1 2 5 4 -2 -1 -4 9 -9 10 -8 -6 13 -5
right_child=3 -3 6 12 11 -7 7 8 -10 -11 -12 -13 -14 -15
leaf_value=-0.0012598666204706214 -0.0014138098455989709 -0.00069720817793660734 0.00030478777299657983 4.8984751341538394e-05 0.0012321533886919783 9.6075659384921885e-05 0.00092043677670108242 0.0023254881537149424 0.00090426157623744161 -0.0018922269097674869 -0.00073299399616059545 -0.0010340822476829434 -0.00044068378411731078 -0.00041504599855724764
leaf_weight=565 231 1584 7837 17873 1321 6875 1405 764 2446 224 476 203 8471 5448
leaf_count=565 231 1584 7837 17873 1321 6875 1405 764 2446 224 476 203 8471 5448
internal_value=3.07656e-05 0.000258923 0.000332472 -0.000120056 0.000621747 -6.89576e-06 0.00052445 0.000848344 0.00124252 0.000247245 0.000502025 0.000930286 -0.000161006 -5.94171e-05
internal_weight=55723 22176 20592 33547 1755 7440 13152 5315 3210 2105 1881 1524 31792 23321
internal_count=55723 22176 20592 33547 1755 7440 13152 5315 3210 2105 1881 1524 31792 23321
is_linear=0
shrinkage=0.03


Tree=54
num_leaves=15
num_cat=0
split_feature=18 20 1 2 3 1 9 3 11 22 2 21 10 7
split_gain=1.77354 1.30001 1.24634 1.11904 1.11267 2.49929 1.23651 1.23688 1.15069 0.933895 0.880482 0.855259 0.782903 1.05072
threshold=0.33908045977011497 0.89564428312159727 -0.25803038464905936 -0.084684353711907898 -0.018163149785774654 0.04589755302818755 0.0002914350000000001 -0.2498016289839152 0.19462499664270475 0.93218390804597717 -0.11162861554031621 0.89827586206896559 -0.00035778142857142888 0.1320981717617068
decision_type=8 8 10 10 10 8 2 10 10 2 8 2 2 10
left_child=3 2 -2 -1 5 6 8 -8 12 -7 -3 -5 -4 -14
right_child=1 10 4 11 -6 9 7 -9 -10 -11 -12 -13 13 -15
leaf_value=-0.00022317119369835595 0.0015613912870938089 -0.0014844167004152873 -0.00032634423767519425 0.00041699446418089366 0.00012012070433151414 -0.0008625679623289282 0.00050082341382658797 -0.00071829259514422257 -0.0017307786330900644 -0.0025086631584757316 -0.00037864672710348425 -0.00048428673295908899 0.00032303815240546259 0.0024513509398871335
leaf_weight=3794 432 724 1719 13700 15048 2242 949 3554 278 360 6181 1018 5502 217
leaf_count=3794 432 724 1719 13700 15048 2242 949 3554 278 360 6181 1018 5502 217
internal_value=-3.72046e-06 -0.000123109 -3.84566e-05 0.000236231 -6.15954e-05 -0.000246095 -6.63208e-05 -0.000461366 0.000164225 -0.00109031 -0.000494588 0.000354656 0.000235052 0.000403794
internal_weight=55718 37206 30301 18512 29869 14821 12219 4503 7716 2602 6905 14718 7438 5719
internal_count=55718 37206 30301 18512 29869 14821 12219 4503 7716 2602 6905 14718 7438 5719
is_linear=0
shrinkage=0.03


Tree=55
num_leaves=15
num_cat=0
split_feature=18 3 0 10 14 3 2 14 1 7 11 3 17 14
split_gain=2.87024 1.27159 1.22755 1.51753 0.976975 0.945741 1.39721 1.37944 1.14665 1.12916 1.10611 1.32692 0.944431 0.979214
threshold=0.73205128205128212 -0.038752876765346493 -0.022186135686535376 -0.0055960871428571432 0.04083333333333334 0.071404401948638854 -0.17600653284017623 0.95916666666666683 -0.0592813821920447 0.11625976683761624 0.49489745946113478 0.17322481426919825 0.04083333333333334 0.70710784313725505
decision_type=10 10 2 2 10 8 10 10 10 8 8 10 8 10
left_child=1 12 3 -2 -4 6 -5 8 10 -9 11 -7 -1 -14
right_child=2 -3 4 5 -6 7 -8 9 -10 -11 -12 -13 13 -15
leaf_value=-0.0011020911546170003 -0.0016410413920400627 0.00031889390911090201 -0.001969416682092454 0.00075199214064326455 -0.00045290316663739588 0.0029873241905485934 -0.00059129241920752513 0.00049155595362186438 0.00037651304437990994 -0.0019620609290955486 0.0034720171353845993 -6.9789988286956617e-05 0.00011366741550733596 -0.00053872486050798927
leaf_weight=703 463 21618 398 987 9708 204 2371 375 1247 307 253 342 14449 2417
leaf_count=703 463 21618 398 987 9708 204 2371 375 1247 307 253 342 14449 2417
internal_value=2.46171e-05 0.000164834 -0.000305295 1.46463e-05 -0.000512627 0.000140605 -0.000196468 0.00055552 0.000945004 -0.000612931 0.00183225 0.00107243 -2.47304e-05 2.01756e-05
internal_weight=55842 39187 16655 6549 10106 6086 3358 2728 2046 682 799 546 17569 16866
internal_count=55842 39187 16655 6549 10106 6086 3358 2728 2046 682 799 546 17569 16866
is_linear=0
shrinkage=0.03


Tree=56
num_leaves=15
num_cat=0
split_feature=19 2 21 1 11 3 23 23 10 15 1 1 21 1
split_gain=1.82883 1.32855 1.24139 1.08593 1.28443 1.11782 1.08158 1.41004 1.06773 1.67639 1.4545 1.46578 0.762966 0.747075
threshold=0.29289215686274517 -0.043956177780539389 0.23571428571428574 0.047046712660923092 1.2891877047245912 -0.024953679716532503 0.033908045977011504 0.45993589743589752 -0.0011623321428571429 0.96076923076923093 0.41879646010168542 0.21221826733191632 0.43095238095238103 -0.18714344664858582
decision_type=8 10 2 8 10 10 10 10 2 10 8 10 2 10
left_child=1 -1 -3 4 13 6 -5 -8 -7 -10 11 12 -11 -2
right_child=3 2 -4 5 -6 8 7 -9 9 10 -12 -13 -14 -15
leaf_value=-0.00014948341125362545 0.00065568833583818102 0.0011283692802107443 0.00031576347977438823 -0.0027440388594773047 -0.0021087720123250621 0.00091148192806806609 7.5517147341340289e-06 -0.0013486717411088443 -7.1783321498737843e-05 0.00032164634817924637 0.00074845708970149797 -0.0033770396117324708 -0.0017131300391573416 -1.1220061936379178e-05
leaf_weight=4224 1600 2124 8318 245 256 760 1393 1367 6656 260 264 336 458 27402
leaf_count=4224 1600 2124 8318 245 256 760 1393 1367 6656 260 264 336 458 27402
internal_value=1.19472e-05 0.000299452 0.000481055 -9.09028e-05 6.89738e-06 -0.000334658 -0.000833745 -0.000664172 -0.000162943 -0.000265346 -0.00124285 -0.00174162 -0.000976303 2.55723e-05
internal_weight=55663 14666 10442 40997 29258 11739 3005 2760 8734 7974 1318 1054 718 29002
internal_count=55663 14666 10442 40997 29258 11739 3005 2760 8734 7974 1318 1054 718 29002
is_linear=0
shrinkage=0.03


Tree=57
num_leaves=15
num_cat=0
split_feature=7 24 17 12 12 18 22 24 11 7 6 1 18 2
split_gain=1.82745 1.46596 1.54124 1.28046 1.84599 1.26894 1.19375 1.73701 1.38728 1.05837 0.897126 0.88664 1.22699 1.04734
threshold=0.053244422615826299 0.011823024925966357 0.085144927536231887 0.63484848484848488 0.36754385964912284 0.86515151515151534 0.40370370370370373 0.075919506392815611 0.55282071810220457 0.063587623195206333 0.035599945291565412 0.294704498510935 0.9833333333333335 -0.20113685198172751
decision_type=8 2 10 2 2 10 2 2 10 10 8 10 8 10
left_child=1 2 -1 4 11 -3 7 8 9 10 -5 12 13 -2
right_child=3 5 -4 6 -6 -7 -8 -9 -10 -11 -12 -13 -14 -15
leaf_value=-0.0012178815998298536 0.00047307193298855467 0.00052503515091361925 7.3980709928647356e-05 0.0021098547991331121 0.00039348701133117025 -0.0017850273880012787 -0.00067256722983915997 0.0021548734463680153 0.00085078942191634086 -0.0008059272695071203 -0.00010139382476048369 0.0015822467682301065 -0.0013395718071584307 -0.00030083796463927702
leaf_weight=883 1872 9396 14155 205 6584 219 6706 301 901 2483 849 240 879 9880
leaf_count=883 1872 9396 14155 205 6584 219 6706 301 901 2483 849 240 879 9880
internal_value=-9.52848e-06 0.000183106 -1.87475e-06 -0.000163219 -1.50971e-05 0.000472419 -0.000415006 -5.05386e-05 -0.000200117 -0.00046782 0.000328688 -0.000224103 -0.000258425 -0.00017756
internal_weight=55553 24653 15038 30900 19455 9615 11445 4739 4438 3537 1054 12871 12631 11752
internal_count=55553 24653 15038 30900 19455 9615 11445 4739 4438 3537 1054 12871 12631 11752
is_linear=0
shrinkage=0.03


Tree=58
num_leaves=15
num_cat=0
split_feature=12 12 11 21 8 1 15 3 19 17 1 24 12 21
split_gain=2.12828 1.48233 1.68039 1.44321 1.4202 1.97388 1.41654 1.32695 1.13679 1.08335 0.97255 0.890693 0.856948 0.788165
threshold=0.83045977011494265 0.10435571687840291 1.2891877047245912 0.63188405797101466 1.0790478091366273 0.19228686547267762 0.097619047619047633 -0.34393050064248043 0.41277890466531447 0.50862068965517249 -0.041398395158664829 -0.027028737819188679 0.63484848484848488 0.25431034482758624
decision_type=2 2 10 2 8 10 10 10 8 8 8 2 2 2
left_child=1 4 3 8 7 -6 9 -1 11 -2 -8 -3 -5 -12
right_child=6 2 -4 12 5 -7 10 -9 -10 -11 13 -13 -14 -15
leaf_value=0.0018065911289570585 -0.00041030283115105703 6.0457243359259369e-06 -0.0024089406771313367 8.0635547981891068e-05 -0.00122598431106355 0.0014308325353019928 -0.00096513721361107883 -0.00015452257830620353 0.00012675641611346997 -0.0031920721161353229 0.000320564668654697 0.00066890380654432285 -0.0004544140211970672 -0.00032654540094754694
leaf_weight=350 234 2261 226 11325 2097 286 1605 2753 12157 273 2265 9449 3535 6719
leaf_count=350 234 2261 226 11325 2097 286 1605 2753 12157 273 2265 9449 3535 6719
internal_value=1.25742e-05 0.000105375 0.000170399 0.000185451 -0.000356319 -0.000907122 -0.000359091 6.66794e-05 0.000329958 -0.00190818 -0.000284921 0.000540917 -4.66458e-05 -0.000163399
internal_weight=55535 44439 38953 38727 5486 2383 11096 3103 23867 507 10589 11710 14860 8984
internal_count=55535 44439 38953 38727 5486 2383 11096 3103 23867 507 10589 11710 14860 8984
is_linear=0
shrinkage=0.03


Tree=59
num_leaves=15
num_cat=0
split_feature=7 24 21 16 14 11 0 7 0 17 12 14 5 18
split_gain=1.9839 1.3331 1.28502 1.19409 1.45672 0.99087 1.25427 1.1451 0.959263 0.918247 0.899428 0.888924 0.93099 0.881178
threshold=0.069005680037244513 0.0091335284400752854 0.8174242424242425 0.56125000000000014 0.69782608695652182 0.34474570949947442 0.011902866376662715 0.051205031982022871 -0.058753827714895006 0.73205128205128212 0.83666666666666678 0.83666666666666678 0.16581875827422946 0.86515151515151534
decision_type=10 2 2 8 10 8 2 10 2 8 2 8 10 8
left_child=1 2 3 4 -1 6 -5 -8 -2 -10 -6 -4 -13 -3
right_child=8 13 11 5 10 -7 7 -9 9 -11 -12 12 -14 -15
leaf_value=6.7204029611906096e-05 0.00018458125798587278 0.00041794174675226627 -0.00036411489783444402 0.0004673781535839193 -0.00045477161043051481 0.0014815582399150236 8.9694158299001483e-05 -0.0020841010245763194 -0.00010463921262788489 -0.00056703334487512779 -0.0018769333795350522 -0.0030517166676262632 -0.00036758236854962287 -0.00056495022399182058
leaf_weight=9106 4013 14274 2435 5037 1705 690 576 351 7726 7735 523 248 219 871
leaf_count=9106 4013 14274 2435 5037 1705 690 576 351 7726 7735 523 248 219 871
internal_value=1.52679e-05 0.000147113 -8.25297e-06 8.62543e-05 -0.000101029 0.00040526 0.000280739 -0.000733393 -0.000228701 -0.000335971 -0.000788609 -0.000594054 -0.00179299 0.000361415
internal_weight=55509 36035 20890 17988 11334 6654 5964 927 19474 15461 2228 2902 467 15145
internal_count=55509 36035 20890 17988 11334 6654 5964 927 19474 15461 2228 2902 467 15145
is_linear=0
shrinkage=0.03


Tree=60
num_leaves=15
num_cat=0
split_feature=22 12 10 7 16 11 1 19 3 16 22 10 7 10
split_gain=1.82028 1.32006 1.16838 1.1297 1.26143 1.22563 1.12073 1.40799 1.08198 1.05207 1.03529 0.98078 0.999561 0.979387
threshold=0.91287878787878796 0.73205128205128212 -0.00013505785714285721 0.051205031982022871 0.49137931034482768 -0.050497575712070912 0.047046712660923092 0.91833333333333345 -0.33281493892210878 0.67261904761904778 0.29289215686274517 0.0013696585714285719 0.16065322896837655 0.00016572642857142869
decision_type=2 2 2 8 10 8 10 8 10 10 2 2 8 2
left_child=1 2 -1 4 -3 -6 11 9 -4 -8 -10 12 -2 -5
right_child=6 3 8 13 5 -7 7 -9 10 -11 -12 -13 -14 -15
leaf_value=-0.00015421489077316043 -0.00018535126654183141 -0.00029441153596559397 0.0014815627003954767 -5.8886309148704816e-05 -0.00051477698968529985 0.00088970270904648464 -0.0014052604781941451 -0.0028754360201556288 0.00067373708839499693 0.00040427346655389754 0.00016659515486839964 -0.0012185276824016938 0.001475421611729715 -0.00068854566235382179
leaf_weight=7147 2931 2826 654 4593 721 2492 732 340 4303 478 22919 726 367 4309
leaf_count=7147 2931 2826 654 4593 721 2492 732 340 4303 478 22919 726 367 4309
internal_value=2.99098e-05 8.72753e-05 0.000187992 -0.000148814 0.000167905 0.000574536 -0.000484301 -0.00116971 0.000275729 -0.00069042 0.000246759 -0.000220287 -5.41186e-07 -0.000363672
internal_weight=55538 49964 35023 14941 6039 3213 5574 1550 27876 1210 27222 4024 3298 8902
internal_count=55538 49964 35023 14941 6039 3213 5574 1550 27876 1210 27222 4024 3298 8902
is_linear=0
shrinkage=0.03


Tree=61
num_leaves=15
num_cat=0
split_feature=18 12 8 1 19 8 1 10 3 24 3 2 10 9
split_gain=1.76708 0.981043 1.25338 1.26039 1.31595 1.10032 1.00634 1.04923 1.00152 1.3309 1.0909 1.00337 1.09988 1.10885
threshold=0.33908045977011497 0.63484848484848488 1.9603534184803146 0.27031403936365456 0.92724867724867732 0.41758957351517312 -0.034297162996447743 -0.0027157142857142853 -0.37315579491795653 -0.0032292125043751393 -0.024953679716532503 0.075204567606058662 -0.00049092928571428565 0.00028210000000000008
decision_type=8 2 10 10 8 10 10 2 10 2 10 10 2 2
left_child=-1 2 8 4 -4 -3 -7 -8 9 -2 11 12 -10 -14
right_child=1 5 3 -5 -6 6 7 -9 10 -11 -12 -13 13 -15
leaf_value=0.00024594601812018122 0.0019412240385762835 -0.0010984293864814683 -0.00063304206295758706 0.0012129315558679825 -0.0028169891680209121 -0.00074874992007765257 0.0014528421440445527 -0.00014658724471764667 -0.00096983079664093625 -0.00040113611968929392 0.00024560309940336683 -0.0012027926458198206 0.00032749375107377234 -0.00038412835085974134
leaf_weight=18383 567 1438 1336 259 305 2590 384 9534 1157 355 10265 816 4554 3474
leaf_count=18383 567 1438 1336 259 305 2590 384 9534 1157 355 10265 816 4554 3474
internal_value=5.49889e-06 -0.000113855 6.14958e-06 -0.000731988 -0.00103896 -0.000312525 -0.000222173 -8.46614e-05 7.23409e-05 0.00103934 2.83474e-05 -0.000194643 -0.000105079 1.95497e-05
internal_weight=55417 37034 23088 1900 1641 13946 12508 9918 21188 922 20266 10001 9185 8028
internal_count=55417 37034 23088 1900 1641 13946 12508 9918 21188 922 20266 10001 9185 8028
is_linear=0
shrinkage=0.03


Tree=62
num_leaves=15
num_cat=0
split_feature=7 13 23 22 2 23 13 20 3 20 10 22 22 5
split_gain=1.73404 1.42365 1.33757 1.02329 1.03244 1.02734 1.01929 1.00647 0.992711 0.911924 1.03382 0.895562 1.17117 2.30693
threshold=0.069745682354090038 0.96490147783251246 0.72570532915360519 0.31742424242424244 -0.043956177780539389 0.95553359683794481 0.64142857142857157 0.097619047619047633 -0.27048915843459792 0.49137931034482768 -0.00055130285714285706 0.4188596491228071 0.16954022988505749 0.31798814155857397
decision_type=10 10 8 2 10 8 10 10 10 10 2 2 2 8
left_child=1 3 6 4 7 -6 -2 -1 -8 -9 -11 12 13 -4
right_child=2 -3 11 -5 5 -7 8 9 -10 10 -12 -13 -14 -15
leaf_value=-0.0020555307687754975 0.0002056118501112124 -0.00081518339545557739 -0.0020677105263396142 6.5806461926606652e-05 0.00057378553819891777 0.0023181529249125549 -0.0016935205667421998 0.00065495865210923323 -0.00020759485921289901 -0.0017871973622198172 4.9041708979865478e-05 -0.00077847707165146088 0.00043501068634709477 -7.4113026338106121e-05
leaf_weight=200 7100 1391 691 25720 5693 321 494 1552 2237 358 1204 4673 1703 2141
leaf_count=200 7100 1391 691 25720 5693 321 494 1552 2237 358 1204 4673 1703 2141
internal_value=4.83652e-06 0.000126072 -0.000227197 0.000163429 0.000432602 0.000666892 1.61586e-05 7.42886e-06 -0.000476378 0.000139925 -0.000371812 -0.000487018 -0.00018669 -0.000560545
internal_weight=55478 36439 19039 35048 9328 6014 9831 3314 2731 3114 1562 9208 4535 2832
internal_count=55478 36439 19039 35048 9328 6014 9831 3314 2731 3114 1562 9208 4535 2832
is_linear=0
shrinkage=0.03


Tree=63
num_leaves=15
num_cat=0
split_feature=7 12 12 17 24 24 3 19 3 5 2 7 1 13
split_gain=1.34712 1.20659 1.44963 0.970304 1.07228 0.880161 1.05959 1.03192 1.01225 1.16843 1.15594 0.928091 1.43347 1.13624
threshold=0.053500071907473891 0.63484848484848488 0.41522988505747133 0.085144927536231887 0.0025872470529657138 0.018542922170248752 -0.38912270350765776 0.76568627450980398 0.076000725846747233 1.1792361804475853 -0.13199421363701211 0.13868708635114471 -0.06651900432060269 0.93218390804597717
decision_type=8 2 2 10 2 2 10 8 10 8 8 10 8 10
left_child=3 2 5 4 -1 6 -2 -7 9 -8 -11 12 -10 -14
right_child=1 -3 -4 -5 -6 7 8 -9 11 10 -12 -13 13 -15
leaf_value=-0.0013979837148034224 0.0012051297720047243 -0.00036889563538451171 0.00042129346612802338 0.00022302017344161149 0.00020301130794102165 -5.5862264003338208e-05 -0.00014635443100640693 -0.0010186179258861552 0.0016119169796770876 0.00017697129685078578 -0.0022662138100713494 -0.00067666422274412642 -0.00025121036683327104 0.0016804278477319545
leaf_weight=721 623 11268 5744 23313 788 2078 5002 1935 848 269 495 641 1449 338
leaf_count=721 623 11268 5744 23313 788 2078 5002 1935 848 269 495 641 1449 338
internal_value=1.09722e-05 -0.000121936 2.13422e-05 0.0001753 -0.000561944 -0.000146615 8.4537e-06 -0.000520087 -7.39981e-05 -0.000313256 -0.00140598 0.000347114 0.000596162 0.000114147
internal_weight=55512 30690 19422 24822 1509 13678 9665 4013 9042 5766 764 3276 2635 1787
internal_count=55512 30690 19422 24822 1509 13678 9665 4013 9042 5766 764 3276 2635 1787
is_linear=0
shrinkage=0.03


Tree=64
num_leaves=15
num_cat=0
split_feature=18 2 24 13 10 7 17 10 10 0 17 3 11 2
split_gain=1.36975 0.97097 0.957072 1.13178 0.880411 0.785997 0.763027 2.02075 1.96689 1.23195 1.07348 0.954268 1.34714 0.853644
threshold=0.33908045977011497 -0.079946550632461408 0.016696730195066661 0.76794871794871811 2.8087857142857153e-05 0.040883606448511793 0.93541666666666679 -0.0055960871428571432 -0.00089092142857142848 -0.047876884534525259 0.86811594202898557 0.19994649917057164 1.2891877047245912 -0.20113685198172751
decision_type=10 10 2 8 2 8 10 2 2 2 8 8 10 10
left_child=1 2 3 5 -4 -1 7 -2 11 -10 13 -8 -13 -9
right_child=6 -3 4 -5 -6 -7 8 10 9 -11 -12 12 -14 -15
leaf_value=-0.0010760354424201068 -0.0017870290077313736 0.00031994837019433316 -0.00060624561073772661 -0.0020714507323040458 0.0011603593149737384 6.3159650702271873e-05 0.00016330475793030036 0.00046628192626641142 0.0011018660152488846 -0.00046029614156465801 -0.00065533364788897676 0.0033710384002140115 0.00034761517812190444 -0.00011388761722159682
leaf_weight=768 668 14577 389 355 731 1878 294 2490 590 1976 3062 363 209 27389
leaf_count=768 668 14577 389 355 731 1878 294 2490 590 1976 3062 363 209 27389
internal_value=-4.3157e-06 0.000205002 -0.00020159 -0.000480889 0.00054678 -0.000267491 -0.000109978 -0.000153488 0.000316115 -0.000101108 -0.000120362 0.00155237 0.00226633 -6.55385e-05
internal_weight=55739 18698 4121 3001 1120 2646 37041 33609 3432 2566 32941 866 572 29879
internal_count=55739 18698 4121 3001 1120 2646 37041 33609 3432 2566 32941 866 572 29879
is_linear=0
shrinkage=0.03


Tree=65
num_leaves=15
num_cat=0
split_feature=20 18 14 24 1 19 6 22 10 7 24 1 7 13
split_gain=1.44766 1.57807 1.46629 1.41812 1.15102 1.09321 1.71685 1.09002 1.04521 1.04129 1.1401 0.989919 0.933693 1.10141
threshold=0.89564428312159727 0.95916666666666683 0.9833333333333335 -0.0032292125043751393 -0.28987558832872651 0.96609195402298864 0.12176808847630298 0.46862745098039221 -0.00031439857142857131 0.070567670250808623 0.038662765855797872 0.010515356119659371 0.2554968686308271 0.93218390804597717
decision_type=10 10 10 2 10 10 10 2 2 8 2 10 8 10
left_child=1 4 3 -3 -1 6 -2 -6 -5 10 -9 -11 13 -13
right_child=5 2 -4 8 7 -7 -8 9 -10 11 -12 12 -14 -15
leaf_value=0.0020442094309460167 -0.00048446397170096109 -0.000125753450824122 0.0015465477133250753 -0.0035905764157887535 0.0002494352366957897 -0.0014550639107499168 0.00078251440297763943 -1.6184120863142854e-05 -0.0012780930353946298 -5.8952767344343944e-05 0.00065673156190428485 -0.00086722310797139439 -0.0026497132977237924 0.00071023486767695558
leaf_weight=273 5387 679 207 251 21164 767 1172 14760 588 4804 2677 2391 216 478
leaf_count=273 5387 679 207 251 21164 767 1172 14760 588 4804 2677 2391 216 478
internal_value=9.67472e-06 6.90628e-05 -0.000822032 -0.00114502 0.000101934 -0.000383393 -0.000258073 9.05282e-05 -0.00196991 -4.22646e-05 8.71247e-05 -0.000328253 -0.00074761 -0.000604405
internal_weight=55814 48488 1725 1518 46763 7326 6559 46490 839 25326 17437 7889 3085 2869
internal_count=55814 48488 1725 1518 46763 7326 6559 46490 839 25326 17437 7889 3085 2869
is_linear=0
shrinkage=0.03


Tree=66
num_leaves=15
num_cat=0
split_feature=7 0 23 15 7 6 16 10 0 12 3 2 0 3
split_gain=1.49543 1.16353 1.03943 1.29947 0.974153 1.03699 0.945795 1.06319 0.994379 1.00286 1.08387 1.01315 0.987841 1.08963
threshold=0.069745682354090038 0.14435663952729619 0.70710784313725505 0.067816091954023008 0.089060126288604144 0.12176808847630298 0.9833333333333335 0.00046942000000000007 -0.072241742532525507 0.83045977011494265 0.34847390188020294 0.27439460681209865 0.03083220370760054 0.67875853229923666
decision_type=8 2 8 8 10 10 10 2 2 2 10 10 2 10
left_child=1 -1 -2 -4 5 -5 7 -6 -8 10 -10 -11 -9 -14
right_child=2 -3 3 4 6 -7 8 12 9 11 -12 -13 13 -15
leaf_value=0.00016366070871311105 4.1822463107261253e-05 -0.0017575114653152707 -0.0018977714899896143 -7.2251791881500365e-05 -0.0010481626604327682 0.0017732877464596789 0.0020667833493550141 0.00051381666129168607 0.00044808553698926401 -0.0008188790118321776 -0.0022492084040597179 0.00181171441373837 0.00013720436908355721 -0.002575942716143113
leaf_weight=35566 9764 286 492 3056 3225 301 209 935 234 225 314 318 292 245
leaf_count=35566 9764 286 492 3056 3225 301 209 935 234 225 314 318 292 245
internal_value=3.31255e-05 0.000148335 -0.000177507 -0.000395009 -0.000315967 9.32255e-05 -0.000545025 -0.000743229 0.000171104 -0.000192046 -0.00109744 0.00072169 -7.5152e-05 -0.00110064
internal_weight=55462 35852 19610 9846 9354 3357 5997 4697 1300 1091 548 543 1472 537
internal_count=55462 35852 19610 9846 9354 3357 5997 4697 1300 1091 548 543 1472 537
is_linear=0
shrinkage=0.03


Tree=67
num_leaves=15
num_cat=0
split_feature=20 1 7 19 11 24 6 6 24 6 2 15 10 2
split_gain=1.45146 1.13221 1.14983 1.03907 1.09689 1.03509 1.0319 1.07284 1.03859 0.976654 0.947859 0.855058 0.794906 0.842027
threshold=0.89564428312159727 -0.28987558832872651 0.053500071907473891 0.96609195402298864 -0.32018833053246004 0.011823024925966357 0.12176808847630298 0.100155053626773 -0.061141033857555656 0.15899906760943247 -0.16226360281573174 0.16333333333333336 0.00081789928571428564 0.080844060406841237
decision_type=8 10 10 10 8 2 8 10 2 8 10 10 2 10
left_child=1 -1 5 4 -2 12 7 8 -6 -8 -4 -12 -3 -14
right_child=3 2 10 -5 6 -7 9 -9 -10 -11 11 -13 13 -15
leaf_value=0.0018993353283733218 -0.0023961229142425407 9.6710649533289663e-05 0.00030195654133661771 -0.0014345832875394492 0.0014425448408404077 0.00045414609118922159 0.0015679155206356928 -0.0015719020223809368 -0.00034463293993221246 -0.00014086201179610644 -0.00059733431270386826 -9.1128378653462398e-05 -0.0013491841343258564 0.00086858940695528871
leaf_weight=298 212 12790 4462 765 312 8803 521 604 4719 713 3643 17100 671 200
leaf_count=298 212 12790 4462 765 312 8803 521 604 4719 713 3643 17100 671 200
internal_value=-5.95779e-06 5.59164e-05 4.43923e-05 -0.000384229 -0.000270754 0.000200463 -0.000205158 -0.000377228 -0.0002338 0.000580591 -9.47056e-05 -0.000180031 3.69918e-05 -0.000839936
internal_weight=55813 47967 47669 7846 7081 22464 6869 5635 5031 1234 25205 20743 13661 871
internal_count=55813 47967 47669 7846 7081 22464 6869 5635 5031 1234 25205 20743 13661 871
is_linear=0
shrinkage=0.03


Tree=68
num_leaves=15
num_cat=0
split_feature=21 10 3 7 5 23 24 4 2 10 17 12 12 15
split_gain=2.00585 1.2866 1.38237 1.22165 1.03676 0.940659 2.36962 1.32449 1.74246 1.18769 1.35896 1.29335 0.993037 1.27007
threshold=0.88397435897435905 0.0014974821428571431 -0.24491204961353938 0.069005680037244513 -0.10137300392149766 0.70185185185185195 -0.012199455992371619 0.15292689891490577 -0.26300394892958889 0.0006321085714285716 0.9833333333333335 0.58477011494252884 0.267948717948718 0.82480818414322254
decision_type=2 2 10 10 8 8 2 10 10 2 8 2 2 10
left_child=3 2 4 -1 -2 7 9 8 -5 10 11 12 13 -7
right_child=1 -3 -4 5 -6 6 -8 -9 -10 -11 -12 -13 -14 -15
leaf_value=0.00016758348411447196 -3.348194258465509e-05 -0.0015161339214128703 -0.0005363563251726465 0.0012099064221289719 0.0022229175865533762 -0.0014920922549909556 -0.00075538841304990782 0.00068236854118468955 -0.00034911203227338985 0.0018334110351302315 0.0019899330915134285 -0.0011818281360154715 0.0015421788678749611 0.00087730136186518878
leaf_weight=33330 471 973 4245 734 300 382 5240 2319 5334 406 291 758 437 436
leaf_count=33330 471 973 4245 734 300 382 5240 2319 5334 406 291 758 437 436
internal_value=8.76509e-07 -0.00051777 -0.000324108 6.34165e-05 0.000844495 -0.0001491 -0.000382914 7.25313e-05 -0.000160529 0.000337294 7.3655e-05 -0.000203363 0.000387615 -0.000229188
internal_weight=55656 5989 5016 49667 771 16337 7950 8387 6068 2710 2304 2013 1255 818
internal_count=55656 5989 5016 49667 771 16337 7950 8387 6068 2710 2304 2013 1255 818
is_linear=0
shrinkage=0.03


Tree=69
num_leaves=15
num_cat=0
split_feature=19 22 4 24 16 23 24 0 13 11 5 4 6 5
split_gain=1.52164 1.11294 1.33544 1.21905 1.08115 1.05526 1.05394 1.03646 0.944474 0.858547 0.85772 0.856446 0.834018 0.810955
threshold=0.86515151515151534 0.56904761904761914 1.2664759848587881 0.0011639716835072646 0.36754385964912284 0.40370370370370373 -0.085026221903339319 0.057596103086980606 0.9833333333333335 0.28859592176643495 -0.8640040316337978 0.30062143430907246 0.026023142663905222 0.95815638179047435
decision_type=8 2 10 2 10 10 2 2 10 8 10 10 8 8
left_child=1 8 3 7 5 -5 -2 9 13 -3 -8 -10 -12 -1
right_child=6 2 -4 4 -6 -7 10 -9 11 -11 12 -13 -14 -15
leaf_value=0.00016290196066622828 0.0014412504140372303 -0.00035588127130720836 -0.0019805130269620235 -2.9638289425439137e-05 0.00040625646269603065 -0.0014056212829776076 -0.002155500938945518 -0.0023944112785081835 -0.0022314190955136665 0.00081151737319319899 0.0011564654667994805 0.00013419162495423564 -0.00041441841601393261 0.00074589623606861769
leaf_weight=22862 286 8404 337 3632 6048 582 246 213 273 608 315 278 8855 2370
leaf_count=22862 286 8404 337 3632 6048 582 246 213 273 608 315 278 8855 2370
internal_value=-1.16947e-05 6.08815e-05 -0.000108129 -7.57486e-05 0.000149222 -0.000219677 -0.00035286 -0.000326009 0.00019083 -0.000277122 -0.000407354 -0.00103788 -0.000360457 0.000217662
internal_weight=55309 45607 19824 19487 10262 4214 9702 9225 25783 9012 9416 551 9170 25232
internal_count=55309 45607 19824 19487 10262 4214 9702 9225 25783 9012 9416 551 9170 25232
is_linear=0
shrinkage=0.03


Tree=70
num_leaves=15
num_cat=0
split_feature=18 21 4 14 14 2 8 10 2 20 3 9 19 5
split_gain=1.32222 1.53658 0.836196 1.00411 0.940137 1.17983 0.888169 0.87452 0.795832 0.752583 0.738489 0.733466 0.715578 0.873261
threshold=0.33908045977011497 0.91485507246376818 0.052664616266248306 0.73508771929824568 0.03509852216748769 -0.31895755243968577 0.3545889839149105 0.0002924428571428573 0.25538868599855796 0.63245614035087727 0.20465985586566174 0.00046146000000000007 0.67261904761904778 0.90596776282469094
decision_type=8 2 8 8 10 10 10 2 10 10 10 2 8 8
left_child=1 -1 3 4 9 -6 -5 8 10 -2 -8 -7 13 -4
right_child=2 -3 12 6 5 11 7 -9 -10 -11 -12 -13 -14 -15
leaf_value=0.00027317931332355229 -0.00050872170978687008 -0.00092592848668401884 0.00010117515375238996 -0.0025207065018774889 0.0014991637469712554 -5.8998383066069052e-05 -0.00036105536078705208 -0.0015401290826602941 0.0010198170789776921 -0.0025128154746855741 -0.0021106619741300034 -0.00087569967537312859 -0.00012591576077617303 0.00090372448188934392
leaf_weight=17419 527 1018 6679 222 415 12207 2372 675 341 248 239 1077 10583 1493
leaf_count=17419 527 1018 6679 222 415 12207 2372 675 341 248 239 1077 10583 1493
internal_value=-6.55373e-07 0.000206971 -0.000103897 -0.000248035 -0.000133511 -7.60033e-05 -0.000678695 -0.00056595 -0.000343196 -0.00115003 -0.000521207 -0.000125212 3.69204e-05 0.000247799
internal_weight=55515 18437 37078 18323 14474 13699 3849 3627 2952 775 2611 13284 18755 8172
internal_count=55515 18437 37078 18323 14474 13699 3849 3627 2952 775 2611 13284 18755 8172
is_linear=0
shrinkage=0.03


Tree=71
num_leaves=15
num_cat=0
split_feature=12 12 1 9 17 7 7 24 3 14 0 16 11 3
split_gain=1.04381 1.53394 1.38339 1.16263 1.28375 1.47359 1.31953 1.12898 1.5804 1.33649 1.27742 1.07247 1.20091 1.06651
threshold=0.10435571687840291 0.73508771929824568 -0.041398395158664829 0.00026018500000000007 0.93541666666666679 0.12115187013847283 0.090790021398934134 0.0080833133744180972 -0.38912270350765776 0.86811594202898557 -0.096145145098731219 0.84807692307692317 0.7792807419511234 0.040871829052374749
decision_type=2 2 8 2 8 10 8 2 8 10 2 8 8 10
left_child=7 -2 -3 4 5 6 -4 8 -1 10 -10 -9 -13 -8
right_child=1 2 3 -5 -6 -7 13 11 9 -11 -12 12 -14 -15
leaf_value=0.0023223508231453444 0.00015581252343299835 -0.00083876432735901086 6.4701786083357603e-05 -0.00034928742279663569 0.0014791830431142739 -0.0016850509248072314 0.00026436388119252329 -0.00041473520023152142 -0.0016072377920071518 0.0010139953044336141 -5.7614696940038288e-05 -0.0025319480442348536 -0.00011030348486022303 0.0032895395372702402
leaf_weight=242 35094 2585 4250 6508 662 395 203 1606 703 631 1501 563 274 217
leaf_count=242 35094 2585 4250 6508 662 395 203 1606 703 631 1501 563 274 217
internal_value=4.44703e-06 4.77385e-05 -0.000208183 -7.49538e-05 0.000236791 7.44094e-05 0.000223229 -0.000387011 -4.72145e-06 -0.000203364 -0.000551891 -0.000868512 -0.0017392 0.00182737
internal_weight=55434 49914 14820 12235 5727 5065 4670 5520 3077 2835 2204 2443 837 420
internal_count=55434 49914 14820 12235 5727 5065 4670 5520 3077 2835 2204 2443 837 420
is_linear=0
shrinkage=0.03


Tree=72
num_leaves=15
num_cat=0
split_feature=18 2 14 22 15 1 6 10 5 16 5 3 15 13
split_gain=1.41597 1.02025 1.26953 0.800903 0.837902 0.791402 0.782457 0.77472 0.750775 0.849783 0.747548 0.708093 1.10728 0.944005
threshold=0.33908045977011497 -0.043956177780539389 0.70710784313725505 0.33908045977011497 0.85960591133004927 0.073393861389905016 0.047893980535850235 3.2111428571428676e-05 -0.0039205809070915745 0.27681992337164757 -0.32021835701526907 -0.37315579491795653 0.16333333333333336 0.73205128205128212
decision_type=8 10 10 2 10 10 10 2 8 10 8 10 10 10
left_child=1 2 -1 4 10 7 -7 -5 -9 -10 -3 13 -13 -2
right_child=11 3 -4 5 -6 6 -8 8 9 -11 -12 12 -14 -15
leaf_value=0.00012066519029954248 0.00093998226094510592 0.0023795381720482381 -0.0010265619297754093 -0.00048665612230854895 0.0024438407647968882 -0.0010488506331627003 0.00090549279778071382 0.0001326077001100084 -1.0975398622055146e-05 0.001075873253831551 0.00053702821729101856 -0.00054848082990554051 -4.3123577534513696e-05 -0.0011100724140486243
leaf_weight=5412 1156 211 1034 881 251 736 246 3167 889 2383 3262 4457 31344 245
leaf_count=5412 1156 211 1034 881 251 736 246 3167 889 2383 3262 4457 31344 245
internal_value=2.64634e-05 0.000241171 -6.3361e-05 0.000404402 0.000769944 0.000240432 -0.00055927 0.000347715 0.000461876 0.000780577 0.000648969 -8.0146e-05 -0.000106037 0.000581479
internal_weight=55674 18472 6446 12026 3724 8302 982 7320 6439 3272 3473 37202 35801 1401
internal_count=55674 18472 6446 12026 3724 8302 982 7320 6439 3272 3473 37202 35801 1401
is_linear=0
shrinkage=0.03


Tree=73
num_leaves=15
num_cat=0
split_feature=8 22 9 15 12 18 3 5 12 2 17 2 5 6
split_gain=1.36641 1.49674 1.15813 1.07303 1.1473 0.819775 0.88041 1.03688 0.86032 0.980543 0.858001 0.800855 1.23772 0.79539
threshold=1.164397193468788 0.89827586206896559 0.00027679500000000009 0.16333333333333336 0.91833333333333345 0.93218390804597717 -0.18780714219215658 1.1426078910292612 0.67261904761904778 -0.042746678771434336 0.89379699248120315 0.15640026706374091 0.29585798816568049 0.076677877578161788
decision_type=8 2 2 10 2 10 10 8 2 10 8 10 10 10
left_child=3 -2 -3 4 13 8 -7 11 -5 10 -10 12 -8 -1
right_child=1 2 -4 5 -6 6 7 -9 9 -11 -12 -13 -14 -15
leaf_value=-0.00036105919052138713 -0.00016623254649592026 0.00035706246611731538 -0.0014559098812629424 0.000264245598716212 -0.0018904495576435594 0.0013634147256467257 0.00011517656753029198 0.00020490139576311155 -0.00032045062366400142 0.00013605154792947451 -0.0018723376173054207 -0.0030380300107162171 -0.0023980167728633057 0.00050133872623429096
leaf_weight=5053 13002 403 1488 21847 382 200 430 615 3072 7047 358 205 299 1189
leaf_count=5053 13002 403 1488 21847 382 200 430 615 3072 7047 358 205 299 1189
internal_value=-3.50588e-05 -0.000280928 -0.00106954 5.49165e-05 -0.000294458 0.000122837 -0.000509766 -0.000751622 0.000157066 -6.6428e-05 -0.000482426 -0.00138145 -0.000915612 -0.000196786
internal_weight=55590 14893 1891 40697 6624 34073 1749 1549 32324 10477 3430 934 729 6242
internal_count=55590 14893 1891 40697 6624 34073 1749 1549 32324 10477 3430 934 729 6242
is_linear=0
shrinkage=0.03


Tree=74
num_leaves=15
num_cat=0
split_feature=12 12 1 15 12 7 3 21 1 8 23 7 7 23
split_gain=1.06988 1.49212 1.04361 0.959626 1.20163 1.54334 1.0854 1.01672 0.946222 1.00517 1.25967 1.25184 1.69655 0.879657
threshold=0.70185185185185195 0.10435571687840291 0.22203985347797031 0.19615384615384621 0.9298029556650248 0.10961702416346689 -0.12807231095605101 0.40370370370370373 -0.018867181970982413 2.0018203574165132 0.9833333333333335 0.048415680377389463 0.0623401580361541 0.69098143236074283
decision_type=2 2 10 10 2 8 8 2 10 8 10 10 10 8
left_child=1 2 -1 4 6 -6 -2 -8 -5 13 11 -11 -13 -10
right_child=3 -3 -4 8 5 -7 7 -9 9 10 -12 12 -14 -15
leaf_value=-0.00045910927971105008 0.00035024032795193908 0.00016024431832442306 0.0015553913386692562 -0.00052955131182010561 -0.00044835252626153241 -0.003647248685069133 0.00025397442951498756 -0.002462743323875121 -0.00013164329370381919 0.0002035324225056907 0.00086098755333112193 -0.0042581350180262234 -0.0010467138077549047 0.00044505553162592533
leaf_weight=5306 786 33223 242 3826 274 269 202 321 5230 391 356 200 570 4369
leaf_count=5306 786 33223 242 3826 274 269 202 321 5230 391 356 200 570 4369
internal_value=-2.44778e-06 8.4191e-05 -0.000371238 -0.000202464 -0.000846602 -0.00203307 -0.00035443 -0.00141346 -0.000122626 1.74336e-05 -0.000700172 -0.00117887 -0.00188085 0.000130842
internal_weight=55565 38771 5548 16794 1852 543 1309 523 14942 11116 1517 1161 770 9599
internal_count=55565 38771 5548 16794 1852 543 1309 523 14942 11116 1517 1161 770 9599
is_linear=0
shrinkage=0.03


Tree=75
num_leaves=15
num_cat=0
split_feature=20 19 18 20 3 3 12 18 3 22 21 5 4 9
split_gain=1.52082 0.937226 0.899918 1.16181 0.886411 0.944381 1.15932 1.08854 0.934219 1.18198 0.884467 0.869866 0.819521 0.814979
threshold=0.84807692307692317 0.95553359683794481 0.9833333333333335 0.35504201680672276 0.021315500815715208 -0.18131581095138491 0.9298029556650248 0.4188596491228071 0.09587098445553778 0.36181818181818187 0.91485507246376818 0.79153252709146238 0.4853396713441353 -0.0020226449999999996
decision_type=8 10 10 10 10 10 2 10 10 2 2 10 10 2
left_child=2 -2 4 -4 5 6 11 10 -6 -10 -7 -1 -5 -9
right_child=1 -3 3 12 8 7 -8 13 9 -11 -12 -13 -14 -15
leaf_value=0.00024622616376320585 -0.00023855663900907226 -0.0012562545892563191 0.00066599124129842503 -0.0031318857943495875 0.00055456185101063172 0.00014691111672000598 -0.0011154644190481651 -0.0020329336311996856 0.0005303209714293092 -0.00012620678510402047 -0.0010741087482306177 0.0012547310403104898 -0.00055036806860672574 -0.00031259438515451751
leaf_weight=6452 8945 896 244 234 6342 10338 508 255 3742 7249 563 874 210 8819
leaf_count=6452 8945 896 244 234 6342 10338 508 255 3742 7249 563 874 210 8819
internal_value=7.16164e-06 -0.000331216 7.98208e-05 -0.000997001 9.62325e-05 -8.71998e-06 0.00027044 -0.000118204 0.000264618 9.73149e-05 8.38495e-05 0.000366542 -0.0019109 -0.00036094
internal_weight=55671 9841 45830 688 45142 27809 7834 19975 17333 10991 10901 7326 444 9074
internal_count=55671 9841 45830 688 45142 27809 7834 19975 17333 10991 10901 7326 444 9074
is_linear=0
shrinkage=0.03


Tree=76
num_leaves=15
num_cat=0
split_feature=21 8 12 8 5 7 2 14 13 6 21 13 23 12
split_gain=1.37138 1.26253 1.25063 1.20827 0.912154 1.02914 1.46256 1.05258 1.05098 0.843549 0.834204 0.980495 1.05694 0.925571
threshold=0.86515151515151534 1.2305587755133263 0.10435571687840291 1.7008583730021034 -0.41270006578394053 0.043421486432999437 -0.10035956705215075 0.50833333333333341 0.033908045977011504 0.070845427251655282 0.042572463768115944 0.081666666666666679 0.86811594202898557 0.042572463768115944
decision_type=2 8 2 10 8 10 8 10 10 8 2 10 8 2
left_child=2 -2 10 9 -4 6 -6 8 -7 -3 -1 -12 -13 -14
right_child=1 3 4 -5 5 7 -8 -9 -10 -11 11 12 13 -15
leaf_value=-0.0017452379066621583 -0.00014215276606593352 -0.0009691191479715178 0.00055923883655043883 -0.00026520911757949234 -0.00070202851674846828 -0.0014239601744087161 0.00036297101708714292 -0.00023849039685369425 0.00019944771046786748 -0.002715950094491144 0.0005502529338820536 -0.0002227265892484594 -0.00021568085706689626 -0.002326630556344144
leaf_weight=389 5799 558 3763 972 1271 370 13353 12669 11972 449 952 2252 307 478
leaf_count=389 5799 558 3763 972 1271 370 13353 12669 11972 449 952 2252 307 478
internal_value=3.97883e-06 -0.000365435 6.412e-05 -0.00101971 0.000112871 7.04923e-05 0.00027041 -4.64001e-05 0.00015078 -0.00174799 -0.000419137 -0.000289818 -0.000553152 -0.00150107
internal_weight=55554 7778 47776 1979 43398 39635 14624 25011 12342 1007 4378 3989 3037 785
internal_count=55554 7778 47776 1979 43398 39635 14624 25011 12342 1007 4378 3989 3037 785
is_linear=0
shrinkage=0.03


Tree=77
num_leaves=15
num_cat=0
split_feature=19 2 12 23 14 2 21 3 12 1 20 16 9 7
split_gain=1.23993 0.889693 0.853243 1.34478 1.12314 1.0834 0.997038 1.60785 1.06706 0.946006 1.30345 0.919881 1.15369 1.15224
threshold=0.11882352941176472 0.0011647430510831616 0.74537037037037046 0.9833333333333335 0.88117647058823534 0.72385018617470165 0.89827586206896559 -0.24491204961353938 0.16954022988505749 0.22203985347797031 0.90238095238095251 0.45993589743589752 0.00077027500000000006 0.0995997833377638
decision_type=8 10 2 10 10 8 2 8 2 10 10 8 2 10
left_child=1 -1 6 5 -5 11 8 -8 9 10 -2 12 -4 -13
right_child=2 -3 3 4 -6 -7 7 -9 -10 -11 -12 13 -14 -15
leaf_value=7.8733979602978426e-05 -0.00010756640152857926 0.0008468689670936419 -0.00044166928746540543 -0.0011239111882566316 0.0013786148140483017 -0.0023126864552032202 0.00091130665469262202 -0.00068575642156285855 0.00019302577240217555 0.0016016149004158306 -0.0012325545500100283 9.4158571172713729e-05 -0.0019074364507923255 -0.00081060137600801258
leaf_weight=2820 6069 2616 3740 205 759 240 688 3235 25343 249 1094 6359 555 1582
leaf_count=2820 6069 2616 3740 205 759 240 688 3235 25343 249 1094 6359 555 1582
internal_value=1.8041e-05 0.000448388 -2.86362e-05 -0.000233122 0.000846439 -0.000316538 4.62941e-05 -0.00040567 0.000100425 -0.000216194 -0.000279385 -0.000277385 -0.000631076 -8.6087e-05
internal_weight=55554 5436 50118 13440 964 12476 36678 3923 32755 7412 7163 12236 4295 7941
internal_count=55554 5436 50118 13440 964 12476 36678 3923 32755 7412 7163 12236 4295 7941
is_linear=0
shrinkage=0.03


Tree=78
num_leaves=15
num_cat=0
split_feature=19 17 22 0 4 9 22 1 7 5 15 9 13 22
split_gain=1.23275 0.934826 1.17709 0.924373 1.37079 0.830969 0.828468 0.814082 0.921601 0.934773 0.764181 1.1417 1.21087 1.19964
threshold=0.28285714285714292 0.9833333333333335 0.12771739130434787 0.00045286529846588769 0.11958414412526476 0.00059716000000000012 0.88397435897435905 0.12226982108774055 0.11319644929159445 1.6124489426330648 0.03509852216748769 0.0011792300000000001 0.63484848484848488 0.56385869565217395
decision_type=8 10 2 2 10 2 2 10 8 10 8 2 8 2
left_child=3 10 -3 6 -5 7 -1 8 9 -4 11 12 13 -2
right_child=1 2 5 4 -6 -7 -8 -9 -10 -11 -12 -13 -14 -15
leaf_value=6.6497629116255683e-05 -0.00090289892101656018 0.0016649058123644536 0.00038853792605464751 0.00021516038443424244 0.0011613389201014413 0.0013835411239193662 -0.0011669177360388195 -0.0020534879106652131 0.0013399924164838796 -0.0023282950342938418 -0.00010945021872314755 -0.0028235851718821153 -0.0023419906199438562 0.0010625315653654097
leaf_weight=6831 642 585 265 5445 1845 315 528 208 306 200 37488 213 253 495
leaf_count=6831 642 585 265 5445 1845 315 528 208 306 200 37488 213 253 495
internal_value=-2.10071e-05 -0.000105461 0.000548164 0.000215191 0.000454625 4.33008e-05 -2.19985e-05 -0.000387931 6.14024e-05 -0.000779992 -0.000136879 -0.000778325 -0.000464915 -4.72366e-05
internal_weight=55619 40970 1879 14649 7290 1294 7359 979 771 465 39091 1603 1390 1137
internal_count=55619 40970 1879 14649 7290 1294 7359 979 771 465 39091 1603 1390 1137
is_linear=0
shrinkage=0.03


Tree=79
num_leaves=15
num_cat=0
split_feature=7 21 10 16 24 12 16 11 2 5 5 13 1 5
split_gain=1.17643 1.25296 1.06152 1.04521 0.943191 1.05664 1.14664 1.00448 0.995637 1.9807 0.861966 0.858297 0.946047 0.88788
threshold=0.069005680037244513 0.67261904761904778 -4.492857142857196e-06 0.96490147783251246 0.0088213755014828633 0.11324786324786326 0.83045977011494265 -0.013961167767161107 -0.26300394892958889 0.49292615886906471 1.0435823739815031 0.96225071225071235 0.09904101651806331 0.091310821413941992
decision_type=10 2 2 10 2 2 10 10 10 10 10 10 10 10
left_child=1 3 -3 11 8 6 7 -6 9 -2 -8 13 -13 -1
right_child=4 2 -4 -5 5 -7 10 -9 -10 -11 -12 12 -14 -15
leaf_value=8.2871308381267963e-05 2.0386292799972877e-05 -0.0011684330096696359 -7.6335736024133737e-05 0.0017042045236287683 -0.0013719267796686459 -0.00027211265729123487 -0.0032163841068843899 0.0010237260688988144 -9.2301582731766781e-05 0.0027592556822233862 -0.0011113846063296087 0.00032502333502403442 -0.0017368171013921211 0.00045409236880640524
leaf_weight=14748 784 873 9716 421 338 7334 305 295 9688 341 411 378 426 9556
leaf_count=14748 784 873 9716 421 338 7334 305 295 9688 341 411 378 426 9556
internal_value=6.61212e-06 0.000107985 -0.000166373 0.000221785 -0.000181191 -0.000414046 -0.00118568 -0.000255469 5.79592e-06 0.000850568 -0.00200807 0.000196928 -0.000767444 0.00022883
internal_weight=55614 36118 10589 25529 19496 8683 1349 633 10813 1125 716 25108 804 24304
internal_count=55614 36118 10589 25529 19496 8683 1349 633 10813 1125 716 25108 804 24304
is_linear=0
shrinkage=0.03


Tree=80
num_leaves=15
num_cat=0
split_feature=8 22 11 11 11 3 24 13 4 3 10 2 20 18
split_gain=0.992863 0.976945 0.969743 1.15673 0.939271 0.936352 0.95138 0.763216 1.06356 0.854418 0.722516 1.49072 1.2365 1.14535
threshold=1.164397193468788 0.68541666666666679 -0.30315016138232886 -0.033142952381097483 -0.075652741062199921 -0.028378322395709973 -0.046731916713217754 0.9833333333333335 1.4968792584783894 -0.27048915843459792 -0.00035778142857142888 0.0099011926478028717 0.72570532915360519 0.86811594202898557
decision_type=10 2 8 10 8 10 2 10 8 10 2 10 8 10
left_child=10 2 -2 4 -4 -5 -7 8 9 -3 11 12 -1 -13
right_child=1 7 3 5 -6 6 -8 -9 -10 -11 -12 13 -14 -15
leaf_value=-0.00038474100954763045 0.0014884507486610399 -0.0024486935567536688 -0.00039176226216765015 -0.0014863879502465976 -0.0019634459467752336 0.001143237878843704 1.6311392772961291e-05 0.00068309967111992206 -0.0024365367765150875 -0.00046082511817617197 0.00011666640028864458 0.0010676593716416739 -0.0020627195276038579 -0.00081160828824741412
leaf_weight=3100 357 205 1409 335 452 755 6302 399 292 3835 36356 1045 453 405
leaf_count=3100 357 205 1409 335 452 755 6302 399 292 3835 36356 1045 453 405
internal_value=-4.43152e-06 -0.000219528 -4.57955e-05 -0.00010499 -0.000773493 6.33116e-05 0.000136877 -0.000572428 -0.000688069 -0.000561695 7.0152e-05 -0.000267861 -0.00059868 0.00054276
internal_weight=55700 14341 9610 9253 1861 7392 7057 4731 4332 4040 41359 5003 3553 1450
internal_count=55700 14341 9610 9253 1861 7392 7057 4731 4332 4040 41359 5003 3553 1450
is_linear=0
shrinkage=0.03


Tree=81
num_leaves=15
num_cat=0
split_feature=21 10 0 8 19 2 0 15 4 18 11 12 11 13
split_gain=1.17843 1.02859 1.07647 0.937254 1.03006 1.06393 1.01142 0.885028 1.28841 1.04419 0.874275 0.848194 1.38159 1.06455
threshold=0.86285266457680254 0.0013696585714285719 0.065626158878661647 1.9603534184803146 0.39009661835748799 -0.1244444201935737 -0.042577911722944499 0.9833333333333335 1.4059905805384201 0.95916666666666683 0.041606931363338047 0.86811594202898557 -0.059807226666174322 0.81980519480519487
decision_type=2 2 2 10 10 10 2 10 10 8 10 2 10 10
left_child=3 7 10 4 -1 6 -6 8 9 11 -3 13 -13 -2
right_child=1 2 -4 -5 5 -7 -8 -9 -10 -11 -12 12 -14 -15
leaf_value=0.00026346309356805849 -5.3064215387933643e-05 -0.0019521757904628042 -0.0030800120863722449 -0.00043879004727567133 0.0008104003717086469 -0.0001292973816486961 -3.6134601609406285e-06 -0.0016939830513105594 0.0020190001618193118 -0.0016090736873363037 -9.261673630370477e-05 -0.00082038804460159045 0.0017608379987820704 -0.0013103344174600589
leaf_weight=18327 4043 347 213 3225 2353 20656 3301 336 245 439 661 295 508 713
leaf_count=18327 4043 347 213 3225 2353 20656 3301 336 245 439 661 295 508 713
internal_value=-6.16617e-07 -0.00034255 -0.00114223 5.51078e-05 9.07916e-05 -2.94877e-05 0.000335151 -0.000194136 -0.000113414 -0.000200517 -0.000732763 -8.92815e-05 0.000812567 -0.000241549
internal_weight=55662 7800 1221 47862 44637 26310 5654 6579 6243 5998 1008 5559 803 4756
internal_count=55662 7800 1221 47862 44637 26310 5654 6579 6243 5998 1008 5559 803 4756
is_linear=0
shrinkage=0.03


Tree=82
num_leaves=15
num_cat=0
split_feature=8 22 20 18 11 1 3 12 10 11 1 12 1 15
split_gain=1.25102 0.915639 1.07935 0.796497 0.880382 1.23203 0.913469 0.825435 1.41322 1.03369 0.887306 1.01463 0.83616 0.871018
threshold=1.164397193468788 0.91287878787878796 0.66091954022988519 0.93541666666666679 0.55282071810220457 -0.028810041655497883 -0.09964886848928721 0.6858552631578948 0.001321301428571429 0.25196078475825617 -0.23620294416950269 0.37715517241379315 -0.034297162996447743 0.45993589743589752
decision_type=8 2 10 10 8 10 10 2 2 10 10 2 10 10
left_child=3 -2 -3 7 5 6 -5 10 12 -10 -1 -12 -9 -14
right_child=1 2 -4 4 -6 -7 -8 8 9 -11 11 -13 13 -15
leaf_value=0.0017435198988368656 -0.0001805413568528549 -0.0027132732528390205 -0.00058864754522801376 0.00097922479870751322 0.00085259660122273117 -0.0021947555421129201 -0.0013091155701259614 -0.00050556311806816939 -0.0027468890714960953 -0.00022791275546149982 -1.7271729284747173e-05 0.00035188467495557798 -0.00028785339033533911 0.00032685732216779315
leaf_weight=323 13431 263 1184 315 281 468 313 2706 309 279 13821 13007 3314 5547
leaf_count=323 13431 263 1184 315 281 468 313 2706 309 279 13821 13007 3314 5547
internal_value=-2.23926e-05 -0.00025779 -0.00097481 6.36936e-05 -0.000645507 -0.0010296 -0.000161302 8.85389e-05 -0.000116931 -0.00155166 0.000180524 0.000161706 -4.39978e-05 9.69565e-05
internal_weight=55561 14878 1447 40683 1377 1096 628 39306 12155 588 27151 26828 11567 8861
internal_count=55561 14878 1447 40683 1377 1096 628 39306 12155 588 27151 26828 11567 8861
is_linear=0
shrinkage=0.03


Tree=83
num_leaves=15
num_cat=0
split_feature=18 2 5 5 22 0 2 7 13 13 16 1 10 9
split_gain=1.01853 0.772275 0.802518 0.783295 1.32907 0.7931 0.698184 0.908553 0.785702 0.64897 0.566571 0.560579 1.2912 1.24616
threshold=0.33908045977011497 -0.091618947873922482 0.091310821413941992 0.30321694280885431 0.71833333333333338 -0.032542013479701253 -0.1504821109759297 0.0623401580361541 0.43095238095238103 0.90238095238095251 0.66091954022988519 0.010515356119659371 -0.00035778142857142888 6.8654999999999999e-05
decision_type=10 10 8 10 2 2 8 10 10 8 8 10 2 2
left_child=1 6 9 5 -5 -4 8 -8 -1 -3 -7 12 -2 -14
right_child=11 2 3 4 -6 10 7 -9 -10 -11 -12 -13 13 -15
leaf_value=0.00099952016636606182 -0.00050215392982916427 0.00017569465241299852 -0.00067522317985540246 0.00059202110212266501 -0.00088083418685211596 0.00082387579346475544 -0.00017966813970718204 -0.0016257889069350702 -0.00039096434279748505 -0.0011730784834949885 0.0018306655050748211 -0.00019491502852158273 0.0005761444252155635 -6.1699316642393398e-06
leaf_weight=736 3312 8956 251 2313 724 1894 1532 525 727 333 685 16379 4463 12775
leaf_count=736 3312 8956 251 2313 724 1894 1532 525 727 333 685 16379 4463 12775
internal_value=2.73166e-05 0.000207865 0.000300835 0.000575518 0.000240902 0.00093461 -0.000192436 -0.000548756 0.000308555 0.000127343 0.00109129 -6.39913e-05 4.0359e-05 0.000144594
internal_weight=55605 18676 15156 5867 3037 2830 3520 2057 1463 9289 2579 36929 20550 17238
internal_count=55605 18676 15156 5867 3037 2830 3520 2057 1463 9289 2579 36929 20550 17238
is_linear=0
shrinkage=0.03


Tree=84
num_leaves=15
num_cat=0
split_feature=7 17 0 5 14 14 13 2 4 17 10 15 1 6
split_gain=0.976343 1.13585 0.727874 0.699749 0.714324 0.637415 0.657157 0.669809 0.570658 1.52619 1.11264 0.640863 1.18969 0.963945
threshold=0.053500071907473891 0.067816091954023008 -0.04093904008264198 0.88198770095997625 0.73205128205128212 0.83045977011494265 0.96225071225071235 0.22398239411319679 -0.55335661388730473 0.042572463768115944 -0.0001155292857142856 0.16333333333333336 0.065716685561944446 0.08838556998678869
decision_type=8 10 2 10 10 10 10 10 10 10 2 10 10 8
left_child=1 2 -1 5 -5 -3 7 -7 9 -2 -11 12 13 -10
right_child=8 3 -4 4 -6 6 -8 -9 11 10 -12 -13 -14 -15
leaf_value=-0.0023495317900703999 -0.0010611582748174654 0.000227028544229602 -0.00041085141029189822 0.00022427899896523311 0.0026128753704654276 9.6130521943150473e-05 -0.0012724708878202613 -0.001523462451163637 -0.00048158525088338653 0.0029912960404857754 0.00040092166862943821 -7.748385178167303e-05 -0.0017212923993626705 0.00072121303834622567
leaf_weight=204 321 19770 1197 238 214 2508 464 253 3588 258 354 24848 586 720
leaf_count=204 321 19770 1197 238 214 2508 464 253 3588 258 354 24848 586 720
internal_value=-3.14418e-06 0.000136632 -0.000693143 0.000186212 0.00135516 0.000163235 -0.000227835 -5.22784e-05 -0.000116368 0.0006142 0.00149294 -0.000139286 -0.000453071 -0.00028056
internal_weight=55523 24848 1401 23447 452 22995 3225 2761 30675 933 612 29742 4894 4308
internal_count=55523 24848 1401 23447 452 22995 3225 2761 30675 933 612 29742 4894 4308
is_linear=0
shrinkage=0.03


Tree=85
num_leaves=15
num_cat=0
split_feature=10 13 9 24 11 17 24 13 18 16 22 3 14 2
split_gain=0.852971 1.06361 1.08623 1.013 0.963422 1.06891 0.970531 0.857573 0.845523 0.767605 1.24276 1.52994 1.13062 1.0724
threshold=0.0014282207142857144 0.83045977011494265 0.0017579150000000003 -0.089893931885538361 0.19039321538813828 0.58477011494252884 -0.053517479692942155 0.62731481481481499 0.9833333333333335 0.62731481481481499 0.79772727272727284 0.4649813845983139 0.74537037037037046 0.18795669284213903
decision_type=2 10 2 2 10 10 2 10 10 8 2 8 8 10
left_child=1 8 3 -3 5 7 -6 -2 -1 12 -11 -12 -5 -14
right_child=4 2 -4 9 6 -7 -8 -9 -10 10 11 -13 13 -15
leaf_value=0.00015333335959524062 -8.7580648314697688e-05 -0.002103718708372229 0.0018983151476519805 4.077246252389059e-07 0.0017882964914110082 -0.0024521274184535601 -0.00022387115118991424 -0.0019713806903237882 -0.00077890205665038864 0.00022540620596170436 -0.0002644846807801594 -0.002669163469622125 -0.001461154072312638 0.0002076795612027791
leaf_weight=40442 879 259 216 1749 241 346 2058 289 895 4852 1086 305 1434 457
leaf_count=40442 879 259 216 1749 241 346 2058 289 895 4852 1086 305 1434 457
internal_value=3.30933e-05 6.50321e-05 -0.000206812 -0.000251646 -0.00039992 -0.000987549 -1.29393e-05 -0.000553692 0.000133149 -0.000203109 -1.22606e-06 -0.000791751 -0.000549361 -0.00105785
internal_weight=55508 51695 10358 10142 3813 1514 2299 1168 41337 9883 6243 1391 3640 1891
internal_count=55508 51695 10358 10142 3813 1514 2299 1168 41337 9883 6243 1391 3640 1891
is_linear=0
shrinkage=0.03


Tree=86
num_leaves=15
num_cat=0
split_feature=1 22 17 3 10 22 3 6 9 24 21 4 16 21
split_gain=1.04052 0.942948 0.91903 1.53664 0.884281 1.19996 1.04042 0.844801 1.09173 0.900859 0.906976 0.81706 0.794841 0.948147
threshold=0.073393861389905016 0.79772727272727284 0.93541666666666679 0.89369762506252781 -0.00061639857142857123 0.267948717948718 -0.34393050064248043 0.059135225251452823 -0.0017640499999999999 -0.021291632467459617 0.042572463768115944 0.3974869985141159 0.12250000000000001 0.99166666666666681
decision_type=8 2 8 10 2 2 8 10 2 2 2 8 10 2
left_child=4 2 -2 -4 7 11 -7 8 -1 -9 -11 -6 -3 -14
right_child=1 12 3 -5 5 6 -8 9 -10 10 -12 -13 13 -15
leaf_value=0.0011972969972367327 -0.00025147905789772197 -0.0023956388447793622 0.0015971120683666413 -0.00089619191109456802 0.00027673471342489923 0.00089643366955064797 -2.7627044855116852e-05 7.8302100668143889e-05 -0.00040606933880653638 -0.0025341705705598182 -0.00078694766284855076 0.0010897887432202782 -0.00083433827349268966 0.0010958924855790535
leaf_weight=546 6836 251 640 341 6549 1135 32413 675 1274 368 978 1340 2040 258
leaf_count=546 6836 251 640 341 6549 1135 32413 675 1274 368 978 1340 2040 258
internal_value=-2.05145e-05 -0.000291643 -0.000128254 0.000730428 4.15581e-05 8.19227e-05 3.63589e-06 -0.000393898 7.49406e-05 -0.000816109 -0.00126464 0.000414837 -0.000792709 -0.000617628
internal_weight=55644 10366 7817 981 45278 41437 33548 3841 1820 2021 1346 7889 2549 2298
internal_count=55644 10366 7817 981 45278 41437 33548 3841 1820 2021 1346 7889 2549 2298
is_linear=0
shrinkage=0.03


Tree=87
num_leaves=15
num_cat=0
split_feature=16 8 10 4 3 4 10 22 12 4 5 1 3 24
split_gain=0.950943 1.33551 1.08494 1.07507 0.847559 0.87263 0.769026 1.78116 1.11117 1.00367 0.975467 0.974103 1.27929 0.964958
threshold=0.10435571687840291 1.9603534184803146 0.0014282207142857144 -0.52517226184007371 -0.37315579491795653 -0.55335661388730473 -0.00013505785714285721 0.40370370370370373 0.83045977011494265 -0.2137549059588931 3.8777567974521618 0.294704498510935 0.67875853229923666 0.012471783754084113
decision_type=8 8 2 8 10 10 2 2 2 10 8 8 10 2
left_child=1 2 4 -2 5 -1 9 -8 11 -5 -11 12 -9 -14
right_child=3 -3 -4 6 -6 -7 7 8 -10 10 -12 -13 13 -15
leaf_value=0.0022034612842647293 0.0020000369680192634 -0.0026987877206140478 -0.0015411156101199201 0.00038564803304061787 -0.00027863887138878318 -0.00029150786589889321 0.00039494880882132171 6.4594919711983233e-05 -0.00041853690201530675 -0.00046521536246507103 0.0012295159540954047 0.0021157201839220397 -0.00010392086993325306 -0.0025313085354294047
leaf_weight=266 249 215 556 1905 4258 240 11539 22522 5764 6826 320 203 287 303
leaf_count=266 249 215 556 1905 4258 240 11539 22522 5764 6826 320 203 287 303
internal_value=-7.65473e-06 -0.000380738 -0.000287057 3.37134e-05 -0.000140698 0.00102008 2.38559e-05 7.95793e-05 -4.55642e-05 -0.000226213 -0.000389325 4.66432e-05 2.84698e-05 -0.00135053
internal_weight=55453 5535 5320 49918 4764 506 49669 40618 29079 9051 7146 23315 23112 590
internal_count=55453 5535 5320 49918 4764 506 49669 40618 29079 9051 7146 23315 23112 590
is_linear=0
shrinkage=0.03


Tree=88
num_leaves=15
num_cat=0
split_feature=19 2 3 4 23 23 19 10 18 10 7 24 4 14
split_gain=0.823904 1.00664 0.663564 1.20947 1.00822 0.855487 1.1442 0.884397 0.803785 1.82414 1.38483 1.00444 0.74354 1.138
threshold=0.11882352941176472 0.0011647430510831616 0.76551418814698269 2.287477349265775 0.96609195402298864 0.9833333333333335 0.96225071225071235 -0.0012789535714285711 0.9833333333333335 -9.2592857142857729e-06 0.11778667684230951 1.0000000180025095e-35 0.015959715325119531 0.93218390804597717
decision_type=8 10 10 10 10 8 8 2 10 2 8 2 8 10
left_child=1 -1 3 8 -5 -4 -7 -8 12 11 -11 -10 13 -2
right_child=2 -3 5 4 -6 6 7 -9 9 10 -12 -13 -14 -15
leaf_value=-6.8353160154894637e-05 -0.00010958619931819646 0.00074381789907544346 -0.0010465760450624453 -1.7534745243774371e-05 0.0026285734329427723 0.0014283297211688951 0.00061394035637092126 -0.0019561236757644506 -0.00074400666763454755 0.0012287886123363437 -0.0017134280609310752 -0.0032714348013662747 8.9491321469537799e-05 -0.0011959073897868037
leaf_weight=2833 22958 2666 1335 242 279 369 221 265 272 440 214 295 22590 902
leaf_count=2833 22958 2666 1335 242 279 369 221 265 272 440 214 295 22590 902
internal_value=-2.3277e-05 0.0003254 -6.13338e-05 -3.81246e-05 0.00139948 -0.000572063 0.000168844 -0.000787432 -5.38363e-05 -0.000813636 0.000266045 -0.00205898 -3.38639e-05 -0.000150653
internal_weight=55881 5499 50382 48192 521 2190 855 486 47671 1221 654 567 46450 23860
internal_count=55881 5499 50382 48192 521 2190 855 486 47671 1221 654 567 46450 23860
is_linear=0
shrinkage=0.03


Tree=89
num_leaves=15
num_cat=0
split_feature=8 22 9 20 10 12 23 13 4 4 11 20 9 20
split_gain=0.983219 1.44125 1.51496 0.856864 1.34124 0.853091 1.13543 1.02291 0.782254 0.990907 0.780298 0.753964 1.09877 1.00015
threshold=1.164397193468788 0.89087301587301593 0.00027679500000000009 0.33908045977011497 -0.0022967807142857135 0.67261904761904778 0.84105263157894739 0.067816091954023008 -0.59509722485195593 0.049391855149731774 -0.099513582394933117 0.69098143236074283 0.0020248200000000005 0.90238095238095251
decision_type=8 2 2 10 2 2 10 10 8 10 10 8 2 8
left_child=3 -2 -3 5 -5 6 8 -8 -1 -10 -11 -4 13 -13
right_child=1 2 11 4 -6 -7 7 -9 9 10 -12 12 -14 -15
leaf_value=0.0016647190603987308 -8.1959596819480561e-05 0.00067494594705938766 -0.0028334084653761239 -0.0015150558064200256 0.0002440387636304417 -0.0003968219397588744 0.00084776263810515656 -0.0012529581205424831 -0.00010029428134653655 0.002310422918898985 0.00039039370479071938 -0.00056873850817090732 0.00081015379046958343 -0.0025043950612598565
leaf_weight=302 13126 394 276 397 22433 4994 266 967 7036 200 4009 483 222 478
leaf_count=302 13126 394 276 397 22433 4994 266 967 7036 200 4009 483 222 478
internal_value=1.52136e-05 -0.000192526 -0.000975736 9.18495e-05 0.000213449 -6.43404e-05 6.55823e-05 -0.000799761 0.000157985 0.000117519 0.000481628 -0.0014215 -0.00109209 -0.00153153
internal_weight=55583 14979 1853 40604 22830 17774 12780 1233 11547 11245 4209 1459 1183 961
internal_count=55583 14979 1853 40604 22830 17774 12780 1233 11547 11245 4209 1459 1183 961
is_linear=0
shrinkage=0.03


Tree=90
num_leaves=15
num_cat=0
split_feature=19 24 9 1 24 19 4 24 8 16 12 11 3 1
split_gain=0.822948 1.06592 0.769769 0.62407 1.09584 1.1253 1.04315 0.732606 0.734211 0.59166 0.860732 0.797938 0.516685 1.28505
threshold=0.27681992337164757 -0.073152222972232048 0.00029893500000000006 -0.17229993774533239 -0.024745209400107885 0.83666666666666678 0.30062143430907246 -0.039407918481214103 1.0997545765098675 0.33908045977011497 0.86811594202898557 0.18138889137314887 -0.024953679716532503 0.04589755302818755
decision_type=8 2 2 8 2 8 10 2 10 10 2 10 10 8
left_child=1 2 -1 4 7 -6 -7 8 -2 10 11 -3 13 -5
right_child=3 9 -4 12 5 6 -8 -9 -10 -11 -12 -13 -14 -15
leaf_value=-0.00024205316823233127 0.001232642115914663 -5.536896505355839e-05 -0.0023416767970305835 -0.00013994669694031593 0.0006970707935547312 -0.0028884477692139717 6.1443347692736149e-05 0.0026254551117262334 -0.00047146355794670239 0.00036557517328112191 -0.0018079609190403893 0.0014278308129536785 -4.1534932369004396e-05 -0.00081567493003148256
leaf_weight=429 661 4851 248 14049 408 229 204 202 347 8413 236 350 21757 3090
leaf_count=429 661 4851 248 14049 408 229 204 202 347 8413 236 350 21757 3090
internal_value=-4.28623e-05 0.000151131 -0.00101119 -0.000111686 0.000398345 -0.000433431 -0.00149866 0.000976463 0.000646011 0.000207946 -3.59634e-05 4.44426e-05 -0.00013858 -0.000261774
internal_weight=55474 14527 677 40947 2051 841 433 1210 1008 13850 5437 5201 38896 17139
internal_count=55474 14527 677 40947 2051 841 433 1210 1008 13850 5437 5201 38896 17139
is_linear=0
shrinkage=0.03


Tree=91
num_leaves=15
num_cat=0
split_feature=21 17 3 19 3 5 7 14 15 0 14 7 24 22
split_gain=0.645944 1.87189 1.20738 0.870706 1.20368 0.798793 0.738117 0.925228 0.730819 1.24795 0.790569 0.733315 0.606172 0.595869
threshold=0.86285266457680254 0.9833333333333335 -0.17829029368337165 0.68857758620689669 -0.044142706315599793 0.095606696819000594 0.11477532628786537 0.53137254901960795 0.16333333333333336 -0.11774271265410284 0.74537037037037046 0.1517770679669905 0.072103134404041272 0.59629629629629644
decision_type=2 10 10 8 10 10 10 10 8 2 10 10 2 2
left_child=8 2 5 4 -4 6 7 -2 9 -1 12 -10 -11 -5
right_child=1 -3 3 13 -6 -7 -8 -9 11 10 -12 -13 -14 -15
leaf_value=0.0018153421385065313 0.0011177090756626397 0.0016126407337796677 -0.001085495464924873 -0.0019228012168142747 0.00017827958774906265 0.001447829276174451 -0.0011268488766758569 -0.0012303679881988147 0.0001314830841982514 -0.00034825065224114297 -0.0021139675644481527 -0.00054160504332757614 0.001126639827112244 -0.00074526336435800603
leaf_weight=251 566 466 989 475 2159 452 378 206 40585 5014 219 1511 264 2082
leaf_count=251 566 466 989 475 2159 452 378 206 40585 5014 219 1511 264 2082
internal_value=2.27877e-05 -0.000230862 -0.00034843 -0.000552781 -0.000218758 0.000379299 -4.06794e-05 0.00049115 6.3997e-05 -0.000253306 -0.000347763 0.000107323 -0.000274478 -0.000964008
internal_weight=55617 7773 7307 5705 3148 1602 1150 772 47844 5748 5497 42096 5278 2557
internal_count=55617 7773 7307 5705 3148 1602 1150 772 47844 5748 5497 42096 5278 2557
is_linear=0
shrinkage=0.03


Tree=92
num_leaves=15
num_cat=0
split_feature=18 2 11 19 10 11 11 4 1 7 4 7 7 21
split_gain=0.847158 1.31915 0.983067 1.26175 1.05036 0.791298 1.12468 0.891674 0.972688 1.07662 0.856146 1.16398 0.941124 1.04312
threshold=0.9833333333333335 0.72385018617470165 0.82000949228330511 0.96609195402298864 -4.492857142857196e-06 1.2891877047245912 0.70760316144411906 0.70944281122819963 -0.0041352873995370567 0.084710877183666017 2.287477349265775 0.15656469520147306 0.10181148866954345 0.4491379310344828
decision_type=10 10 10 10 2 10 10 8 8 8 10 10 10 2
left_child=1 5 4 -4 -2 6 7 -1 9 -9 12 -12 13 -8
right_child=2 -3 3 -5 -6 -7 10 8 -10 -11 11 -13 -14 -15
leaf_value=4.9714939980969836e-05 -0.0019977645414337754 -0.0016085080357734114 0.0023079179417189797 -0.00064150892792466446 -0.00028001145838577979 -0.0014795610934022754 0.0025781684172605829 0.0015300637686283031 -0.00094402445803142194 -0.00034487496748321161 0.00046912806633006885 0.0036482960947636345 -0.00054927344210213048 4.2679882730701404e-05
leaf_weight=48020 609 445 202 369 676 310 273 358 1753 1198 214 201 500 314
leaf_count=48020 609 445 202 369 676 310 273 358 1753 1198 214 201 500 314
internal_value=-3.74353e-06 1.80811e-05 -0.00063386 0.000401896 -0.00109411 3.17021e-05 4.05698e-05 1.68918e-05 -0.000459436 8.65055e-05 0.000849737 0.00200892 0.00040718 0.00122188
internal_weight=55442 53586 1856 571 1285 53141 52831 51329 3309 1556 1502 415 1087 587
internal_count=55442 53586 1856 571 1285 53141 52831 51329 3309 1556 1502 415 1087 587
is_linear=0
shrinkage=0.03


Tree=93
num_leaves=15
num_cat=0
split_feature=19 0 1 13 24 19 3 3 23 10 24 5 1 12
split_gain=0.817235 0.991212 0.65062 0.653713 0.833024 0.656965 0.613722 0.557062 1.35111 1.3391 1.62187 1.00455 0.80092 0.779505
threshold=0.081666666666666679 1.0000000180025095e-35 -0.18714344664858582 0.4188596491228071 -0.027942599670798155 0.76794871794871811 0.0049813937117175753 0.76551418814698269 0.9833333333333335 0.00045710857142857141 0.034307734323284676 2.2397762335265723 0.294704498510935 0.96490147783251246
decision_type=8 2 10 10 2 8 10 8 10 2 2 8 10 2
left_child=1 -1 3 4 -2 -6 -3 12 9 -9 11 -11 13 -4
right_child=2 6 7 -5 5 -7 -8 8 -10 10 -12 -13 -14 -15
leaf_value=-4.4445876602144116e-05 0.0014050370260435454 0.00034677977555100587 -5.4034625114546181e-07 -0.00096651606640859547 0.0013973079240232461 -0.00059262629557138894 0.0014634353148278089 -0.0020905169962258433 0.00049193304823409126 0.0021927238784063561 -0.0021018715954462561 -0.00060218567413181003 0.0010147731127990618 -0.00053560648609904827
leaf_weight=1802 842 816 44873 224 214 494 969 632 770 243 259 221 670 2592
leaf_count=1802 842 816 44873 224 214 494 969 632 770 243 259 221 670 2592
internal_value=1.39167e-05 0.000451896 -1.62756e-05 0.00054837 0.000767295 8.851e-06 0.000952964 -3.62056e-05 -0.000511555 -0.0010818 -0.00020005 0.000861528 -1.52205e-05 -2.97596e-05
internal_weight=55621 3587 52034 1774 1550 708 1785 50260 2125 1355 723 464 48135 47465
internal_count=55621 3587 52034 1774 1550 708 1785 50260 2125 1355 723 464 48135 47465
is_linear=0
shrinkage=0.03


Tree=94
num_leaves=15
num_cat=0
split_feature=12 2 15 9 24 13 17 22 15 2 16 5 9 16
split_gain=0.864925 1.19644 1.33539 1.38622 1.11346 0.826993 0.773722 0.910392 0.770536 1.39903 1.38573 0.986934 1.0459 1.13956
threshold=0.70185185185185195 -0.29941625033128322 0.19615384615384621 -1.0000000180025095e-35 -0.081946237105212774 0.44222222222222224 0.78759398496240618 0.53452380952380962 0.93218390804597717 -0.030660436053691561 0.83045977011494265 -0.054246545860739286 0.0010463000000000002 0.9833333333333335
decision_type=2 8 10 2 2 8 10 2 10 10 8 10 2 8
left_child=-1 -2 3 -3 -4 6 -6 -8 10 -10 -7 -11 13 -13
right_child=1 2 4 -5 5 8 7 -9 9 11 -12 12 -14 -15
leaf_value=6.2352959895989343e-05 0.0018121718529996039 0.00046954716378301906 -0.0015467780315961089 -0.0014938004315224046 -0.00026664141455371067 -4.0156231257143921e-05 -0.00052752939534738016 -0.002870677876217156 -0.00286277276902342 0.0012946645325910022 0.00090573829813175952 -0.0014322007273343739 0.0013459994978189985 0.00045411707711045759
leaf_weight=38786 263 429 486 1318 1454 8457 345 263 206 308 1669 965 223 411
leaf_count=38786 263 429 486 1318 1454 8457 345 263 206 308 1669 965 223 411
internal_value=-1.55256e-05 -0.000195355 -0.000227288 -0.00101167 -0.000134617 -8.66271e-05 -0.000642426 -0.0015411 7.01265e-06 -0.000514079 0.000115749 -0.000260366 -0.000559896 -0.000868773
internal_weight=55583 16797 16534 1747 14787 14301 2062 608 12239 2113 10126 1907 1599 1376
internal_count=55583 16797 16534 1747 14787 14301 2062 608 12239 2113 10126 1907 1599 1376
is_linear=0
shrinkage=0.03


Tree=95
num_leaves=15
num_cat=0
split_feature=8 21 18 19 11 5 3 3 17 4 0 2 10 2
split_gain=0.813269 0.827935 0.910861 1.24767 1.16037 0.961766 0.901267 0.855318 0.819223 1.08112 1.05019 1.03167 1.37175 0.987106
threshold=1.164397193468788 0.88117647058823534 0.90692640692640702 0.68090909090909102 0.034807422958510921 0.60341691913055506 0.026862574193784686 0.23831218837345694 0.78759398496240618 0.078934776964351375 -0.11774271265410284 0.086826762584766529 -0.0012789535714285711 0.18795669284213903
decision_type=10 2 10 10 10 8 10 10 8 10 2 10 2 10
left_child=8 2 3 4 6 7 -2 -5 9 13 -10 -12 -13 -1
right_child=1 -3 -4 5 -6 -7 -8 -9 10 -11 11 12 -14 -15
leaf_value=4.6686955878910076e-05 -0.00023800390048063489 -0.00082426077973326737 0.00037715301832200729 -0.0010518181031242151 0.00019459288098433081 -0.0017396316630853325 -0.0013922600703486039 0.0006775518570507525 0.0015573944871353851 0.00040574005167916678 -0.00042621036852303799 0.0023433559456482746 3.3695389386671353e-05 -0.0013393359302574673
leaf_weight=22858 2300 1719 2605 648 4950 798 828 427 297 8998 6869 271 1585 472
leaf_count=22858 2300 1719 2605 648 4950 798 828 427 297 8998 6869 271 1585 472
internal_value=-1.15534e-05 -0.000206786 -0.00012225 -0.000252985 -9.12312e-05 -0.000950608 -0.000543542 -0.000364896 5.58456e-05 0.000126387 -0.000196923 -0.00025664 0.000370936 1.86457e-05
internal_weight=55625 14275 12556 9951 8078 1873 3128 1075 41350 32328 9022 8725 1856 23330
internal_count=55625 14275 12556 9951 8078 1873 3128 1075 41350 32328 9022 8725 1856 23330
is_linear=0
shrinkage=0.03


Tree=96
num_leaves=15
num_cat=0
split_feature=12 1 8 16 14 7 24 7 24 24 2 19 7 11
split_gain=0.77771 1.19821 1.13009 1.00904 1.04532 0.963529 0.966633 0.898067 0.816681 1.0492 0.75621 0.991569 1.02371 0.883729
threshold=0.83045977011494265 -0.018867181970982413 1.7279183730940415 0.86811594202898557 0.53137254901960795 0.12543538474156959 -0.048939990978303545 0.11477532628786537 0.050599025954896133 -0.016665346557573041 -0.023812314197988901 0.86285266457680254 0.075027916300767356 0.017999308876053503
decision_type=2 8 8 10 10 10 2 10 2 2 10 8 8 10
left_child=-1 -2 3 5 -5 6 -3 -6 9 -4 -8 12 -12 -14
right_child=1 2 8 4 7 -7 10 -9 -10 -11 11 -13 13 -15
leaf_value=5.0735307520871704e-05 -0.0007890502791676467 0.0018236529883734311 0.0003217853745809407 -0.00083488883344550043 0.0019762553051779312 -0.0015113919318043298 -0.00073943049398364112 0.00015287567550537279 0.00080637083265257985 -0.0015073394104362871 6.076317701583122e-05 -0.0016216069344388506 0.0029866909862711218 0.00055015209610036642
leaf_weight=44548 2632 262 384 259 651 383 1097 388 259 1065 2862 262 212 364
leaf_count=44548 2632 262 384 259 651 383 1097 388 259 1065 2862 262 212 364
internal_value=-5.20686e-06 -0.000230127 -5.59923e-05 0.000118676 0.000870279 -6.05925e-05 4.92427e-05 0.00129534 -0.000745258 -0.0010226 -4.76711e-05 0.000157426 0.000293001 0.00144693
internal_weight=55628 11080 8448 6740 1298 5442 5059 1039 1708 1449 4797 3700 3438 576
internal_count=55628 11080 8448 6740 1298 5442 5059 1039 1708 1449 4797 3700 3438 576
is_linear=0
shrinkage=0.03


Tree=97
num_leaves=15
num_cat=0
split_feature=12 1 10 17 4 19 8 3 8 17 24 0 12 20
split_gain=0.809297 0.911838 0.855155 0.833089 0.805351 1.05678 0.943998 0.896995 0.889752 0.808676 1.31096 0.704466 0.686005 0.675891
threshold=0.83045977011494265 -0.13485419084366954 -0.0027157142857142853 0.96609195402298864 0.015959715325119531 0.04083333333333334 0.96534899964334209 -0.34393050064248043 0.31358683573282981 0.7593103448275863 -0.064349315004094396 0.0045285218518348333 0.033908045977011504 0.24568965517241384
decision_type=2 10 2 8 10 10 8 10 10 10 2 2 2 10
left_child=4 -2 3 -3 6 11 7 8 -1 -7 -11 -6 -8 -9
right_child=1 2 -4 -5 5 9 12 13 -10 10 -12 -13 -14 -15
leaf_value=-0.00071896161268956049 -0.0016958621029961641 -9.3289420131104162e-05 -0.00023615646753775469 0.0024544189053274271 0.0004747499343802166 0.00028601326882203863 -0.0017691162522849948 -0.00029652205012803423 0.0014485433186741915 0.0016113896583594795 -0.00020668870281897764 0.0023113696833586082 -0.00030656682895077768 0.00013013717381360522
leaf_weight=222 369 251 10257 214 425 13438 303 4830 734 377 6712 337 6088 10844
leaf_count=222 369 251 10257 214 425 13438 303 4830 734 377 6712 337 6088 10844
internal_value=-3.90748e-07 -0.000229574 -0.000179111 0.0010792 5.69748e-05 0.000189974 -6.60177e-05 5.30744e-05 0.000945211 0.00014925 -0.000110002 0.00128701 -0.000375907 -1.33941e-06
internal_weight=55401 11091 10722 465 44310 21289 23021 16630 956 20527 7089 762 6391 15674
internal_count=55401 11091 10722 465 44310 21289 23021 16630 956 20527 7089 762 6391 15674
is_linear=0
shrinkage=0.03


Tree=98
num_leaves=15
num_cat=0
split_feature=18 3 3 11 21 13 21 2 23 6 2 8 2 3
split_gain=0.684224 0.695852 1.12679 0.933516 0.881177 0.798915 0.989786 1.00017 0.662628 0.634364 1.1853 0.719794 0.709139 0.824779
threshold=0.10172413793103451 -0.18131581095138491 -0.067066993072790668 0.28859592176643495 0.59687500000000016 0.89087301587301593 0.12771739130434787 -0.052661938477907726 0.057189542483660136 0.20145619538805412 -0.31895755243968577 0.41054727451376977 -0.28612154065174195 -0.37315579491795653
decision_type=10 10 10 8 2 10 2 10 10 10 10 8 10 10
left_child=-1 9 3 5 -5 6 7 -3 -8 10 -2 -12 -13 -14
right_child=1 2 -4 4 -6 -7 8 -9 -10 -11 11 12 13 -15
leaf_value=0.00033623595383467384 0.0014824636819287073 -6.6390122052857588e-06 2.2569722594600678e-05 -0.0031100975456046002 -0.00035526840810682936 -0.0013111476198198113 -0.0015367438631027097 0.0024042258403077724 -0.00024042554265064133 -0.0011352288861027253 -0.00037367996538436709 -0.0012119883985633351 0.0016195802901758883 0.0002933748490073823
leaf_weight=5591 680 407 31717 209 209 635 372 250 7714 294 1675 256 460 5115
leaf_count=5591 680 407 31717 209 209 635 372 250 7714 294 1675 256 460 5115
internal_value=2.14935e-05 -1.37059e-05 -6.4292e-05 -0.000345529 -0.00173268 -0.0002837 -0.000209077 0.000910737 -0.000300063 0.000233933 0.000283107 0.000174452 0.000331907 0.000402802
internal_weight=55584 49993 41513 9796 418 9378 8743 657 8086 8480 8186 7506 5831 5575
internal_count=55584 49993 41513 9796 418 9378 8743 657 8086 8480 8186 7506 5831 5575
is_linear=0
shrinkage=0.03


Tree=99
num_leaves=15
num_cat=0
split_feature=7 23 5 21 11 1 24 8 21 2 12 16 12 0
split_gain=0.736499 1.35472 1.05528 1.05248 0.899338 2.17063 0.916509 0.862998 0.728324 0.708815 0.676475 1.1368 0.940498 1.19067
threshold=0.12543538474156959 0.55777777777777793 1.1093406672038826 0.94558823529411773 -0.53700991567737077 -0.072953722393794759 -0.02090246872041383 0.32460523376025036 0.66091954022988519 -0.31895755243968577 0.10435571687840291 0.96609195402298864 0.95346320346320357 -0.021655907123452219
decision_type=10 8 8 2 10 10 2 10 2 10 2 10 2 2
left_child=9 4 7 -4 5 -2 -6 -3 -9 -1 -11 -12 13 -13
right_child=1 2 3 -5 6 -7 -8 8 -10 10 11 12 -14 -15
leaf_value=0.0010275235950662502 0.0013841996758637506 -0.00016370020779260324 -0.00048674971698665345 0.0013430191678549044 -0.00043404718919540057 -0.0027831017526198949 0.0014517957368843063 -0.0011099677546337198 -0.0026825814150679096 -0.00036002378135910633 2.0958550764150448e-05 0.0020740300969651804 0.0021051466941256628 -0.00019342320734386562
leaf_weight=631 223 499 1850 334 334 227 759 767 405 3968 44061 283 402 791
leaf_count=631 223 499 1850 334 334 227 759 767 405 3968 44061 283 402 791
internal_value=-7.4562e-06 -0.000340412 -0.000641088 -0.000206922 0.000410793 -0.000717972 0.000875518 -0.00120854 -0.00165341 2.83922e-05 1.5657e-05 4.83931e-05 0.000867359 0.000404053
internal_weight=55534 5398 3855 2184 1543 450 1093 1671 1172 50136 49505 45537 1476 1074
internal_count=55534 5398 3855 2184 1543 450 1093 1671 1172 50136 49505 45537 1476 1074
is_linear=0
shrinkage=0.03


Tree=100
num_leaves=15
num_cat=0
split_feature=16 20 0 3 19 22 17 1 9 20 24 17 24 21
split_gain=0.80995 0.739946 1.24937 0.958111 0.716532 0.877218 1.19715 0.743455 0.712087 0.67322 0.691969 0.659608 1.71894 1.24752
threshold=0.085144927536231887 0.23431372549019611 0.029469075256673086 -0.31330235126070477 0.11882352941176472 0.64644607843137269 0.76568627450980398 -0.07987820029939606 0.00016100000000000004 0.80384615384615399 0.037939785890303383 0.9833333333333335 -0.010166160670128125 0.89827586206896559
decision_type=8 10 2 8 10 2 8 10 2 8 2 10 2 2
left_child=1 2 3 -1 5 6 7 -2 -3 10 -7 -6 -13 -14
right_child=4 8 -4 -5 11 9 -8 -9 -10 -11 -12 12 13 -15
leaf_value=0.00099978403361164979 -0.0013383360087755136 0.00075416154661549434 -0.0025697521879758118 -0.00092507002477933153 -3.141035061774553e-05 -0.00013825309392987841 0.001769920881710998 0.00048130460716024298 -0.00043968434626864633 -0.0010846588553897096 0.001740318755841625 0.0017800396102487699 -0.00064303187140459385 0.0018374612898026642
leaf_weight=300 216 672 324 1038 44326 1053 651 3136 1359 545 212 655 914 228
leaf_count=300 216 672 324 1038 44326 1053 651 3136 1359 545 212 655 914 228
internal_value=4.66596e-07 -0.000428817 -0.000898247 -0.000493488 3.09916e-05 0.000344871 0.000592683 0.000364049 -4.46748e-05 -0.000203189 0.000176575 -8.56751e-06 0.000554889 -0.000147802
internal_weight=55629 3693 1662 1338 51936 5813 4003 3352 2031 1810 1265 46123 1797 1142
internal_count=55629 3693 1662 1338 51936 5813 4003 3352 2031 1810 1265 46123 1797 1142
is_linear=0
shrinkage=0.03


Tree=101
num_leaves=15
num_cat=0
split_feature=12 10 17 6 17 7 1 15 24 19 19 0 2 7
split_gain=0.908345 1.0582 1.70764 0.769839 0.760156 0.751867 0.728476 0.841403 1.09688 0.75426 0.68475 1.07702 0.657884 0.666086
threshold=0.83045977011494265 0.00092986000000000013 0.27681992337164757 0.21431208850416775 0.9833333333333335 0.01997076462014943 0.294704498510935 0.9833333333333335 0.014055117647852762 0.86811594202898557 0.28285714285714292 0.0034198099159080679 -0.006556566432774468 0.10540080459733915
decision_type=2 2 10 8 10 8 10 8 2 10 8 2 10 10
left_child=3 5 -3 4 6 -2 7 10 9 -9 11 -1 -4 -14
right_child=1 2 12 -5 -6 -7 -8 8 -10 -11 -12 -13 13 -15
leaf_value=2.5301114834837556e-05 0.0015828297627434183 -0.0033287751785277225 -0.002029305512390936 -0.00082830919988413512 0.00087793607175678547 -0.00016022429017515047 0.0016827494174261421 0.0011088535748262672 -0.0027124393494661913 -0.001436138687335622 2.8318559647181669e-06 0.00059133599421357455 0.0004161375633491769 -0.0014181770669893011
leaf_weight=7023 228 238 207 829 1087 9620 252 219 223 201 29388 5315 586 256
leaf_count=7023 228 238 207 829 1087 9620 252 219 223 201 29388 5315 586 256
internal_value=1.67567e-05 -0.000225594 -0.00103459 7.73484e-05 9.45258e-05 -0.000119869 7.45458e-05 6.49806e-05 -0.00101197 -0.000109107 8.15765e-05 0.000269139 -0.000514073 -0.000141564
internal_weight=55672 11135 1287 44537 43708 9848 42621 42369 643 420 41726 12338 1049 842
internal_count=55672 11135 1287 44537 43708 9848 42621 42369 643 420 41726 12338 1049 842
is_linear=0
shrinkage=0.03


Tree=102
num_leaves=15
num_cat=0
split_feature=21 12 13 3 12 24 14 8 10 20 13 23 16 10
split_gain=0.998822 0.782655 1.09448 1.53887 0.81543 1.77574 1.57499 1.50579 0.905206 0.945695 1.13098 0.765795 1.21501 0.759917
threshold=0.85092592592592597 0.73205128205128212 0.43095238095238103 1.3712782709991047 0.10435571687840291 0.0023648627369394016 0.86811594202898557 1.1877560944758483 -0.0017774992857142854 0.12771739130434787 0.26491228070175443 0.86811594202898557 0.20761494252873566 0.0014282207142857144
decision_type=2 2 8 8 2 2 10 8 2 10 10 10 8 2
left_child=1 4 -3 -4 5 6 7 -1 9 -6 -11 12 -7 -2
right_child=13 2 3 -5 8 11 -8 -9 -10 10 -12 -13 -14 -15
leaf_value=0.00052864793625594423 -0.00018115736874290268 -0.00075271494374239622 3.8537434174065068e-05 -0.0021377057026758847 0.00093894475449002313 -0.001936757510191896 0.0020378719527850584 -0.0014910117665674339 0.00022518219543707851 -0.0026237696697027943 -0.00016127889995039979 -0.0017194869246845166 -3.3495312578853321e-05 -0.0010037332858121603
leaf_weight=1217 6587 2144 11596 300 226 396 417 457 28253 313 362 622 1270 1194
leaf_count=1217 6587 2144 11596 300 226 396 417 457 28253 313 362 622 1270 1194
internal_value=7.72133e-06 5.92594e-05 -0.000128793 -1.63443e-05 0.000137995 -0.00024372 0.000388218 -2.27167e-05 0.00019533 -0.000740756 -0.00130314 -0.000821248 -0.000485891 -0.000307382
internal_weight=55354 47573 14040 11896 33533 4379 2091 1674 29154 901 675 2288 1666 7781
internal_count=55354 47573 14040 11896 33533 4379 2091 1674 29154 901 675 2288 1666 7781
is_linear=0
shrinkage=0.03


Tree=103
num_leaves=15
num_cat=0
split_feature=22 10 15 21 13 18 5 24 2 3 0 23 15 1
split_gain=0.870902 1.51447 0.917069 0.837288 0.834372 1.04507 0.825872 0.794711 1.27286 0.793142 0.763256 0.780705 0.750826 0.754103
threshold=0.46862745098039221 1.0000000180025095e-35 0.23431372549019611 0.18090909090909094 0.10172413793103451 0.73205128205128212 0.60341691913055506 -0.019021716329203558 -0.31895755243968577 0.0049813937117175753 0.021559820340582129 0.4491379310344828 0.95916666666666683 0.050759986565087852
decision_type=2 2 8 2 8 10 8 2 8 10 2 10 10 10
left_child=1 2 9 -2 5 -3 7 8 -5 -1 11 -8 -9 -14
right_child=3 4 -4 6 -6 -7 10 12 -10 -11 -12 -13 13 -15
leaf_value=-0.00064124605017521841 0.0011105025387119635 0.00026636770535494063 5.8079743301436342e-05 0.0017373325294320239 0.0003050236879784815 0.0023730508534829235 -0.001004142820938875 0.00010115330428878438 -0.00040440586429409554 0.0011764732922014884 -0.00086653185443208273 4.7137549462286908e-05 9.7585439494352283e-05 -0.002491527363582624
leaf_weight=3141 504 441 9696 260 11792 408 805 16239 6330 232 2287 3024 201 204
leaf_count=3141 504 441 9696 260 11792 408 805 16239 6330 232 2287 3024 201 204
internal_value=8.32147e-06 0.000136307 -9.01424e-05 -0.000101898 0.000370423 0.00127877 -0.000122718 -4.10696e-05 -0.000319906 -0.000516221 -0.000432889 -0.000173881 6.93326e-05 -0.00120656
internal_weight=55564 25710 13069 29854 12641 849 29350 23234 6590 3373 6116 3829 16644 405
internal_count=55564 25710 13069 29854 12641 849 29350 23234 6590 3373 6116 3829 16644 405
is_linear=0
shrinkage=0.03


Tree=104
num_leaves=15
num_cat=0
split_feature=8 12 5 17 21 9 22 16 7 12 18 6 5 11
split_gain=0.87094 1.01575 0.774091 0.75192 1.01161 0.95023 0.755203 0.742325 0.645599 1.62584 1.24172 0.938623 0.942438 0.91392
threshold=1.164397193468788 0.04083333333333334 1.4356069064047103 0.43405797101449278 0.99166666666666681 0.0015928450000000003 0.47958333333333342 0.24068965517241384 0.094674773376056093 0.9833333333333335 0.93218390804597717 0.12176808847630298 -0.31104929027188949 -0.036871386885088279
decision_type=10 2 8 8 2 2 2 8 10 2 10 10 10 8
left_child=3 2 -2 -1 5 -5 -7 -3 11 10 -10 12 -9 -14
right_child=1 7 -4 4 -6 6 -8 8 9 -11 -12 -13 13 -15
leaf_value=0.00019380674168532306 -0.0017785974106897184 -0.00068527178856992224 0.00026336084793557665 -5.2254946920993417e-05 0.0012149124866589452 0.00050820161758517648 -0.0014612975695268578 0.00097584133167392527 -0.0019174716846320583 0.0011739061200672432 -0.00026279683044016372 0.0014112785209743888 -0.00091298483849845983 9.3800889717738401e-06
leaf_weight=18628 618 2024 229 21231 544 228 757 778 698 402 983 431 1120 7069
leaf_count=18628 618 2024 229 21231 544 228 757 778 698 402 983 431 1120 7069
internal_value=-1.73672e-05 -0.000218746 -0.00122652 5.24642e-05 -6.32181e-05 -9.45155e-05 -0.00100541 -0.00015554 -6.21535e-05 -0.000539997 -0.000949866 4.37572e-05 -2.19729e-05 -0.000116771
internal_weight=55740 14352 847 41388 22760 22216 985 13505 11481 2083 1681 9398 8967 8189
internal_count=55740 14352 847 41388 22760 22216 985 13505 11481 2083 1681 9398 8967 8189
is_linear=0
shrinkage=0.03


Tree=105
num_leaves=15
num_cat=0
split_feature=8 5 4 8 16 4 21 11 6 21 4 21 0 0
split_gain=0.538397 0.536546 0.862178 0.811132 0.683312 0.848612 0.718273 0.994743 0.633983 0.623393 0.853304 0.904524 1.19766 1.30609
threshold=5.5091355376228206 -0.59789997185703225 -0.23843801596868283 1.0130043719721724 0.097619047619047633 -0.52517226184007371 0.99166666666666681 0.57332986430852073 0.063487939756814313 0.67261904761904778 1.1017876001929965 0.39791666666666675 0.10074254162367526 0.040528234031052442
decision_type=10 8 10 8 8 8 2 10 10 2 10 2 2 2
left_child=1 2 3 8 -3 -6 9 -8 -1 10 -7 12 13 -12
right_child=-2 4 -4 -5 5 6 7 -9 -10 -11 11 -13 -14 -15
leaf_value=-0.00015610740790174044 -0.0014686803093368033 -0.00041736487607536019 0.00208545270108027 -0.0011439731734651714 0.001943719670517397 0.00012062184913041237 0.00030640332832378652 0.0025379783823254792 0.0013723490036951762 -0.00015177482227096575 -1.2151173260869357e-05 -0.001288234186154571 0.0015638333090117473 -0.0026022501558845127
leaf_weight=459 218 3179 279 292 209 32496 787 233 522 14716 947 805 327 215
leaf_count=459 218 3179 279 292 209 32496 787 233 522 14716 947 805 327 215
internal_value=1.92843e-05 2.51325e-05 0.000575073 0.000244048 9.3016e-06 3.60361e-05 2.81449e-05 0.000816165 0.0006572 1.19089e-05 8.11464e-05 -0.00047805 -4.00386e-05 -0.000491386
internal_weight=55684 55466 1552 1273 53914 50735 50526 1020 981 49506 34790 2294 1489 1162
internal_count=55684 55466 1552 1273 53914 50735 50526 1020 981 49506 34790 2294 1489 1162
is_linear=0
shrinkage=0.03


Tree=106
num_leaves=15
num_cat=0
split_feature=21 17 15 10 12 9 0 3 12 3 24 3 18 12
split_gain=0.794637 1.00019 1.00758 0.91851 1.6164 0.861482 0.774307 0.762126 0.876964 0.739394 0.684325 0.728329 0.677532 0.664206
threshold=0.86515151515151534 0.9833333333333335 0.96609195402298864 0.001321301428571429 0.76568627450980398 0.00044928500000000006 0.12119368008774557 -0.24028246159536196 0.86285266457680254 -0.28349304369710016 0.042375141264432634 0.27268490356006908 0.45993589743589752 0.6858552631578948
decision_type=2 10 10 2 2 2 2 10 2 8 2 10 10 2
left_child=-1 2 3 6 -5 -4 7 9 10 -2 11 13 -10 -9
right_child=1 -3 5 4 -6 -7 -8 8 12 -11 -12 -13 -14 -15
leaf_value=3.7823438388737347e-05 9.6398970035951583e-05 0.0010666732340544947 -0.0028895898241659296 -0.00040246694453350125 -0.0030899405965788499 -0.0004873877467135046 0.0016591098864885022 -0.00033003443576833699 -0.00078713845158095595 0.0020873464946075866 0.00051618900596555998 -0.0022133107169877821 0.00118413674485999 -0.0014136540453100932
leaf_weight=47937 629 460 255 793 270 284 211 2459 224 229 492 258 524 642
leaf_count=47937 629 460 255 793 270 284 211 2459 224 229 492 258 524 642
internal_value=-7.69223e-06 -0.000289954 -0.000375793 -0.000275851 -0.00108508 -0.00162387 -0.000124085 -0.000193033 -0.000346167 0.000627782 -0.000528743 -0.000681797 0.000593808 -0.000554376
internal_weight=55667 7730 7270 6731 1063 539 5668 5457 4599 858 3851 3359 748 3101
internal_count=55667 7730 7270 6731 1063 539 5668 5457 4599 858 3851 3359 748 3101
is_linear=0
shrinkage=0.03


Tree=107
num_leaves=15
num_cat=0
split_feature=1 14 4 16 7 0 9 20 3 22 7 10 20 9
split_gain=0.760469 1.67622 0.785874 1.17613 1.16299 0.957503 0.904449 0.981731 0.932818 0.892596 1.25902 1.14545 0.838408 1.14883
threshold=0.12226982108774055 0.20344827586206901 -0.4099403920381538 0.12771739130434787 0.088237657964430491 -0.054086289009392545 -0.0032356799999999999 0.26491228070175443 0.161700686160452 0.43405797101449278 0.30483659033585753 -0.00015724714285714287 0.88117647058823534 0.00027679500000000009
decision_type=8 10 8 10 8 2 2 10 10 2 8 2 8 2
left_child=2 -2 -1 4 5 -4 7 -5 -9 10 11 -8 -11 -14
right_child=1 -3 3 6 -6 -7 9 8 -10 12 -12 -13 13 -15
leaf_value=0.00057816407251500305 -0.0026885990528793141 -0.00019581255860022439 -0.001636802511980706 0.00055972548098608902 -0.0019863978669298534 -0.00010889720574372724 -0.00011483757054975439 -0.0031574811209899791 -0.000538494676414333 3.8982774110439677e-05 0.0024133669026487042 0.00039647240244878695 0.00016402201109534559 -0.0010701086569178647
leaf_weight=2488 254 5493 419 253 406 3102 5918 226 267 21966 240 11817 1230 1515
leaf_count=2488 254 5493 419 253 406 3102 5918 226 267 21966 240 11817 1230 1515
internal_value=2.07874e-05 -0.000305986 5.84621e-05 3.11596e-05 -0.000466029 -0.000290718 7.6114e-05 -0.000959461 -0.00173908 9.42122e-05 0.000255061 0.000225853 -2.27903e-05 -0.00051711
internal_weight=55594 5747 49847 47359 3927 3521 43432 746 493 42686 17975 17735 24711 2745
internal_count=55594 5747 49847 47359 3927 3521 43432 746 493 42686 17975 17735 24711 2745
is_linear=0
shrinkage=0.03


Tree=108
num_leaves=15
num_cat=0
split_feature=1 23 17 24 17 7 13 19 19 8 4 22 20 4
split_gain=0.653409 1.12246 0.855049 1.44228 1.62746 1.43349 1.61218 1.15711 1.06672 1.02624 0.881288 0.826356 0.808568 0.777158
threshold=0.41879646010168542 0.9833333333333335 0.78759398496240618 -0.010166160670128125 0.9833333333333335 0.072663479234089723 0.53137254901960795 0.81365740740740755 0.58722109533468569 1.9603534184803146 0.15765310841093452 0.43095238095238103 0.90238095238095251 0.30753958092866968
decision_type=10 10 8 2 10 10 10 10 8 10 10 2 8 10
left_child=2 -2 9 4 12 6 8 -8 -5 -1 -10 -6 -4 -11
right_child=1 -3 3 5 11 -7 7 -9 10 13 -12 -13 -14 -15
leaf_value=0.00010694966563808622 -0.00010683619781789288 0.0024167566274738181 0.00017976037262024315 0.00011126684664956333 0.0025670591395684839 -0.00080219021608841608 0.00031140782593253881 0.0025953172070831386 -0.0025704216083883235 -0.0010551751936124401 -0.00051086639890333616 0.00043494701404001143 -0.00092530117837455244 0.00013906659833988952
leaf_weight=40234 373 276 3347 677 357 4553 1712 226 371 1236 377 302 725 813
leaf_count=40234 373 276 3347 677 357 4553 1712 226 371 1236 377 302 725 813
internal_value=2.00447e-05 0.000966371 8.86384e-06 -0.000207558 0.00020685 -0.000455229 1.45039e-05 0.000577746 -0.000751506 7.35964e-05 -0.00153238 0.00158998 -1.69905e-05 -0.000581325
internal_weight=55579 649 54930 12647 4731 7916 3363 1938 1425 42283 748 659 4072 2049
internal_count=55579 649 54930 12647 4731 7916 3363 1938 1425 42283 748 659 4072 2049
is_linear=0
shrinkage=0.03


Tree=109
num_leaves=15
num_cat=0
split_feature=8 17 9 10 9 6 3 2 0 9 11 0 23 4
split_gain=0.953377 0.650149 0.645302 0.824139 0.640489 0.686745 1.19437 0.639046 1.27076 1.48836 1.26848 1.08415 0.890148 0.796231
threshold=2.0482341743857915 0.033908045977011504 0.00034887000000000009 0.00044630142857142869 0.0012625650000000002 0.079344454837133274 0.032628130938522244 0.2985782324155834 0.10074254162367526 0.00021948500000000003 1.1750872522637552 0.14435663952729619 0.90238095238095251 -0.52517226184007371
decision_type=10 10 2 2 2 8 10 10 2 2 10 2 8 8
left_child=1 4 -2 -4 5 6 -1 10 9 -9 11 13 -10 -3
right_child=2 7 3 -5 -6 -7 -8 8 12 -11 -12 -13 -14 -15
leaf_value=-0.0011471002506077408 -0.00078769034841487168 0.001056563433755654 0.0017795706279243209 -0.000280656856912462 -0.0020955313667834091 0.00082525489703402853 0.0012339631568557947 -0.0015733670544598186 0.0007223438266768051 0.00075367047830372292 -0.0022074175685998544 -0.0012020754809370972 0.0032858386451966666 4.6464715658645051e-05
leaf_weight=948 2207 713 210 1041 208 360 237 342 262 894 226 619 228 47024
leaf_count=948 2207 713 210 1041 208 360 237 342 262 894 226 619 228 47024
internal_value=3.22004e-06 3.52598e-05 -0.000479146 6.51847e-05 -0.000532676 -0.000322272 -0.000670888 5.50497e-05 0.000622315 0.000109781 3.48962e-05 4.5376e-05 0.00191515 6.15516e-05
internal_weight=55519 52061 3458 1251 1753 1545 1185 50308 1726 1236 48582 48356 490 47737
internal_count=55519 52061 3458 1251 1753 1545 1185 50308 1726 1236 48582 48356 490 47737
is_linear=0
shrinkage=0.03


Tree=110
num_leaves=15
num_cat=0
split_feature=21 7 19 0 14 21 17 15 22 10 1 16 10 17
split_gain=0.759865 1.2905 0.876978 1.27645 0.637838 0.711069 1.5841 0.79067 0.792226 0.712829 0.815291 0.720624 0.611108 0.601606
threshold=0.86285266457680254 0.30483659033585753 0.9833333333333335 0.010181616138912332 0.042572463768115944 0.99166666666666681 0.49137931034482768 0.36181818181818187 0.87750000000000006 0.00028502857142857156 -0.043300200635115797 0.12250000000000001 0.00025040499999999988 0.28285714285714292
decision_type=2 10 8 2 8 2 10 10 2 2 10 10 2 10
left_child=1 -1 4 -4 -2 7 -7 9 -9 -6 -11 -12 -10 -14
right_child=2 -3 3 -5 5 6 -8 8 12 10 11 -13 13 -15
leaf_value=3.0625478795111921e-05 -0.0014457329859693634 0.0020379811372650096 -0.00036125265919476101 -0.0031731089256231927 -0.00035015122386874238 -0.00093311447136329656 0.001487602661093781 -0.00012945513258325893 -9.9170120489416701e-08 0.0018877292923489583 -0.0012716646006407394 0.00081621287163529657 -0.00012587794467805536 -0.0017311837342228835
leaf_weight=47422 342 290 417 223 1011 384 664 2080 396 375 219 464 273 912
leaf_count=47422 342 290 417 223 1011 384 664 2080 396 375 219 464 273 912
internal_value=-1.95206e-06 4.28265e-05 -0.000277271 -0.00134101 -0.000181654 -0.000117872 0.000600622 -0.000249282 -0.000514207 0.00021949 0.000763825 0.000146747 -0.00102039 -0.00136135
internal_weight=55472 47712 7760 640 7120 6778 1048 5730 3661 2069 1058 683 1581 1185
internal_count=55472 47712 7760 640 7120 6778 1048 5730 3661 2069 1058 683 1581 1185
is_linear=0
shrinkage=0.03


Tree=111
num_leaves=15
num_cat=0
split_feature=3 10 14 23 21 3 15 7 8 14 5 9 14 23
split_gain=0.571938 0.90336 1.0644 1.05365 0.902664 0.851807 0.950787 0.802709 0.765656 0.707516 0.656131 0.764844 0.679619 0.817152
threshold=-0.18131581095138491 -0.00035778142857142888 0.7543103448275863 0.67261904761904778 0.29398148148148157 -0.031715163595245559 0.10172413793103451 0.10961702416346689 0.97589912751658936 0.22474747474747478 3.1682401427925759 0.00028210000000000008 0.12771739130434787 0.79238505747126442
decision_type=10 2 10 8 2 10 10 8 8 10 8 2 10 10
left_child=1 3 4 -1 -3 6 7 -2 -4 -5 11 -8 -13 -14
right_child=5 2 8 9 -6 -7 10 -9 -10 -11 -12 12 13 -15
leaf_value=0.0001005190812077951 -0.00057838832415441207 0.0013803480982301009 -4.8176021385491665e-05 -0.0027036090109773857 0.00037504330395797352 6.9583576768913826e-05 2.0416440324750449e-05 -0.0023179201254242797 -0.0022856862847992947 -0.00052369284454910456 0.0014579364609636782 0.0006884509130113401 -0.00043657817006378778 -0.001885854372797553
leaf_weight=1533 1396 950 432 229 5225 31256 8658 288 202 323 233 428 3971 384
leaf_count=1533 1396 950 432 229 5225 31256 8658 288 202 323 233 428 3971 384
internal_value=2.17526e-05 0.000242211 0.000409518 -0.000304165 0.000529706 -2.03112e-05 -0.000203261 -0.000875885 -0.000761074 -0.00142804 -0.000120425 -0.000147786 -0.000452261 -0.000564367
internal_weight=55508 8894 6809 2085 6175 46614 15358 1684 634 552 13674 13441 4783 4355
internal_count=55508 8894 6809 2085 6175 46614 15358 1684 634 552 13674 13441 4783 4355
is_linear=0
shrinkage=0.03


Tree=112
num_leaves=15
num_cat=0
split_feature=1 4 22 1 1 17 4 5 17 6 5 1 20 24
split_gain=0.583648 0.803363 0.606977 1.22889 1.26656 1.04318 0.815889 0.650757 0.633044 0.683941 0.579212 0.923409 1.56545 0.812101
threshold=-0.25803038464905936 -0.42141950584750804 0.93218390804597717 0.047046712660923092 0.27031403936365456 0.79238505747126442 0.046414547553035319 1.3881644463002476 0.067816091954023008 0.12765971041764942 -0.56576724341894724 -0.0076797926620471016 0.6132478632478634 -0.013747417543263805
decision_type=8 10 2 10 10 8 10 10 10 8 8 8 10 2
left_child=1 -1 10 8 5 6 -5 -7 -4 -10 11 12 13 -2
right_child=2 -3 3 4 -6 7 -8 -9 9 -11 -12 -13 -14 -15
leaf_value=0.002380949755989863 -0.0016746921619630124 0.00014618035293713087 -0.0010067286409858719 -0.0016819178253022267 0.0010520032964731483 -0.0037803166306629361 0.00019711831996778063 -0.0014293030931394942 3.6621160466426939e-06 0.0016324923516783329 5.6961882645915174e-06 0.0015327794240191962 0.0019504120280421108 0.00039262882509706213
leaf_weight=218 377 431 509 443 220 216 392 208 2925 252 48064 587 272 313
leaf_count=218 377 431 509 443 220 216 392 208 2925 252 48064 587 272 313
internal_value=2.47303e-06 0.000896842 -8.1233e-06 -0.000317628 -0.00104816 -0.00141514 -0.000799783 -0.00262699 -2.45049e-05 0.000132861 2.40979e-05 0.000595086 2.29168e-05 -0.000736907
internal_weight=55427 649 54778 5165 1479 1259 835 424 3686 3177 49613 1549 962 690
internal_count=55427 649 54778 5165 1479 1259 835 424 3686 3177 49613 1549 962 690
is_linear=0
shrinkage=0.03


Tree=113
num_leaves=15
num_cat=0
split_feature=22 17 24 7 11 8 5 3 4 21 3 14 16 9
split_gain=0.777744 0.810377 2.91529 1.21897 1.08305 1.02682 1.1807 1.1217 0.740587 0.779038 0.706788 0.677405 1.11921 1.2335
threshold=0.46862745098039221 0.9833333333333335 -0.011706655718043604 0.12998426685746123 0.18138889137314887 0.68331539721554202 0.32584834083169284 -0.25468881690966128 1.4059905805384201 0.26120857699805072 0.034725794758745272 0.51787994891443179 0.20942982456140355 0.00013967000000000002
decision_type=2 8 2 10 8 10 10 10 8 2 10 8 8 2
left_child=1 3 -3 8 5 6 7 -5 -1 -10 -6 -2 13 -13
right_child=11 2 -4 4 10 -7 -8 -9 9 -11 -12 12 -14 -15
leaf_value=0.00013151886348136156 4.8646943153446796e-05 0.0030149480712582141 -0.00017923192721822404 -0.0017190636681539029 -0.0027386436067172327 -0.0014960219058762971 0.0022871879520278203 0.00096822675148002641 0.0024591144717380623 6.7366741970576089e-05 -0.00086601407852051162 0.0007679211595630059 -0.00014523886393171285 -0.0013373623695157528
leaf_weight=22079 14720 390 755 242 236 286 255 331 255 236 784 305 13432 1401
leaf_count=22079 14720 390 755 242 236 286 255 331 255 236 784 305 13432 1401
internal_value=8.03595e-06 0.00012851 0.000908742 9.23471e-05 -0.000592987 5.37166e-05 0.000589013 -0.00016672 0.000157146 0.00130952 -0.00129929 -9.62621e-05 -0.00023717 -0.000960978
internal_weight=55707 25849 1145 24704 2134 1114 828 573 22570 491 1020 29858 15138 1706
internal_count=55707 25849 1145 24704 2134 1114 828 573 22570 491 1020 29858 15138 1706
is_linear=0
shrinkage=0.03


Tree=114
num_leaves=15
num_cat=0
split_feature=22 15 10 16 12 20 9 8 12 24 17 14 16 16
split_gain=0.830054 1.20578 0.941364 1.0628 0.820916 1.18525 1.01892 0.804533 1.1477 1.26141 0.976106 0.764765 1.03025 0.706164
threshold=0.46862745098039221 0.9833333333333335 1.0000000180025095e-35 0.9833333333333335 0.65450928381962881 0.36181818181818187 0.0010154250000000001 0.70200061305842687 0.95916666666666683 0.023723981556664771 0.73205128205128212 0.89564428312159727 0.66091954022988519 0.95553359683794481
decision_type=2 8 2 8 2 10 2 10 2 2 10 10 10 8
left_child=2 4 13 -4 -2 6 -6 -7 11 10 -10 -9 -13 -1
right_child=1 -3 3 -5 5 7 -8 8 9 -11 -12 12 -14 -15
leaf_value=-0.00015740780813373805 2.2560242067405096e-05 -0.0012744686643521557 0.00024854307629131115 0.0021343089743983 -0.00057907168999869697 0.00062828032239889268 -0.002129258880592181 -0.000262860343377966 -0.00093663100891018796 0.0021647631937087974 0.0011973453434308923 -0.0028759451012029462 -0.00058648641719221512 0.00050701037128176034
leaf_weight=11437 18620 804 12285 275 2643 1145 446 4178 453 337 336 248 617 1647
leaf_count=11437 18620 804 12285 275 2643 1145 446 4178 453 337 336 248 617 1647
internal_value=-2.08412e-05 -0.000128445 0.000104315 0.000289832 -9.66982e-05 -0.000310155 -0.000802893 -0.000102052 -0.000237605 0.000628365 -2.78654e-05 -0.000430959 -0.00124289 -7.37716e-05
internal_weight=55471 29827 25644 12560 29023 10403 3089 7314 6169 1126 789 5043 865 13084
internal_count=55471 29827 25644 12560 29023 10403 3089 7314 6169 1126 789 5043 865 13084
is_linear=0
shrinkage=0.03


Tree=115
num_leaves=15
num_cat=0
split_feature=3 8 3 22 0 9 11 23 11 15 10 1 5 3
split_gain=0.648075 0.980201 0.822689 1.5041 1.45933 1.07028 0.962139 0.906668 0.926234 0.835689 1.14991 0.80245 0.805317 0.916824
threshold=0.012257740773464755 2.3664408264748014 0.093307358012497246 0.36754385964912284 -0.096145145098731219 -0.0008871049999999999 0.17280042967605794 0.87750000000000006 0.20395659728481255 0.9833333333333335 0.00081789928571428564 -0.25803038464905936 0.57690294495208605 -0.031715163595245559
decision_type=10 10 10 2 2 2 10 10 10 10 2 10 8 8
left_child=1 11 5 4 -4 -2 -7 8 -8 -5 -11 -1 -13 -14
right_child=2 -3 3 9 -6 6 7 -9 -10 10 -12 12 13 -15
leaf_value=0.0011070933758295179 -0.0014610915289878651 -0.0021034217045972363 0.0022280068372108608 -0.00018312232272006898 0.00021373100423973418 0.00025321257253866324 0.0023319403126295709 0.0028802390284506621 0.00025088308012376524 -0.0019308715890791006 0.00063080439611803735 -6.1953389413686296e-05 -0.00030059134603476417 -0.0014405711737885043
leaf_weight=482 290 223 341 9718 6385 6764 258 226 758 557 220 24983 3493 776
leaf_count=482 290 223 341 9718 6385 6764 258 226 758 557 220 24983 3493 776
internal_value=-2.72415e-05 -0.000121877 8.38609e-05 -3.43696e-05 0.000315852 0.000329286 0.000394139 0.00116163 0.000779341 -0.000258819 -0.00120556 -0.000107016 -0.000127021 -0.000507812
internal_weight=55474 29957 25517 17221 6726 8296 8006 1242 1016 10495 777 29734 29252 4269
internal_count=55474 29957 25517 17221 6726 8296 8006 1242 1016 10495 777 29734 29252 4269
is_linear=0
shrinkage=0.03


Tree=116
num_leaves=15
num_cat=0
split_feature=12 20 20 11 0 16 21 15 21 18 19 8 0 22
split_gain=0.798557 0.878956 0.953813 1.15441 1.02736 0.915558 0.887506 0.886499 1.0613 0.869755 1.03168 0.8571 0.856735 0.840038
threshold=0.68090909090909102 0.4188596491228071 0.89564428312159727 -0.28179613667116937 0.25626515352455786 0.36181818181818187 0.95553359683794481 0.9833333333333335 0.28166666666666673 0.73508771929824568 0.88117647058823534 1.2653601539051962 0.11008554703436081 0.46862745098039221
decision_type=2 10 10 10 2 10 2 10 2 8 10 10 2 2
left_child=-1 9 3 -3 7 11 13 -4 -9 10 -2 -5 -11 -7
right_child=1 2 4 5 -6 6 -8 8 -10 12 -12 -13 -14 -15
leaf_value=5.2384920579370423e-05 -0.00042724504395079692 0.0015542713216965545 -0.00040867783116932779 -0.00021446310649052836 0.001347036826585632 0.0005210500485159404 0.0020210804198760048 -0.00014451282675202826 -0.0029849942108140801 -0.00068476916045815653 0.00092885661786478921 -0.0017805488605876093 -0.0022852343077350698 -0.00018037998654682708
leaf_weight=37172 4194 479 2443 1625 254 2878 236 202 286 1297 574 390 392 3297
leaf_count=37172 4194 479 2443 1625 254 2878 236 202 286 1297 574 390 392 3297
internal_value=-2.78385e-05 -0.000188623 -3.76947e-05 0.000121665 -0.00048325 4.0224e-05 0.000215543 -0.000641863 -0.00180922 -0.000471219 -0.00026399 -0.000517576 -0.00105622 0.000146538
internal_weight=55719 18547 12090 8905 3185 8426 6411 2931 488 6457 4768 2015 1689 6175
internal_count=55719 18547 12090 8905 3185 8426 6411 2931 488 6457 4768 2015 1689 6175
is_linear=0
shrinkage=0.03


Tree=117
num_leaves=15
num_cat=0
split_feature=12 1 10 12 10 1 3 1 4 24 1 5 20 24
split_gain=0.748559 1.19056 0.96793 0.957509 0.966503 1.09608 0.92675 0.909784 1.06316 0.867628 0.835408 1.33731 0.825216 0.821772
threshold=0.63484848484848488 0.294704498510935 0.00092986000000000013 0.10435571687840291 -0.0019862207142857143 -0.021038823543670811 0.030658257737310349 -0.034297162996447743 2.564627116290314 0.0080833133744180972 -0.15027711644953543 0.22079455965541897 0.73508771929824568 -0.036433685881543339
decision_type=2 10 2 2 2 10 10 8 10 2 10 8 8 2
left_child=1 3 7 9 5 -5 -4 -2 -9 12 11 -6 13 -1
right_child=2 -3 6 4 10 -7 -8 8 -10 -11 -12 -13 -14 -15
leaf_value=-0.00052434483782634849 -0.00046024922005512758 0.0018931679237327418 -0.0017233712692153571 -0.0018717868665115525 0.00018989082994744032 0.00051319110272207149 -0.00035432442993797264 9.9586515331256314e-06 0.0017564282995413674 -0.00073823806794991165 0.00013008404834074266 0.0020293631633463869 -0.00055702324410993834 0.00087584551309178552
leaf_weight=542 4053 327 608 443 997 285 1660 13802 321 2281 27144 553 1242 1241
leaf_count=542 4053 327 608 443 997 285 1660 13802 321 2281 27144 553 1242 1241
internal_value=7.30741e-06 9.14469e-05 -0.000136965 7.44818e-05 0.000141378 -0.000938107 -0.000721335 -6.40475e-05 4.9654e-05 -0.00029646 0.000168766 0.000846167 3.66633e-05 0.000450213
internal_weight=55499 35055 20444 34728 29422 728 2268 18176 14123 5306 28694 1550 3025 1783
internal_count=55499 35055 20444 34728 29422 728 2268 18176 14123 5306 28694 1550 3025 1783
is_linear=0
shrinkage=0.03


Tree=118
num_leaves=15
num_cat=0
split_feature=19 2 0 0 6 4 1 8 1 12 13 11 23 10
split_gain=0.683006 0.877654 0.894334 0.693905 0.783166 0.598071 0.567258 0.552893 0.545993 0.536591 1.01366 0.873873 0.858121 0.879714
threshold=0.11882352941176472 0.0022222024694869007 0.056142990820553192 0.00082959705772678316 0.039331479641345153 0.043364339000574022 1.0000000180025095e-35 1.3028979318148837 -0.087861016477453355 0.83045977011494265 0.43095238095238103 1.2891877047245912 0.68090909090909102 0.00059424500000000008
decision_type=10 8 2 2 8 10 10 10 8 2 10 8 8 2
left_child=1 8 3 4 6 -5 -3 -7 -1 11 -11 -2 13 -12
right_child=9 2 -4 5 -6 7 -8 -9 -10 10 12 -13 -14 -15
leaf_value=-0.0012230151946564139 2.6314259676048712e-05 0.00069876061653391635 -0.0012124773593677673 0.00065580684404016663 0.0014990103056093081 0.0023685473240038844 -0.00083993673911512208 0.00058136130585672327 7.9661233834748394e-05 -0.001011840987022233 -0.00023749221316564039 -0.0011447773632893043 0.00015412603431309781 -0.0014083176216559974
leaf_weight=323 39117 372 212 784 341 528 513 221 2798 1318 3280 582 4728 701
leaf_count=323 39117 372 212 784 341 528 513 221 2798 1318 3280 582 4728 701
internal_value=-3.65072e-06 0.000296168 0.000665229 0.000809511 0.000277499 0.00123498 -0.000193162 0.00184122 -5.5156e-05 -4.03819e-05 -0.000236472 9.14568e-06 -0.000119129 -0.000443659
internal_weight=55818 6092 2971 2759 1226 1533 885 749 3121 49726 10027 39699 8709 3981
internal_count=55818 6092 2971 2759 1226 1533 885 749 3121 49726 10027 39699 8709 3981
is_linear=0
shrinkage=0.03


Tree=119
num_leaves=15
num_cat=0
split_feature=8 9 24 21 5 5 4 1 16 7 12 8 12 12
split_gain=0.937521 0.740527 0.8975 0.896338 0.944094 0.732545 0.596608 0.916923 1.10335 0.923286 0.902209 0.872369 1.01034 0.926814
threshold=2.0995605340735293 0.00030905500000000008 -0.023383372992669498 0.69098143236074283 1.5490624196461447 0.81236792044414563 0.021355926576117627 -0.15508171293962356 0.96609195402298864 0.12998426685746123 0.033908045977011504 1.0130043719721724 0.06458333333333334 0.033908045977011504
decision_type=10 2 2 2 10 8 10 10 10 10 2 8 2 2
left_child=6 3 -3 4 5 -2 11 8 9 -8 -9 12 -1 -13
right_child=1 2 -4 -5 -6 -7 7 10 -10 -11 -12 13 -14 -15
leaf_value=0.0015614333920246103 -0.00054126210481939853 0.0016553582360600873 -0.00034914509737690236 -0.0021294626281208669 -0.0021249094579744309 0.0013081529792777938 0.0012237472153105329 -0.00099953028289237727 0.0028493389039680262 -0.0010545167344245168 0.00010983701610043813 -0.0023072226474865928 -2.2348862107338876e-05 -0.00032592765308628655
leaf_weight=369 1116 254 964 405 284 233 473 679 228 242 23308 220 20611 6224
leaf_count=369 1116 254 964 405 284 233 473 679 228 242 23308 220 20611 6224
internal_value=-2.24278e-05 -0.000516361 6.88712e-05 -0.000866121 -0.0005528 -0.00022183 8.29092e-06 0.000114508 0.00103212 0.000452642 7.84342e-05 -8.82667e-05 5.50698e-06 -0.00039357
internal_weight=55610 3256 1218 2038 1633 1349 52354 24930 943 715 23987 27424 20980 6444
internal_count=55610 3256 1218 2038 1633 1349 52354 24930 943 715 23987 27424 20980 6444
is_linear=0
shrinkage=0.03


Tree=120
num_leaves=15
num_cat=0
split_feature=22 7 23 4 3 12 2 13 16 7 23 10 0 2
split_gain=0.681878 0.784547 1.07477 1.09181 0.853241 0.844372 0.92564 0.745592 0.93574 0.744603 0.700419 1.5535 0.678441 1.16399
threshold=0.89827586206896559 0.12543538474156959 0.267948717948718 -0.28201748182280539 -0.024953679716532503 0.16954022988505749 -0.19201984316594009 0.30217391304347835 0.033908045977011504 0.10961702416346689 0.83666666666666678 0.00011822214285714293 -0.09034253035104077 0.018239451442109148
decision_type=2 10 8 10 10 2 8 8 10 8 8 2 2 10
left_child=1 4 -3 -4 5 6 -1 -2 -9 -6 -11 -12 -5 -14
right_child=7 2 3 12 9 -7 -8 8 -10 10 11 -13 13 -15
leaf_value=0.00048438526975752951 0.0001089432032473843 0.00076150717271934081 -0.0026924567026684861 0.00065793653026323124 0.00013626590667152627 -1.3059766014117898e-05 -0.00086105785099296667 -0.0023008038771582676 -0.0004207975543720115 0.001928371536204897 0.0017963517972716962 -0.00094360715426033536 -3.9626174393445963e-05 -0.0012826161845145246
leaf_weight=583 2636 620 210 424 23270 17173 2185 252 4375 402 359 387 1422 1296
leaf_count=583 2636 620 210 424 23270 17173 2185 252 4375 402 359 387 1422 1296
internal_value=-2.27366e-05 1.79926e-05 -0.000385935 -0.000598171 5.41612e-05 -9.14342e-05 -0.000577679 -0.000293765 -0.000523188 0.000173062 0.00091892 0.000374952 -0.000458197 -0.00063231
internal_weight=55594 48331 3972 3352 44359 19941 2768 7263 4627 24418 1148 746 3142 2718
internal_count=55594 48331 3972 3352 44359 19941 2768 7263 4627 24418 1148 746 3142 2718
is_linear=0
shrinkage=0.03


Tree=121
num_leaves=15
num_cat=0
split_feature=12 23 13 1 22 10 22 4 24 3 4 11 18 1
split_gain=0.747535 0.973787 1.37755 0.942671 1.18248 0.833362 1.33045 1.06878 0.952057 1.13054 0.814007 0.811864 0.809233 1.09758
threshold=0.83666666666666678 0.96609195402298864 0.14039408866995076 0.12619788104092969 0.69782608695652182 0.0006117521428571428 0.59629629629629644 1.1017876001929965 0.030338533011817857 0.10656959633925724 0.46210839346137295 1.2891877047245912 0.9833333333333335 -0.25803038464905936
decision_type=2 10 8 10 2 2 2 10 2 8 10 10 8 10
left_child=11 2 -2 4 -3 7 10 8 -4 -10 -7 12 13 -1
right_child=1 3 5 -5 -6 6 -8 -9 9 -11 -12 -13 -14 -15
leaf_value=0.0015285631387819362 -0.0025695769248397617 0.0021460733998999049 -0.00028183698747526713 -0.00025512645689907223 -0.00050488107844175515 -0.0010700178289806226 -0.0017292803939395437 -0.0023203945299610498 -0.00010608162086876766 0.0017650529790980947 0.0013692030574981441 -0.0012501723297245748 -0.00072110573181065015 6.0256291481136666e-05
leaf_weight=463 251 459 4929 777 226 230 830 201 710 492 265 433 1178 44080
leaf_count=463 251 459 4929 777 226 230 830 201 710 492 265 433 1178 44080
internal_value=-6.84877e-06 -0.000251153 -0.000382653 0.000460131 0.00127145 -0.000310964 -0.000995146 -0.000167796 -9.7225e-05 0.000659807 0.000235828 4.27489e-05 5.49935e-05 7.55185e-05
internal_weight=55524 9370 7908 1462 685 7657 1325 6332 6131 1202 495 46154 45721 44543
internal_count=55524 9370 7908 1462 685 7657 1325 6332 6131 1202 495 46154 45721 44543
is_linear=0
shrinkage=0.03


Tree=122
num_leaves=15
num_cat=0
split_feature=15 13 10 7 2 12 1 8 7 4 20 10 14 10
split_gain=0.503648 1.66741 1.06015 0.854892 0.798096 0.759361 0.824715 0.852919 0.704118 0.677986 0.661033 0.66068 0.761675 0.682609
threshold=0.19615384615384621 0.63484848484848488 0.00013991999999999989 0.10404161337161248 -0.34015353191492254 0.033908045977011504 0.092183932458406517 0.66945572227619388 0.13472171678779887 1.3300066293541633 0.38013136288998362 0.00032845999999999998 0.042572463768115944 0.0013696585714285719
decision_type=10 8 2 10 8 2 10 10 10 8 8 2 10 2
left_child=1 4 3 10 8 6 7 -2 -1 11 -3 12 -6 -13
right_child=5 2 -4 -5 9 -7 -8 -9 -10 -11 -12 13 -14 -15
leaf_value=0.0024818732852406166 0.00061952279046333081 0.0016946289393634192 -0.0017528497879529129 -0.0016636482526669434 -0.0013844546074291977 7.7700150137049784e-05 0.00081208329386491733 -0.0015049450245693151 0.00010686451759165985 -0.0017367360522445334 -0.00052852233619812654 0.00080836838797722355 -9.4419650943682656e-05 -0.00037587421938339594
leaf_weight=212 216 228 892 242 452 44968 270 800 239 215 255 1379 4645 642
leaf_count=212 216 228 892 242 452 44968 270 800 239 215 255 1379 4645 642
internal_value=1.64581e-05 -0.000183722 -0.00106032 -0.000208277 -1.62185e-06 5.71441e-05 -0.000661646 -0.00105329 0.00122328 -7.69565e-05 0.000520916 -2.68227e-05 -0.000208819 0.000432177
internal_weight=55655 9401 1617 725 7784 46254 1286 1016 451 7333 483 7118 5097 2021
internal_count=55655 9401 1617 725 7784 46254 1286 1016 451 7333 483 7118 5097 2021
is_linear=0
shrinkage=0.03


Tree=123
num_leaves=15
num_cat=0
split_feature=3 2 24 23 5 5 17 3 24 5 24 0 23 13
split_gain=0.573356 0.842905 0.838098 0.794108 1.08245 1.12919 0.75408 0.728665 0.942774 0.84934 0.876691 0.841883 0.793178 0.721149
threshold=0.012257740773464755 -0.31895755243968577 0.0018776521600352241 0.95553359683794481 3.5063029459644932 1.3413917586412525 0.96609195402298864 0.083390881903574923 -0.005480949488143586 -0.39223432172494549 -0.0020749038751441567 -0.065559715452786368 0.12250000000000001 0.16333333333333336
decision_type=10 10 2 10 10 8 8 8 2 8 2 2 10 10
left_child=1 2 13 4 5 -3 -7 8 -2 -10 -11 -9 -12 -1
right_child=7 3 -4 -5 -6 6 -8 11 9 10 12 -13 -14 -15
leaf_value=0.0023918049582730859 -0.00010842917017607878 -0.00010126659501594491 -0.00059672180096659224 -0.0012868187783229399 0.0015213346604977837 -0.00058502200395452956 -0.0022867605687510971 0.00062307659432353881 0.002222794759695211 0.0022452175763891698 0.0017680998789254834 -8.675027313101201e-05 0.0002643957829676793 0.00045218515990943598
leaf_weight=310 2772 26990 294 535 357 861 322 1655 270 242 344 16460 3839 389
leaf_count=310 2772 26990 294 535 357 861 322 1655 270 242 344 16460 3839 389
internal_value=-2.34935e-05 -0.000112337 0.000747153 -0.000141702 -0.000120228 -0.00014103 -0.00104822 8.0895e-05 0.000330276 0.000589295 0.000489624 -2.19e-05 0.000388057 0.00131239
internal_weight=55640 30058 993 29065 28530 28173 1183 25582 7467 4695 4425 18115 4183 699
internal_count=55640 30058 993 29065 28530 28173 1183 25582 7467 4695 4425 18115 4183 699
is_linear=0
shrinkage=0.03


Tree=124
num_leaves=15
num_cat=0
split_feature=4 8 22 21 11 12 20 11 7 22 1 4 21 18
split_gain=0.567664 1.26575 1.20847 0.964756 0.790656 0.726815 1.47486 0.669475 0.643216 1.27482 1.47917 0.996562 0.90521 0.736189
threshold=0.01861894137270104 1.0130043719721724 0.91287878787878796 0.99166666666666681 -0.13717777571779208 0.95553359683794481 0.66091954022988519 -0.071562901794842801 0.12998426685746123 0.12771739130434787 -0.17864579081082302 1.3300066293541633 0.94558823529411773 0.60357142857142865
decision_type=8 8 2 2 10 2 10 10 10 2 10 10 2 10
left_child=1 5 -3 7 -4 -1 -7 -2 9 11 -11 13 -10 -9
right_child=3 2 4 -5 -6 6 -8 8 12 10 -12 -13 -14 -15
leaf_value=6.0672344195750797e-05 0.00077284846691401453 -0.00032060427197161032 -0.00057961187219890441 0.0011644115417730062 -0.002781372631868569 -0.0018183269373803711 0.0012226834648983839 0.00111572938698474 -0.00049550168212770607 0.0023084000623284045 -8.9103988131320949e-06 0.0025355206033033113 0.0015760654221252158 1.4731045646468938e-05
leaf_weight=20053 1179 6240 278 750 311 490 203 1045 2929 251 20130 251 203 1146
leaf_count=20053 1179 6240 278 750 311 490 203 1045 2929 251 20130 251 203 1146
internal_value=7.56537e-06 -8.8951e-05 -0.000443214 0.000103012 -0.00174217 2.76625e-05 -0.000927526 7.36744e-05 4.19146e-05 9.72386e-05 1.96282e-05 0.000744977 -0.000361233 0.000539853
internal_weight=55459 27575 6829 27884 589 20746 693 27134 25955 22823 20381 2442 3132 2191
internal_count=55459 27575 6829 27884 589 20746 693 27134 25955 22823 20381 2442 3132 2191
is_linear=0
shrinkage=0.03


Tree=125
num_leaves=15
num_cat=0
split_feature=14 20 24 10 4 9 12 10 3 4 5 12 1 11
split_gain=0.628193 1.18823 1.22865 1.2217 0.955134 0.700327 0.644427 1.2402 1.5603 0.731825 0.991358 0.811897 1.65885 0.872473
threshold=0.060661764705882359 0.20344827586206901 -0.00026283469688452105 -0.00075299500000000001 0.20981248733159022 0.00022423000000000004 0.73205128205128212 -0.0014185507142857141 0.15024917562328391 -0.52517226184007371 -0.43506516469406126 0.10435571687840291 0.19228686547267762 -0.38876156527091099
decision_type=8 8 2 2 10 2 2 2 10 8 8 2 10 10
left_child=1 2 -1 -3 -4 -5 9 8 -8 10 -2 12 13 -11
right_child=6 3 4 5 -6 -7 7 -9 -10 11 -12 -13 -14 -15
leaf_value=0.0017278153320820582 0.00025214928526362648 -0.0029137483131140471 -0.0019768122935319363 0.00049889247912808131 0.00081695315832408457 -0.0012963212670242289 -0.00046507443069487869 -0.00020803651822482751 0.0021466441778971164 -0.0023809572555986576 0.0027432694928666446 0.00011531911585734974 0.0018846382327658469 -0.00035812926623023913
leaf_weight=333 434 275 238 318 205 508 372 15458 461 201 215 32045 292 4239
leaf_count=333 434 275 238 318 205 508 372 15458 461 201 215 32045 292 4239
internal_value=-8.62992e-06 -0.000548113 0.000350975 -0.0011818 -0.000683986 -0.000605186 1.02209e-05 -0.000147274 0.000980306 7.8776e-05 0.0010774 6.11532e-05 -0.000305657 -0.000449703
internal_weight=55594 1877 776 1101 443 826 53717 16291 833 37426 649 36777 4732 4440
internal_count=55594 1877 776 1101 443 826 53717 16291 833 37426 649 36777 4732 4440
is_linear=0
shrinkage=0.03


Tree=126
num_leaves=15
num_cat=0
split_feature=22 6 3 23 3 5 10 8 18 7 2 9 14 3
split_gain=0.587974 0.955684 0.80698 0.828986 0.800569 0.738445 0.726837 0.690704 1.45027 0.986781 0.710228 0.695365 0.75596 0.74344
threshold=0.40370370370370373 0.21431208850416775 -0.018163149785774654 0.03509852216748769 0.17322481426919825 -0.58141892314319654 -0.0055960871428571432 1.4137374579088424 0.9833333333333335 0.10404161337161248 0.26532162930055864 7.7830000000000019e-05 0.10172413793103451 0.4649813845983139
decision_type=2 8 8 10 10 8 2 8 8 10 10 2 10 10
left_child=1 2 5 -4 -3 -1 -7 11 9 -9 -10 12 -2 -13
right_child=7 4 3 -5 -6 6 -8 8 10 -11 -12 13 -14 -15
leaf_value=0.0011344261975675229 0.0016914584086204949 -0.0024981973388378213 0.0022059006464568154 0.00028529639208757024 -0.00029218318052749774 -0.0017215013242570958 -6.2875477950797236e-05 -0.00042685529225547635 -1.4940512898777211e-05 -0.0019551867683620066 0.002192094456579508 -6.4538184783536126e-05 0.00019538136638574556 -0.00098169772676615541
leaf_weight=453 325 217 206 11146 466 244 9334 4536 259 415 266 22188 4698 825
leaf_count=453 325 217 206 11146 466 244 9334 4536 259 415 266 22188 4698 825
internal_value=-8.62944e-06 0.000111621 0.000146906 0.000320149 -0.000993069 -4.91507e-05 -0.000105129 -8.78085e-05 -0.000395981 -0.000554962 0.00110329 -2.76162e-05 0.000292181 -9.74177e-05
internal_weight=55578 22066 21383 11352 683 10031 9578 33512 5476 4951 525 28036 5023 23013
internal_count=55578 22066 21383 11352 683 10031 9578 33512 5476 4951 525 28036 5023 23013
is_linear=0
shrinkage=0.03


Tree=127
num_leaves=15
num_cat=0
split_feature=3 13 9 7 2 17 23 7 2 12 24 24 15 6
split_gain=0.77626 1.00167 0.934549 0.853792 1.01235 1.13728 0.856838 0.764387 0.761226 0.723818 0.972589 0.729127 0.877173 0.740111
threshold=-0.045951493801381298 0.68090909090909102 0.0017579150000000003 0.048415680377389463 -0.10217301378804998 0.92153846153846175 0.24568965517241384 0.10961702416346689 -0.36687910711023836 0.59629629629629644 0.094716472137785737 0.018214552937488557 0.89564428312159727 0.056871438261287689
decision_type=8 10 2 10 10 8 10 10 8 2 2 2 10 10
left_child=1 2 8 4 -2 -6 7 -5 -1 11 -11 13 -13 -8
right_child=3 -3 -4 6 5 -7 9 -9 -10 10 -12 12 -14 -15
leaf_value=0.0012233189307073306 -0.0013177913654909483 -0.00051773498829332787 -0.0013801161339506507 0.00028831029800407629 0.00024897048106547543 0.0021581260643198513 -0.00018262533917587514 0.0020355356791058534 -4.5641845236824127e-05 -0.00040098725014857568 0.0014962193414390797 -2.8494796977242855e-06 -0.0011326696142237784 0.00050761180996611907
leaf_weight=437 362 5416 462 2062 13040 287 2265 253 16113 7814 251 2133 871 3653
leaf_count=437 362 5416 462 2062 13040 287 2265 253 16113 7814 251 2133 871 3653
internal_value=-2.62335e-05 -0.000162409 -4.92858e-05 6.63413e-05 0.000247565 0.000290085 -6.21827e-05 0.00047926 -1.21351e-05 -0.000135971 -0.000341942 5.02159e-05 -0.000330437 0.000243437
internal_weight=55419 22428 17012 32991 13689 13327 19302 2315 16550 16987 8065 8922 3004 5918
internal_count=55419 22428 17012 32991 13689 13327 19302 2315 16550 16987 8065 8922 3004 5918
is_linear=0
shrinkage=0.03


Tree=128
num_leaves=15
num_cat=0
split_feature=2 2 12 24 10 14 11 10 14 17 15 3 3 6
split_gain=0.674625 0.736539 0.593213 1.0657 0.779073 0.983824 0.773402 0.719679 0.985316 0.958488 0.857756 1.04356 0.716408 0.645924
threshold=-0.34015353191492254 -0.4177994782174787 0.63484848484848488 -0.081946237105212774 -0.00013505785714285721 0.22474747474747478 -0.0021001468014489317 0.00012086928571428553 0.11651583710407241 0.7593103448275863 0.16954022988505749 -0.18131581095138491 -0.14285711339100984 0.012260584559816566
decision_type=10 8 2 2 2 10 8 2 10 8 10 8 10 10
left_child=1 -1 4 -4 5 6 12 -5 9 -9 11 -10 -2 -6
right_child=2 -3 3 7 13 -7 -8 8 10 -11 -12 -13 -14 -15
leaf_value=-9.734033180350725e-05 -0.00090270715071375505 0.0015833846914868515 -0.0013504575520290351 0.00011242043866306124 -0.00076692299985215719 -2.2160654641509594e-06 -0.0015976790744030552 -0.00052165370440430275 0.00019637637713027219 -0.0031221555077665243 -0.00011638844713767919 -0.0017314842099585804 0.00063414552229338554 0.0001408897963903795
leaf_weight=447 760 494 649 7634 724 4295 719 335 405 206 10218 672 426 27448
leaf_count=447 760 494 649 7634 724 4295 719 335 405 206 10218 672 426 27448
internal_value=-1.14197e-05 0.000784996 -2.5173e-05 -0.000154552 5.05566e-05 -0.000253897 -0.000821335 -0.000114688 -0.000261169 -0.00151186 -0.000201264 -0.00100652 -0.000350684 0.00011756
internal_weight=55432 941 54491 20119 34372 6200 1905 19470 11836 541 11295 1077 1186 28172
internal_count=55432 941 54491 20119 34372 6200 1905 19470 11836 541 11295 1077 1186 28172
is_linear=0
shrinkage=0.03


Tree=129
num_leaves=15
num_cat=0
split_feature=12 1 8 3 24 5 7 15 5 3 1 22 0 16
split_gain=0.564357 0.809576 0.746854 0.92744 1.19721 1.18719 0.972425 1.61935 0.62983 0.986054 0.755166 1.05745 1.13202 0.925489
threshold=0.10435571687840291 0.19228686547267762 1.085891405108472 0.19544726490326705 0.0023648627369394016 0.57690294495208605 0.079963889745306466 0.53137254901960795 -0.41270006578394053 -0.072616788903647908 0.073393861389905016 0.78452380952380962 0.013229405439441956 0.95346320346320357
decision_type=2 10 8 10 2 8 8 10 8 10 10 2 2 10
left_child=1 2 -1 6 -5 -6 7 -4 9 -2 13 -12 -13 -10
right_child=8 -3 3 4 5 -7 -8 -9 10 -11 11 12 -14 -15
leaf_value=-7.4139219968188998e-05 6.8375996968394405e-05 0.0011923835474013718 0.00095933002092052659 0.0010431957145206386 -0.0028339850870336258 5.7662668302698335e-05 -0.0026151457855389344 -0.0019745383829051148 3.6804658203738422e-05 0.0010021573497352603 -5.3080675495320791e-05 -0.0019558009479929421 -0.00039949339526610501 0.00075673057452854068
leaf_weight=3108 3056 318 292 430 211 324 389 403 35185 1526 6572 578 1545 1684
leaf_count=3108 3056 318 292 430 211 324 389 403 35185 1526 6572 578 1545 1684
internal_value=1.25163e-05 -0.000276688 -0.000367277 -0.000811918 -0.000135455 -0.00108278 -0.00141412 -0.000741892 4.4092e-05 0.000379365 1.03764e-05 -0.000241117 -0.000823208 6.96874e-05
internal_weight=55621 5475 5157 2049 965 535 1084 695 50146 4582 45564 8695 2123 36869
internal_count=55621 5475 5157 2049 965 535 1084 695 50146 4582 45564 8695 2123 36869
is_linear=0
shrinkage=0.03


Tree=130
num_leaves=15
num_cat=0
split_feature=1 6 12 20 3 14 15 12 9 1 5 1 17 3
split_gain=0.803038 0.964792 0.765084 0.822727 0.768424 0.701205 1.04561 0.959166 1.51572 0.903672 0.862078 0.780674 0.951033 0.71686
threshold=0.41879646010168542 0.20145619538805412 0.070197044334975381 0.96609195402298864 -0.33281493892210878 0.51787994891443179 0.19615384615384621 0.80384615384615399 0.00046146000000000007 0.042660681281125774 0.54052129905348878 -0.022578839839565819 0.10172413793103451 0.76551418814698269
decision_type=10 10 2 8 10 10 10 2 2 10 8 10 8 10
left_child=2 -2 3 4 -1 7 -7 13 10 -10 -9 12 -8 -4
right_child=1 -3 5 -5 -6 6 11 8 9 -11 -12 -13 -14 -15
leaf_value=0.0011766526123021602 0.0020804895084674015 -0.00026022867642735184 0.00019415841817065459 -0.0013856159531343022 -0.00040127351575012274 -0.00098467042462068127 -0.0018011939794106537 0.00021653788191864978 -0.0029807005869224665 -0.00041941947678828402 -0.0011439204143948488 4.4155285254407179e-05 -0.00024749708988797646 -0.0016008948712231646
leaf_weight=312 357 285 22811 686 2531 1169 374 1886 291 216 539 17109 6826 202
leaf_count=312 357 285 22811 686 2531 1169 374 1886 291 216 539 17109 6826 202
internal_value=-1.34862e-05 0.00104139 -2.58102e-05 -0.000453114 -0.000228107 3.51433e-06 -0.000108277 0.000113294 -0.000397736 -0.0018895 -8.58485e-05 -6.61323e-05 -0.000328203 0.000178402
internal_weight=55594 642 54952 3529 2843 51423 25478 25945 2932 507 2425 24309 7200 23013
internal_count=55594 642 54952 3529 2843 51423 25478 25945 2932 507 2425 24309 7200 23013
is_linear=0
shrinkage=0.03


Tree=131
num_leaves=15
num_cat=0
split_feature=1 1 8 15 20 10 16 8 16 24 23 11 16 24
split_gain=0.69615 0.604994 1.18122 1.18409 1.6553 1.45421 1.02457 0.993908 1.16519 0.835822 0.783312 0.772482 0.764868 2.32634
threshold=0.41879646010168542 0.12226982108774055 0.43057989935337254 0.95916666666666683 0.93541666666666679 -0.00097156999999999994 0.95553359683794481 1.9603534184803146 0.89827586206896559 0.024247100629975881 0.68857758620689669 1.2891877047245912 0.96609195402298864 0.017403485942413744
decision_type=10 10 10 10 10 2 10 10 8 2 10 10 10 2
left_child=1 11 -3 4 7 -5 -7 8 9 -4 -11 12 -1 -14
right_child=-2 2 3 5 -6 6 -8 -9 -10 10 -12 -13 13 -15
leaf_value=1.7036158651885335e-05 0.00099485707546774038 -0.0025417698300330012 -0.00097313971914226292 0.00090164729683483774 0.0014216458521182306 -0.00083889285615471195 -0.003195222584162191 -0.0015577986345913131 0.0013305700694048858 -0.0003423219916492764 0.0011727801730815805 -0.0014568804407348538 0.0011900989307119295 -0.00091628664669832845
leaf_weight=47318 643 205 1012 222 626 369 302 458 460 924 460 311 1625 665
leaf_count=47318 643 205 1012 222 626 369 302 458 460 924 460 311 1625 665
internal_value=1.34675e-05 1.98516e-06 -0.000311336 -0.000216728 6.82658e-06 -0.00120307 -0.00189942 -0.000260427 -5.23746e-05 -0.000317881 0.000161252 3.36066e-05 4.29507e-05 0.000578419
internal_weight=55600 54957 5038 4833 3940 893 671 3314 2856 2396 1384 49919 49608 2290
internal_count=55600 54957 5038 4833 3940 893 671 3314 2856 2396 1384 49919 49608 2290
is_linear=0
shrinkage=0.03


Tree=132
num_leaves=15
num_cat=0
split_feature=13 15 22 24 3 22 5 7 7 17 18 7 13 9
split_gain=0.585096 1.38124 0.994164 1.01616 0.925154 1.06798 1.60888 0.958718 1.5461 0.956775 0.941186 1.00822 0.885065 0.895487
threshold=0.63484848484848488 0.23431372549019611 0.04083333333333334 0.0023648627369394016 -0.24491204961353938 0.19139194139194141 0.026355187515886617 0.094674773376056093 0.1517770679669905 0.67928571428571438 0.63245614035087727 0.037066106506012601 0.79655172413793118 0.00025084000000000006
decision_type=10 8 2 2 8 2 10 8 10 8 10 10 10 2
left_child=4 12 3 -3 5 7 9 -1 -9 -7 -6 -12 13 -2
right_child=1 2 -4 -5 10 6 -8 8 -10 -11 11 -13 -14 -15
leaf_value=0.00076168837264648534 -0.00048922364402245971 0.0024308712396533222 -9.9540766042231546e-05 1.8072633683482512e-06 0.00011618378506536521 0.00052052032153736673 0.0017920172342950661 -0.0029051685006086692 0.00041929587539361445 -0.0014945044249693371 -0.0015451121744681261 -0.00016741446783063576 -0.00029151762516564417 -0.0022419564439107816
leaf_weight=346 468 287 17543 337 20990 1947 928 259 245 238 503 9646 1235 597
leaf_count=346 468 287 17543 337 20990 1947 928 259 245 238 503 9646 1235 597
internal_value=-1.78911e-05 -0.000145376 -5.76856e-05 0.00111902 5.64416e-05 0.000488162 0.000745504 -0.000454314 -0.00128911 0.000301035 1.49736e-06 -0.000235695 -0.000838013 -0.00147174
internal_weight=55569 20467 18167 624 35102 3963 3113 850 504 2185 31139 10149 2300 1065
internal_count=55569 20467 18167 624 35102 3963 3113 850 504 2185 31139 10149 2300 1065
is_linear=0
shrinkage=0.03


Tree=133
num_leaves=15
num_cat=0
split_feature=3 13 2 3 18 12 24 1 10 10 22 15 13 24
split_gain=0.712245 0.873756 0.819744 0.753294 1.16585 1.06602 1.10986 0.856146 0.812026 0.805621 0.743329 1.15602 1.03056 0.742527
threshold=0.012257740773464755 0.67261904761904778 0.1688494428123857 -0.18131581095138491 0.90238095238095251 0.067816091954023008 -0.014666402345002343 -0.0048833460701603873 -0.00051895071428571425 -0.00020644357142857137 0.30217391304347835 0.9833333333333335 0.03509852216748769 -0.013747417543263805
decision_type=10 8 10 10 8 2 2 10 2 2 2 10 8 2
left_child=1 2 3 4 7 6 -5 9 -6 -1 13 12 -12 -2
right_child=10 -3 -4 5 8 -7 -8 -9 -10 -11 11 -13 -14 -15
leaf_value=-0.00065850385225937056 0.00081907171001248467 -0.00038020966587592201 -0.0017619232307853443 -0.0030890278586426013 7.2326948057808405e-05 -5.4148089137293748e-05 -0.0004782501168759359 0.0008682833025365612 0.0023781532124479464 0.00020347181509508758 0.0016243294367707321 -0.0010698801448414646 1.8830290461421362e-05 0.00017219249294054642
leaf_weight=1323 2184 7773 238 208 216 14464 496 1202 378 3719 368 866 16204 5942
leaf_count=1323 2184 7773 238 208 216 14464 496 1202 378 3719 368 866 16204 5942
internal_value=-7.29565e-06 -0.000106402 -1.07226e-05 8.21705e-06 0.000269633 -0.000109634 -0.00124962 0.000148813 0.00153967 -2.2707e-05 0.000109075 -1.35548e-06 5.44822e-05 0.000346052
internal_weight=55581 30017 22244 22006 6838 15168 704 6244 594 5042 25564 17438 16572 8126
internal_count=55581 30017 22244 22006 6838 15168 704 6244 594 5042 25564 17438 16572 8126
is_linear=0
shrinkage=0.03


Tree=134
num_leaves=15
num_cat=0
split_feature=3 22 13 5 8 16 8 3 7 9 23 5 17 2
split_gain=0.785636 0.782796 0.725548 1.08546 0.66707 0.662918 0.596728 0.899263 1.76493 0.62651 0.536755 0.536409 0.533317 1.06511
threshold=-0.34393050064248043 0.19139194139194141 0.69782608695652182 0.15978161298358809 1.0486089331429052 0.085144927536231887 0.71316654486295217 -0.049286421166059795 0.11477532628786537 0.00026984000000000009 0.23431372549019611 -0.42729916676467944 0.9833333333333335 0.23866327458199069
decision_type=8 2 10 10 10 8 10 10 10 2 8 8 10 10
left_child=1 10 3 4 11 -2 12 8 9 -8 -1 -3 13 -7
right_child=5 2 -4 -5 -6 6 7 -9 -10 -11 -12 -13 -14 -15
leaf_value=0.00035373235712904714 -0.00045993229414594672 0.0020977288693573575 -0.0004254899810121852 0.0029349125440318465 -0.00070658339236692432 0.00012379731924602998 -9.2752529069535926e-05 1.0445843640555258e-05 -0.0024943566033785477 -0.00065903350416096585 -0.0016010068482541118 0.00043320496545682584 0.00096569415757972793 -0.0020568568469709991
leaf_weight=320 3114 327 287 268 213 17046 5916 23644 331 2502 209 373 662 204
leaf_count=320 3114 327 287 268 213 17046 5916 23644 331 2502 209 373 662 204
internal_value=-1.33265e-05 0.000570889 0.00092744 0.00125622 0.000763462 -3.51666e-05 -8.87261e-06 -8.57061e-05 -0.000345555 -0.000261063 -0.000418556 0.00121078 0.000130077 9.80087e-05
internal_weight=55416 1997 1468 1181 913 53419 50305 32393 8749 8418 529 700 17912 17250
internal_count=55416 1997 1468 1181 913 53419 50305 32393 8749 8418 529 700 17912 17250
is_linear=0
shrinkage=0.03


Tree=135
num_leaves=15
num_cat=0
split_feature=13 4 15 12 2 18 0 3 2 3 3 11 10 4
split_gain=0.567453 1.01992 0.869541 1.01197 0.936665 0.809949 1.28939 0.798405 0.721281 0.792089 0.71368 0.663751 0.674351 0.662539
threshold=0.68090909090909102 3.4624121568061961 0.23431372549019611 0.67261904761904778 0.72385018617470165 0.45993589743589752 0.07363394519672796 1.6047006193312212 -0.053808527817228384 0.17755868009758016 -0.19417132909476234 -0.033142952381097483 0.00021958428571428583 4.428386757504132
decision_type=8 8 8 2 10 8 2 10 8 10 10 10 2 8
left_child=13 2 3 11 8 -5 10 -3 9 -4 -7 12 -2 -1
right_child=1 7 4 5 -6 6 -8 -9 -10 -11 -12 -13 -14 -15
leaf_value=6.6939773598805827e-05 2.2902813146830277e-05 0.0025935791134401114 -0.00034904069388912298 -0.00155175915274961 -0.0013593766583810344 0.0026111698799937124 -0.0012698063303319298 -2.9755540724311554e-05 2.9371416820069346e-05 -0.0021656971895449178 0.00029233621460127108 -0.0023870622955604859 -0.0021409255268428334 -0.0016391531203746867
leaf_weight=36889 344 215 2550 262 520 213 272 203 12896 236 272 409 208 206
leaf_count=36889 344 215 2550 262 520 213 272 203 12896 236 272 409 208 206
internal_value=-1.03421e-05 -0.000145574 -0.000179257 -0.000772725 -0.000106731 -0.000114086 0.000383497 0.00131957 -6.51948e-05 -0.000502928 0.00131071 -0.00147112 -0.000792453 5.74653e-05
internal_weight=55695 18600 18182 1980 16202 1019 757 418 15682 2786 485 961 552 37095
internal_count=55695 18600 18182 1980 16202 1019 757 418 15682 2786 485 961 552 37095
is_linear=0
shrinkage=0.03


Tree=136
num_leaves=15
num_cat=0
split_feature=12 14 11 12 10 13 9 9 15 18 12 19 19 13
split_gain=0.434534 0.910482 1.26047 0.872061 0.870103 0.960401 1.02228 1.05244 0.782677 1.11136 0.753036 0.936749 0.738684 1.05632
threshold=0.63484848484848488 0.9833333333333335 1.2891877047245912 0.4188596491228071 0.00048180928571428565 0.83045977011494265 0.00028210000000000008 7.177500000000001e-05 0.18634259259259262 0.16333333333333336 0.9298029556650248 0.90238095238095251 0.53452380952380962 0.79238505747126442
decision_type=2 8 10 2 2 10 2 2 10 8 2 8 10 10
left_child=1 2 3 4 5 -1 7 -7 9 -2 12 -12 -11 -14
right_child=8 -3 -4 -5 -6 6 -8 -9 -10 10 11 -13 13 -15
leaf_value=-9.7480339108133428e-05 -0.0027156278011289765 0.0010524849503701973 -0.0023008524930964295 0.00023915584697696327 0.00030828931182072018 -0.00096287737234197377 -0.0018057646231187322 0.0010967054260004664 -5.6475334923806019e-05 -0.0010446611553075536 -0.00039081500741920103 -0.0030135786848361876 -0.00014455235460857969 0.0021675815031918042
leaf_weight=15570 211 798 208 12656 4274 658 633 338 18207 524 307 204 878 223
leaf_count=15570 211 798 208 12656 4274 658 633 338 18207 524 307 204 878 223
internal_value=-1.33771e-05 5.07183e-05 2.7437e-05 4.16268e-05 -7.47951e-05 -0.000169993 -0.000863067 -0.000263943 -0.000122942 -0.000638558 -0.00043338 -0.00143787 -0.000117507 0.000323755
internal_weight=55689 35135 34337 34129 21473 17199 1629 996 20554 2347 2136 511 1625 1101
internal_count=55689 35135 34337 34129 21473 17199 1629 996 20554 2347 2136 511 1625 1101
is_linear=0
shrinkage=0.03


Tree=137
num_leaves=15
num_cat=0
split_feature=15 0 2 12 6 6 12 0 11 11 4 12 8 1
split_gain=0.564932 0.857241 0.952339 0.775804 0.702361 1.01929 0.700605 1.24206 0.783237 0.639658 0.597649 0.602096 0.751038 0.727397
threshold=0.16333333333333336 -0.09034253035104077 -0.16530573213174996 0.067816091954023008 0.16732680347289816 0.10683697826545253 0.7154761904761906 0.028147538900239136 0.074080274439444774 -0.45471676567835118 -0.52517226184007371 0.033908045977011504 0.67291038027853345 0.14277129157366944
decision_type=8 2 8 2 10 8 2 2 8 10 10 2 8 10
left_child=1 2 3 -1 5 6 7 9 -8 -3 -2 12 -12 -14
right_child=10 4 -4 -5 -6 -7 8 -9 -10 -11 11 -13 13 -15
leaf_value=0.00034706554276349601 0.0010891798955033935 -0.0017441298139649548 -0.00084049752225788933 0.002770111919949002 -0.0020550692374345617 0.0012579840612092024 -0.00055887223374809409 0.0011375012294712967 -0.0022782592992384538 -0.00028348040453130392 0.0010756027781831988 5.7905899597129362e-05 -0.0013047438408329347 0.00069578293305222352
leaf_weight=244 494 289 225 232 207 366 903 546 324 4069 201 46398 860 202
leaf_count=244 494 289 225 232 207 366 903 546 324 4069 201 46398 860 202
internal_value=1.35605e-05 -0.000230387 0.000767815 0.00152805 -0.000334763 -0.000279953 -0.000371763 -0.00021135 -0.00101289 -0.000380343 5.10734e-05 4.03135e-05 -0.000605966 -0.000924229
internal_weight=55560 7405 701 476 6704 6497 6131 4904 1227 4358 48155 47661 1263 1062
internal_count=55560 7405 701 476 6704 6497 6131 4904 1227 4358 48155 47661 1263 1062
is_linear=0
shrinkage=0.03


Tree=138
num_leaves=15
num_cat=0
split_feature=19 0 3 4 19 7 5 1 13 13 18 23 24 18
split_gain=0.477505 1.08705 0.594762 0.6421 1.23796 0.609564 0.877187 0.898522 0.767058 0.907075 0.829406 0.79032 0.744383 0.667022
threshold=0.11324786324786326 0.00045286529846588769 -0.18131581095138491 0.55746421754988285 0.93218390804597717 0.063587623195206333 -0.076387665703901861 -0.014492637944889529 0.65108695652173931 0.86515151515151534 0.89827586206896559 0.70185185185185195 -0.024461437714732685 0.53137254901960795
decision_type=8 2 10 10 10 8 8 10 10 10 10 8 2 10
left_child=1 -1 3 5 -5 6 7 -2 11 13 -11 -7 -13 -10
right_child=2 -3 -4 4 -6 8 -8 -9 9 10 -12 12 -14 -15
leaf_value=-0.00012395427266703504 -0.00020032901253796818 0.00072610454896982217 -3.9153819025522949e-05 0.0030006419939043925 -5.6846349692269883e-05 0.00035897247899725754 0.0013719424051473266 0.0011527367905897323 -2.6847284955336994e-06 0.0012301197778969146 -0.0011736055148066952 0.00054228713486476662 -0.0016076926671322865 -0.0020499034124959801
leaf_weight=2687 1489 2729 41511 214 269 3364 791 628 207 313 220 231 389 465
leaf_count=2687 1489 2729 41511 214 269 3364 791 628 207 313 220 231 389 465
internal_value=3.67769e-05 0.000304371 7.84372e-06 0.000235223 0.00129782 0.000171837 0.000519544 0.000201053 -2.30232e-05 -0.000686246 0.000237963 0.000177575 -0.000806652 -0.00141929
internal_weight=55507 5416 50091 8580 483 8097 2908 2117 5189 1205 533 3984 620 672
internal_count=55507 5416 50091 8580 483 8097 2908 2117 5189 1205 533 3984 620 672
is_linear=0
shrinkage=0.03


Tree=139
num_leaves=15
num_cat=0
split_feature=11 2 5 13 5 1 10 1 0 22 1 15 1 24
split_gain=0.707507 1.13776 0.862029 1.71674 1.11952 0.55023 0.479499 1.37806 1.00145 0.75973 0.957231 0.948977 2.43201 1.02374
threshold=1.2891877047245912 -0.11966801857602648 0.93090319893857032 0.88675213675213682 3.1682401427925759 0.41879646010168542 -0.00049092928571428565 -0.016749974170517375 0.21357913711897861 0.36754385964912284 -0.17864579081082302 0.96490147783251246 0.068759280044315432 0.012574791651191341
decision_type=8 8 10 8 10 10 2 10 2 2 10 10 10 2
left_child=5 -2 -3 -4 -5 6 7 -1 9 10 -8 -11 13 -13
right_child=1 2 3 4 -6 -7 8 -9 -10 11 -12 12 -14 -15
leaf_value=-0.00073040589805998038 -0.0025294884382512329 0.00072432603846203994 -0.0024447274898411705 -0.0014064629992420695 0.0013393537150781362 0.0011781574970197533 0.001906976668408491 0.0002313062832143262 -0.0018705783095305823 7.4523622258479703e-06 0.00020208392469431047 0.00088044814068809262 -0.0025087158925166152 -0.001450271852250011
leaf_weight=2721 238 493 360 226 327 367 303 2644 245 32715 13589 567 482 242
leaf_count=2721 238 493 360 226 327 367 303 2644 245 32715 13589 567 482 242
internal_value=1.80291e-06 -0.000611265 -0.000286558 -0.000832414 0.000217194 2.05107e-05 1.25707e-05 -0.000256451 4.25502e-05 5.23359e-05 0.00023927 -2.40295e-05 -0.000821807 0.000183249
internal_weight=55519 1644 1406 913 553 53875 53508 5365 48143 47898 13892 34006 1291 809
internal_count=55519 1644 1406 913 553 53875 53508 5365 48143 47898 13892 34006 1291 809
is_linear=0
shrinkage=0.03


Tree=140
num_leaves=15
num_cat=0
split_feature=16 15 10 11 3 19 9 0 11 3 11 24 11 20
split_gain=0.657404 0.968326 0.708518 1.33923 0.97928 0.646103 1.17606 0.92191 0.749707 1.56695 0.709492 0.631303 0.751863 0.604718
threshold=0.9833333333333335 0.9833333333333335 -0.0027157142857142853 0.11567285655262051 0.19544726490326705 0.9833333333333335 -0.00014108499999999997 -0.0051011987025614816 0.82000949228330511 0.97344297259933232 0.38116176458434053 0.014055117647852762 0.45114171280110621 0.33908045977011497
decision_type=10 8 2 8 10 10 2 2 8 10 10 2 10 10
left_child=1 2 3 -1 -5 8 -7 -8 10 -10 -2 12 -3 -4
right_child=5 11 13 4 -6 6 7 -9 9 -11 -12 -13 -14 -15
leaf_value=0.00012394758796917499 0.001027197532564282 0.00040678770153129397 -0.00014089584149755703 -0.003536119042080827 -0.00084695427857625941 -0.002155480573279783 0.0020846506176869675 -0.00077446956880243827 0.0037595858228799532 0.00054063951322408669 -0.00092565826795285011 -0.001847280183258241 -0.0016244512827093289 7.6367577376624073e-05
leaf_weight=696 421 433 17498 200 312 200 203 203 213 377 278 409 264 33804
leaf_count=696 421 433 17498 200 312 200 203 203 213 377 278 409 264 33804
internal_value=-1.37401e-05 -3.31492e-05 -1.46462e-05 -0.000732786 -0.00189741 0.000535409 -0.000272491 0.000655091 0.000915229 0.00170273 0.000250525 -0.000911622 -0.000362577 2.26374e-06
internal_weight=55511 53616 52510 1208 512 1895 606 406 1289 590 699 1106 697 51302
internal_count=55511 53616 52510 1208 512 1895 606 406 1289 590 699 1106 697 51302
is_linear=0
shrinkage=0.03


Tree=141
num_leaves=15
num_cat=0
split_feature=3 9 12 23 24 20 0 10 7 18 3 22 23 10
split_gain=0.620738 0.995228 0.894656 0.892317 1.3732 0.887121 0.722873 1.11738 1.08099 1.01319 0.968064 1.18874 0.843522 0.735809
threshold=-0.02328013648557797 0.0012175650000000001 0.69782608695652182 0.24068965517241384 -0.012199455992371619 0.95553359683794481 0.006116904593598039 0.00048180928571428565 0.048415680377389463 0.63245614035087727 0.76551418814698269 0.16333333333333336 0.87750000000000006 8.6714285714286614e-06
decision_type=10 2 2 8 2 10 2 2 10 10 10 2 8 2
left_child=1 5 -3 4 -2 -1 7 10 12 -9 -5 -12 13 -8
right_child=3 2 -4 6 -6 -7 8 9 -10 -11 11 -13 -14 -15
leaf_value=-5.6748953371526113e-05 -0.00049313321568305386 -0.00052513472483120126 -0.0025660261511024312 8.1829991773722547e-05 0.00079337800121252451 -0.0012647061985906994 -0.00080551431633194091 7.9952170284523159e-05 -0.00036525904751258034 0.0011436141140275954 -0.00012296552775302067 -0.0030006455024928209 0.0014145844317873585 0.00025176602516414789
leaf_weight=23883 979 771 258 9659 3147 560 711 1500 7875 1742 341 208 470 3552
leaf_count=23883 979 771 258 9659 3147 560 711 1500 7875 1742 341 208 470 3552
internal_value=-1.38363e-05 -0.000122899 -0.00103685 7.82007e-05 0.00048812 -8.44238e-05 1.32944e-05 0.000166278 -0.000149905 0.000651482 1.21797e-05 -0.00121323 0.000208411 7.54286e-05
internal_weight=55656 25472 1029 30184 4126 24443 26058 13450 12608 3242 10208 549 4733 4263
internal_count=55656 25472 1029 30184 4126 24443 26058 13450 12608 3242 10208 549 4733 4263
is_linear=0
shrinkage=0.03


Tree=142
num_leaves=15
num_cat=0
split_feature=4 7 10 23 12 4 12 24 17 20 17 24 3 23
split_gain=0.66214 0.720218 0.714308 0.944775 0.675907 0.79864 0.735047 0.70664 0.921394 1.15133 0.670078 1.18329 1.25684 0.843487
threshold=0.01861894137270104 0.068683563670472819 0.00059424500000000008 0.27888888888888896 0.22474747474747478 0.4394329011390698 0.097619047619047633 0.0088213755014828633 0.70185185185185195 0.26491228070175443 0.9833333333333335 -0.012199455992371619 0.34847390188020294 0.92153846153846175
decision_type=10 10 2 8 2 10 2 2 8 10 10 2 10 8
left_child=-1 -2 3 -3 6 -6 -4 -7 -9 -10 13 -12 -13 -5
right_child=1 2 4 10 5 7 -8 8 9 -11 11 12 -14 -15
leaf_value=-0.0001209248458266916 0.00021950177237532002 0.0012840620428424105 -1.3378875045344938e-05 -0.00018500966863098568 -0.00090921164033891692 0.00094190584124747428 0.0016043192362220932 0.00081453551539682778 0.00096764014905086852 -0.0016452066086931154 0.0018957207465775036 -0.0019539771108396764 0.00080360183227693133 -0.00089097596721031359
leaf_weight=27488 15835 348 444 4672 653 877 587 501 217 505 327 254 359 2260
leaf_count=27488 15835 348 444 4672 653 877 587 501 217 505 327 254 359 2260
internal_value=-1.6481e-05 8.6646e-05 -8.86098e-05 -0.000245625 0.000252474 7.10755e-06 0.000907658 0.000292039 -0.000173973 -0.000859905 -0.000313248 0.000438387 -0.000339017 -0.000415172
internal_weight=55327 27839 12004 8220 3784 2753 1031 2100 1223 722 7872 940 613 6932
internal_count=55327 27839 12004 8220 3784 2753 1031 2100 1223 722 7872 940 613 6932
is_linear=0
shrinkage=0.03


Tree=143
num_leaves=15
num_cat=0
split_feature=16 8 11 0 5 1 0 14 24 12 12 1 9 22
split_gain=0.617499 0.815191 0.910642 0.640269 0.629767 0.918166 0.652123 0.600819 0.545153 0.510908 0.507424 0.522121 0.517134 0.4639
threshold=0.085144927536231887 0.86686101430585027 -0.14288550988544432 0.044325210665246868 0.56472863336983259 -0.0027697758339637053 0.0065230824691235876 0.070197044334975381 0.022339404830014276 0.43095238095238103 0.32071428571428579 -0.050418350032457863 0.00027947000000000009 0.56904761904761914
decision_type=10 10 10 2 8 10 2 10 2 2 2 8 2 2
left_child=1 3 9 4 5 7 -7 -1 -4 -3 12 -12 -9 -2
right_child=13 2 8 -5 -6 6 -8 10 -10 -11 11 -13 -14 -15
leaf_value=0.00036248396856401776 0.0001023450533382762 0.00026597130434606933 -0.0013199531178045738 -0.0019035273950243658 -0.0016421854252570605 -0.00023537435445531802 0.0016283359099478966 -0.0029879284002331656 0.00062399176913115878 0.0020673818912285064 0.0005653533111818922 -0.0013951915210418519 -0.00095827778806736646 -7.8953979835189874e-05
leaf_weight=326 29597 289 335 327 358 370 311 201 212 278 234 256 258 22252
leaf_count=326 29597 289 335 327 358 370 311 201 212 278 234 256 258 22252
internal_value=-2.36719e-06 -0.000373861 0.000306732 -0.000660942 -0.000485348 -0.000273615 0.000615747 -0.00074864 -0.000566541 0.0011492 -0.00113033 -0.000458931 -0.00184708 2.45371e-05
internal_weight=55604 3755 1114 2641 2314 1956 681 1275 547 567 949 490 459 51849
internal_count=55604 3755 1114 2641 2314 1956 681 1275 547 567 949 490 459 51849
is_linear=0
shrinkage=0.03


Tree=144
num_leaves=15
num_cat=0
split_feature=4 9 20 12 20 11 10 6 2 15 3 7 0 11
split_gain=0.444231 0.618141 1.59502 0.958811 0.894512 0.842186 1.18061 0.8295 0.696228 0.651111 0.613666 0.830401 0.587236 0.573689
threshold=0.01861894137270104 0.00028406500000000007 0.83045977011494265 0.70185185185185195 0.033908045977011504 0.011856082276852755 -0.00024599499999999978 0.052920225144367297 0.19346695187874199 0.060661764705882359 0.0033925764340779767 0.038985648818814528 0.0023434979776708613 -0.017906611388653567
decision_type=10 2 8 2 8 8 2 8 10 10 10 10 2 10
left_child=1 4 8 7 -1 9 -7 -4 10 -6 -3 12 -12 -11
right_child=-2 2 3 -5 5 6 -8 -9 -10 13 11 -13 -14 -15
leaf_value=-0.0015052576190453721 6.1117147293475788e-05 -0.00027324518982573334 0.00027692029155374095 -0.0026111616624543981 0.0012120750497127293 -0.0020889062211148475 -0.0001699343408350288 -0.0016655000717239674 -0.0017385579976749407 7.8175428960405312e-06 -0.0015626854454067621 0.00066951846012104404 0.00026623445720037463 0.00073791861792769464
leaf_weight=351 27847 5889 371 368 451 383 1170 424 244 14689 304 1618 329 1037
leaf_count=351 27847 5889 371 368 451 383 1170 424 244 14689 304 1618 329 1037
internal_value=-2.34424e-05 -0.000108672 -0.000303957 -0.00134509 -5.55945e-06 2.413e-05 -0.00064319 -0.000759037 -0.000159534 8.81931e-05 -0.000112202 0.000309114 -0.000612109 5.59617e-05
internal_weight=55475 27628 9547 1163 18081 17730 1553 795 8384 16177 8140 2251 633 15726
internal_count=55475 27628 9547 1163 18081 17730 1553 795 8384 16177 8140 2251 633 15726
is_linear=0
shrinkage=0.03


Tree=145
num_leaves=15
num_cat=0
split_feature=16 5 10 17 20 0 6 5 24 10 7 2 13 0
split_gain=0.796674 1.22168 1.16746 0.982835 0.930703 0.89303 0.729862 0.905908 0.692831 0.702303 0.862575 0.83488 0.704793 0.84426
threshold=0.16333333333333336 -0.55197022005888152 0.0014282207142857144 0.33908045977011497 0.92153846153846175 0.00045286529846588769 0.084724617200743507 -0.15143119611413638 0.029064676072286168 0.00027935857142857157 0.10671084557745596 -0.21148229871891341 0.61721611721611735 -0.02119454822391725
decision_type=10 8 2 8 8 2 10 8 2 2 8 10 10 2
left_child=2 5 4 -4 6 -2 8 -8 9 10 11 -1 13 -11
right_child=1 -3 3 -5 -6 -7 7 -9 -10 12 -12 -13 -14 -15
leaf_value=0.0018525644050492297 0.00024327120859330532 1.8364801983703014e-05 -0.00059016088104662579 -0.0029148130130488424 -0.0015432091683263238 0.0019092088434476888 0.0014407287116556023 -0.0005650522510865202 0.00042831531781121156 -0.0013901252595080015 -0.0018538011904707657 -9.9876591339318987e-05 -0.0019989049381074812 0.00020455289266537872
leaf_weight=216 637 46766 439 261 417 531 565 316 1200 553 229 2254 388 650
leaf_count=216 637 46766 439 261 417 531 565 316 1200 553 229 2254 388 650
internal_value=-2.6555e-06 4.22999e-05 -0.000290435 -0.00145692 -0.000170143 0.00100065 -8.02715e-05 0.000721289 -0.000208901 -0.000387143 -9.24373e-05 7.08632e-05 -0.000887087 -0.000528495
internal_weight=55422 47934 7488 700 6788 1168 6371 881 5490 4290 2699 2470 1591 1203
internal_count=55422 47934 7488 700 6788 1168 6371 881 5490 4290 2699 2470 1591 1203
is_linear=0
shrinkage=0.03


Tree=146
num_leaves=15
num_cat=0
split_feature=16 4 13 5 18 19 8 8 21 13 23 12 4 10
split_gain=0.523601 0.648888 0.601563 1.07171 0.701295 0.71011 0.771922 0.540711 1.08857 0.923918 1.2596 1.01932 0.755065 0.80485
threshold=0.085144927536231887 -0.52517226184007371 0.62284482758620696 -0.028982155406330309 0.89564428312159727 0.80384615384615399 0.3009251124686021 0.5646973664147934 0.97500000000000009 0.06458333333333334 0.79238505747126442 0.12250000000000001 1.4059905805384201 0.00027729571428571439
decision_type=8 8 8 8 10 8 8 10 2 10 10 2 10 2
left_child=2 -2 4 -4 5 -1 -7 8 9 -3 -11 -12 13 -13
right_child=1 7 3 -5 -6 6 -8 -9 -10 10 11 12 -14 -15
leaf_value=-5.7959897720519482e-05 0.0013474724887874434 0.001627954225569858 -0.00014994032065804741 -0.0022391819918435069 0.0010266456062037925 -4.1884949390789096e-05 -0.0024513188975424259 -2.9250368991346991e-05 0.0019556729317320365 0.00026661481776478978 -0.0023311002289768882 -0.00021998965625829448 0.0011472910192079229 -0.0019746020640209068
leaf_weight=1910 334 371 538 375 409 221 261 40678 312 8192 260 1118 268 298
leaf_count=1910 334 371 538 375 409 221 261 40678 312 8192 260 1118 268 298
internal_value=4.7754e-06 2.94316e-05 -0.000339315 -0.00100806 -0.000121334 -0.000317623 -0.00134658 2.0883e-05 0.000209378 0.000157522 0.000103701 -0.000582815 -0.000312889 -0.000589251
internal_weight=55545 51831 3714 913 2801 2392 482 51497 10819 10507 10136 1944 1684 1416
internal_count=55545 51831 3714 913 2801 2392 482 51497 10819 10507 10136 1944 1684 1416
is_linear=0
shrinkage=0.03


Tree=147
num_leaves=15
num_cat=0
split_feature=8 2 0 2 18 10 17 21 5 10 8 22 24 22
split_gain=0.625302 0.681981 1.43956 0.69507 1.13465 1.04941 0.810808 0.991213 0.904553 0.882974 0.698566 0.671572 0.55564 0.574004
threshold=1.164397193468788 0.13579509825124739 -0.02824948172548641 0.10246779740116242 0.51787994891443179 0.00031774928571428576 0.72570532915360519 0.097619047619047633 0.21461618407917651 0.00024570428571428585 1.8825773789381515 0.76568627450980398 -0.020048917176037986 0.52128623188405809
decision_type=10 10 2 10 10 2 8 2 10 2 10 2 2 2
left_child=-1 3 11 6 -5 -6 7 -2 -8 -9 -11 -3 13 -10
right_child=1 2 -4 4 5 -7 8 9 12 10 -12 -13 -14 -15
leaf_value=5.9451018453457651e-05 -0.0021253028358760458 0.0013070426277930673 -0.00018376928312169598 0.00014463881897390819 -0.0028823777975403981 -0.00028245294925983289 0.0011653840674266296 4.4469186007900276e-05 0.0017354342142579045 -0.00055175400054294807 -0.0020712604202380693 -0.00014285510034769549 -0.00075288832015080979 -0.00050763949124375362
leaf_weight=41177 294 1029 4773 400 377 222 682 2649 211 2094 313 399 681 200
leaf_count=41177 294 1029 4773 400 377 222 682 2649 211 2094 313 399 681 200
internal_value=6.00382e-08 -0.00017067 6.62501e-05 -0.000351533 -0.0010926 -0.0019188 -0.000247613 -0.00043191 0.000308187 -0.000333441 -0.000749347 0.000901924 -0.000227169 0.000643914
internal_weight=55501 14324 6201 8123 999 599 7124 5350 1774 5056 2407 1428 1092 411
internal_count=55501 14324 6201 8123 999 599 7124 5350 1774 5056 2407 1428 1092 411
is_linear=0
shrinkage=0.03


Tree=148
num_leaves=15
num_cat=0
split_feature=3 20 5 2 0 22 7 6 0 10 15 4 2 1
split_gain=0.737638 0.934896 0.746339 0.722777 0.972752 0.684178 0.857483 1.03502 0.761074 0.764695 0.728951 0.72678 0.619566 0.582017
threshold=0.0049813937117175753 0.96490147783251246 0.029774298345734532 0.16043443345570954 0.052249444110582084 0.40370370370370373 0.23003404646775683 0.22944555735186575 -0.099342581931517557 -9.8042142857142776e-05 0.9833333333333335 1.4968792584783894 -0.19201984316594009 0.027266878762331474
decision_type=8 10 10 10 2 2 8 10 2 2 10 10 10 10
left_child=1 3 -3 -1 -5 6 7 8 -2 13 12 -8 -7 -10
right_child=5 2 -4 4 -6 10 11 -9 9 -11 -12 -13 -14 -15
leaf_value=-5.2236379866232836e-05 0.0018751381512232827 -0.00055070893395398979 -0.0027253326780525187 -0.0020025508501208744 0.00044085757392755848 0.001524958698371906 0.0027906756837231417 -0.001747896979526336 -0.0004644073559566105 0.00044827563764161978 -0.00090223409942018586 0.00034861252442977135 1.2836035294414085e-05 0.00030258595270239719
leaf_weight=27817 266 473 203 390 235 248 225 229 1882 6279 781 214 14639 1690
leaf_count=27817 266 473 203 390 235 248 225 229 1882 6279 781 214 14639 1690
internal_value=3.06586e-06 -0.000101112 -0.00120374 -7.49052e-05 -0.00108383 0.000117739 0.000301632 0.00024653 0.000291674 0.000248917 -8.84276e-06 0.00160024 3.80262e-05 -0.000101524
internal_weight=55571 29118 676 28442 625 26453 10785 10346 10117 9851 15668 439 14887 3572
internal_count=55571 29118 676 28442 625 26453 10785 10346 10117 9851 15668 439 14887 3572
is_linear=0
shrinkage=0.03


Tree=149
num_leaves=15
num_cat=0
split_feature=15 0 23 4 7 13 6 6 0 17 10 18 2 17
split_gain=0.924752 1.27447 0.647907 0.765908 1.20482 0.67188 0.536149 0.962935 0.491353 0.815829 0.544511 0.488481 0.559632 0.831331
threshold=0.16333333333333336 -0.11774271265410284 0.70185185185185195 1.1507173867280711 0.088237657964430491 0.36754385964912284 0.15176321998021539 0.084724617200743507 -0.12472552028298393 0.267948717948718 0.00052310785714285743 0.22474747474747478 -0.063550480759091685 0.50862068965517249
decision_type=8 2 8 8 8 10 10 10 2 8 2 10 10 8
left_child=1 -1 6 4 -4 -6 7 11 9 -2 -11 -3 -13 -14
right_child=8 2 3 -5 5 -7 -8 -9 -10 10 -12 12 13 -15
leaf_value=0.0013771355668623551 -0.0022917517747709309 0.00023694247482173848 0.00032401446845116357 0.00047977178262137779 -0.0014873659341319348 -0.0036839969599459085 -0.0017543708195470896 0.00084028688595439729 5.8819452769127441e-05 -0.00066555760126991797 0.0011672748000110819 -0.00019945499282749869 -0.00039848065298392246 -0.0016773236779972062
leaf_weight=380 208 955 210 205 313 209 218 660 47122 532 201 2316 1188 744
leaf_count=380 208 955 210 205 313 209 218 660 47122 532 201 2316 1188 744
internal_value=-2.79632e-06 -0.000315036 -0.000406661 -0.00114099 -0.00159489 -0.00236686 -0.000293512 -0.000239194 4.52646e-05 -0.000633516 -0.000162966 -0.000376126 -0.00051395 -0.000890954
internal_weight=55461 7398 7018 937 732 522 6081 5863 48063 941 733 5203 4248 1932
internal_count=55461 7398 7018 937 732 522 6081 5863 48063 941 733 5203 4248 1932
is_linear=0
shrinkage=0.03


Tree=150
num_leaves=15
num_cat=0
split_feature=16 6 10 10 11 11 20 3 24 10 6 14 3 10
split_gain=0.728839 1.18984 0.727334 0.849116 0.672523 0.658758 1.03128 0.785033 0.701393 1.15804 0.852454 0.710725 0.706416 0.684331
threshold=0.10435571687840291 0.18779960146704958 0.0013696585714285719 0.0018916757142857146 -0.26468522106522474 -0.42905341830571903 0.081666666666666679 -0.38912270350765776 -0.020377018181711861 0.00028296214285714283 0.053564297783590835 0.32071428571428579 -0.021436855055831424 0.00010367142857142844
decision_type=8 8 2 2 10 8 10 10 2 2 10 10 10 2
left_child=1 2 5 -4 -2 7 -7 -1 9 10 -8 12 -10 -13
right_child=4 -3 3 -5 -6 6 8 -9 11 -11 -12 13 -14 -15
leaf_value=0.0021296363959881701 0.00043317690388475655 -0.0025461130991297366 -0.002790608907202184 -0.00037676531715070895 7.0669488093019143e-06 -0.0016717622365370526 -0.0010671927103494572 -6.3228831124706152e-05 0.00020241880020554722 -0.0022000835727711819 0.0012512509215490094 -0.0013496786476855664 0.0016992023469096901 0.00010697418065479388
leaf_weight=242 3591 209 206 361 46496 415 308 374 1064 341 266 426 387 911
leaf_count=242 3591 209 206 361 46496 415 308 374 1064 341 266 426 387 911
internal_value=1.59028e-06 -0.0003259 -0.000238365 -0.00125375 3.7617e-05 -0.00011675 -0.000253622 0.000798254 -9.46897e-05 -0.0008154 7.208e-06 0.000141842 0.00060163 -0.00035715
internal_weight=55597 5510 5301 567 50087 4734 4118 616 3703 915 574 2788 1451 1337
internal_count=55597 5510 5301 567 50087 4734 4118 616 3703 915 574 2788 1451 1337
is_linear=0
shrinkage=0.03


Tree=151
num_leaves=15
num_cat=0
split_feature=8 4 13 5 23 9 8 4 18 24 8 1 8 12
split_gain=0.613922 0.564989 0.638654 1.2205 0.819789 0.755951 0.999398 0.909289 0.728597 0.874014 0.633254 0.607056 0.557121 0.553199
threshold=0.079980053865662967 0.049391855149731774 0.89087301587301593 -0.076387665703901861 0.80384615384615399 -1.3744999999999993e-05 0.69815214520196855 -0.038318888662921873 0.96490147783251246 -0.024745209400107885 0.97589912751658936 0.12619788104092969 0.6658673132639592 0.267948717948718
decision_type=8 10 8 10 8 2 8 8 10 2 10 10 10 2
left_child=-1 2 8 4 10 -5 -7 -8 13 -10 12 -12 -4 -2
right_child=1 -3 3 5 -6 6 7 -9 9 -11 11 -13 -14 -15
leaf_value=0.0014070677761996555 -0.00027750706847822398 8.4885205281357259e-05 -7.606538463468578e-05 -0.0026554674046321792 -0.0016083648892756747 0.00093683491472013611 -0.00051620081606648953 -0.0028241401340210891 0.00060345820122699619 -0.0016569579082538056 -0.0011076674382429238 0.00084676886099623516 0.0018717436496206359 3.8562914799334179e-05
leaf_weight=273 6627 25444 220 278 228 211 382 257 218 524 354 240 331 20099
leaf_count=273 6627 25444 220 278 228 211 382 257 218 524 354 240 331 20099
internal_value=-1.20862e-05 -1.90778e-05 -0.000107344 -0.000566303 3.43888e-05 -0.00129746 -0.000853318 -0.00144443 -6.55547e-05 -0.000992846 0.000361505 -0.000317996 0.00109403 -3.981e-05
internal_weight=55686 55413 29969 2501 1373 1128 850 639 27468 742 1145 594 551 26726
internal_count=55686 55413 29969 2501 1373 1128 850 639 27468 742 1145 594 551 26726
is_linear=0
shrinkage=0.03


Tree=152
num_leaves=15
num_cat=0
split_feature=3 4 23 9 24 24 8 18 24 3 6 3 4 24
split_gain=0.735031 1.02998 0.82278 0.780588 1.35191 0.920031 0.854405 0.561166 0.754899 0.776416 0.783575 0.954279 0.796457 0.626621
threshold=0.76551418814698269 2.0582441697857234 0.96609195402298864 0.00046146000000000007 0.025011684102786376 0.012972878789680724 1.6300924288477205 0.33908045977011497 -0.053517479692942155 0.10656959633925724 0.012260584559816566 0.01580914760469743 0.11958414412526476 -0.0098226121173215237
decision_type=8 10 10 2 2 2 8 10 2 10 10 10 8 2
left_child=1 7 -3 5 -5 -2 -7 8 -1 10 -10 -12 13 -13
right_child=3 2 -4 4 -6 6 -8 -9 9 -11 11 12 -14 -15
leaf_value=-0.00045978216281206005 -0.0017542840022857903 0.00015608447744163675 0.0023366194952548327 0.0010985886286570643 -0.0011962216551764868 -0.001716949389276417 0.00063055968702119746 -6.0919984279561506e-05 -0.00047707986599377912 -0.00025560387184191688 0.0002081695882042014 -0.00032190113832170167 0.0014925978668888771 0.00078807571732450086
leaf_weight=1690 691 314 309 547 400 211 412 34385 1087 2745 9504 626 1027 1703
leaf_count=1690 691 314 309 547 400 211 412 34385 1087 2745 9504 626 1027 1703
internal_value=2.4925e-06 2.49291e-05 0.0012376 -0.000527314 0.000129292 -0.00100053 -0.000164504 1.06116e-05 0.000144417 0.00020559 0.00029636 0.000361736 0.000796627 0.000489731
internal_weight=55651 53390 623 2261 947 1314 623 52767 18382 16692 13947 12860 3356 2329
internal_count=55651 53390 623 2261 947 1314 623 52767 18382 16692 13947 12860 3356 2329
is_linear=0
shrinkage=0.03


Tree=153
num_leaves=15
num_cat=0
split_feature=17 3 1 4 5 4 7 7 3 8 24 13 10 13
split_gain=0.550732 1.14671 0.628303 0.544133 0.529368 0.749131 0.776229 0.440168 1.03106 0.935761 0.813391 0.714889 0.826492 0.687456
threshold=0.06458333333333334 -0.050980752214289986 0.025488118146229647 -0.59509722485195593 -0.41270006578394053 -0.66607857727085651 0.082774790005847601 0.08057065791323674 0.61041262446471822 1.8137565098397121 -0.073152222972232048 0.24568965517241384 0.00038395357142857132 0.9833333333333335
decision_type=10 10 10 8 8 10 8 8 10 10 2 10 2 10
left_child=1 4 -3 -2 5 -1 -7 8 10 -10 11 -5 -13 -12
right_child=3 2 -4 7 -6 6 -8 -9 9 -11 13 12 -14 -15
leaf_value=-0.0020888066653217841 0.0011194309897208851 -0.00029364379523094631 0.001446134438445807 0.00087436005385983328 -0.0017765648054143151 -0.00090316703674081001 0.0014253090325404296 -0.00014238585655036585 0.0026970781769463789 0.00024068245830757048 8.0954555682939073e-05 -0.00055487583312035182 -0.0025011764975788539 -0.00092486101362129541
leaf_weight=201 396 457 316 239 526 311 220 13817 250 316 36495 1080 240 622
leaf_count=201 396 457 316 239 526 311 220 13817 250 316 36495 1080 240 622
internal_value=-6.92041e-06 -0.000491805 0.000417572 1.15026e-05 -0.00105059 -0.000528917 6.155e-05 3.23369e-06 5.45059e-05 0.00132566 3.59033e-05 -0.000635392 -0.000908749 6.40993e-05
internal_weight=55486 2031 773 53455 1258 732 531 53059 39242 566 38676 1559 1320 37117
internal_count=55486 2031 773 53455 1258 732 531 53059 39242 566 38676 1559 1320 37117
is_linear=0
shrinkage=0.03


Tree=154
num_leaves=15
num_cat=0
split_feature=21 2 13 5 11 3 23 9 13 1 9 9 2 3
split_gain=0.473489 0.568586 0.862156 0.784359 0.635334 0.945793 0.732527 0.754304 0.664886 0.59866 0.749128 1.79279 1.05485 0.628304
threshold=0.22996794871794876 -0.036596446877788784 0.72570532915360519 -0.1982474561578699 0.2685305653888625 0.13673329247394397 0.95916666666666683 -0.00011062999999999998 0.83666666666666678 -0.055749090421694229 -0.00038009999999999997 0.00018374500000000005 0.72385018617470165 0.50646272655945279
decision_type=2 8 8 8 10 10 8 2 10 10 2 2 10 10
left_child=1 2 -1 -4 6 -6 7 -3 -9 -7 12 -12 -11 -13
right_child=-2 4 3 -5 5 9 -8 8 -10 10 11 13 -14 -15
leaf_value=0.00012170688973942361 -3.1663720503441358e-05 0.00011188931354801553 0.00057070690973555493 -0.0015770771293783866 -0.0015602839267417296 -0.0011425642625027493 0.0021893815814949284 0.00073183018518762494 0.002531101429800427 0.0017504869562543115 -0.0021928852804997873 -0.00015557310491264538 -0.00066296377627482624 0.0019775158854491719
leaf_weight=3545 44867 2190 211 557 318 253 241 1599 209 578 273 269 227 231
leaf_count=3545 44867 2190 211 557 318 253 241 1599 209 578 273 269 227 231
internal_value=1.11036e-05 0.000190418 -7.57157e-05 -0.000986996 0.000370104 -5.00936e-05 0.000583127 0.000486302 0.000939821 0.00021219 0.000429397 -0.000237646 0.00106992 0.000829914
internal_weight=55568 10701 4313 768 6388 2149 4239 3998 1808 1831 1578 773 805 500
internal_count=55568 10701 4313 768 6388 2149 4239 3998 1808 1831 1578 773 805 500
is_linear=0
shrinkage=0.03


Tree=155
num_leaves=15
num_cat=0
split_feature=3 3 13 9 11 17 2 17 4 10 21 10 19 20
split_gain=0.436097 0.872498 1.03344 0.936457 1.21922 0.760903 0.564655 0.561378 0.907767 0.829543 0.805572 0.799441 0.783209 0.651082
threshold=-0.18131581095138491 -0.044142706315599793 0.81980519480519487 0.00017103500000000005 0.19896063625013674 0.84807692307692317 -0.087996627644204281 0.06458333333333334 -0.55335661388730473 -0.001587517857142857 0.29398148148148157 -9.8042142857142776e-05 0.93218390804597717 0.76794871794871811
decision_type=10 10 10 2 8 8 10 10 10 2 2 2 10 8
left_child=7 2 3 4 5 -2 -4 -1 11 -10 12 -9 13 -11
right_child=1 -3 6 -5 -6 -7 -8 8 9 10 -12 -13 -14 -15
leaf_value=-0.00063813454610831737 0.00011888325216567855 2.7867872338289077e-05 0.00013069023135714615 -0.00039597446528496697 -0.0020356142284576216 0.0014188691151930039 -0.0011895431072367296 0.0028919354875235411 -0.00097780579343269779 0.00081888133491966083 7.6679816169717682e-05 0.00036620394695706951 -0.00093073385121388128 0.0026612136142328381
leaf_weight=707 4752 32670 365 6586 223 443 1449 212 531 1262 5521 241 200 200
leaf_count=707 4752 32670 365 6586 223 443 1449 212 531 1262 5521 241 200 200
internal_value=-1.98692e-05 -5.66563e-05 -0.000256498 -0.000155643 0.000136499 0.000229739 -0.000923895 0.000172847 0.000243052 0.000166406 0.000250992 0.00154822 0.000830039 0.00107091
internal_weight=55362 46488 13818 12004 5418 5195 1814 8874 8167 7714 7183 453 1662 1462
internal_count=55362 46488 13818 12004 5418 5195 1814 8874 8167 7714 7183 453 1662 1462
is_linear=0
shrinkage=0.03


Tree=156
num_leaves=15
num_cat=0
split_feature=4 4 11 16 14 0 8 7 6 23 5 21 3 8
split_gain=0.527708 0.683073 0.906865 1.09745 0.774778 0.70044 0.707826 0.672238 1.26866 0.915531 1.14578 1.06877 1.04405 1.02987
threshold=-0.4099403920381538 0.01861894137270104 -0.075652741062199921 0.73205128205128212 0.79655172413793118 -0.10694277784899485 1.0185036670022733 0.094674773376056093 0.12176808847630298 0.73205128205128212 1.0745238785447173 0.94558823529411773 0.19994649917057164 0.77226780385025307
decision_type=10 10 8 10 8 2 10 10 8 10 10 2 10 10
left_child=-1 4 3 -3 5 6 -2 8 -4 -9 -11 12 -12 -14
right_child=1 2 7 -5 -6 -7 -8 9 -10 10 11 -13 13 -15
leaf_value=0.00040488024429510253 -0.00021737409264460439 -0.00018553065810058463 9.9621567611120975e-05 0.0020823048119835794 -0.00052614814762231947 -3.4307844086096709e-05 -0.0022398551493191749 0.00046982499638496106 0.0016733352657828139 -0.00092838350025873241 -0.0010428096415031291 0.0013927127021378363 0.001542473536758783 -0.00019825217898545341
leaf_weight=2730 384 342 19851 438 3883 20451 262 1405 472 2134 955 414 393 1380
leaf_count=2730 384 342 19851 438 3883 20451 262 1405 472 2134 955 414 393 1380
internal_value=-1.82751e-06 -2.28705e-05 7.94788e-05 0.00108795 -0.000136708 -6.50303e-05 -0.00103764 5.03496e-05 0.000136171 -0.000210711 -0.000391938 -2.75926e-05 -0.000243138 0.000187594
internal_weight=55494 52764 27784 780 24980 21097 646 27004 20323 6681 5276 3142 2728 1773
internal_count=55494 52764 27784 780 24980 21097 646 27004 20323 6681 5276 3142 2728 1773
is_linear=0
shrinkage=0.03


Tree=157
num_leaves=15
num_cat=0
split_feature=16 12 1 13 5 9 13 2 9 1 22 13 2 16
split_gain=0.680338 0.696719 0.808251 1.04203 0.872424 0.681751 0.91653 0.543574 0.842965 0.775625 0.457227 0.713268 0.928296 0.750311
threshold=0.9833333333333335 0.9833333333333335 0.10695203887602979 0.88117647058823534 1.6833779118294256 -0.00026335499999999995 0.16333333333333336 0.72385018617470165 0.00044928500000000006 0.41879646010168542 0.93218390804597717 0.30217391304347835 0.084736055733502416 0.16333333333333336
decision_type=8 2 10 8 10 2 10 10 2 10 2 10 8 10
left_child=7 2 3 5 -4 -2 -7 9 -9 10 -1 12 -12 -13
right_child=1 -3 4 -5 -6 6 -8 8 -10 -11 11 13 -14 -15
leaf_value=5.8468437748899041e-06 -0.00086705830109377316 0.001766880849953336 -0.0022658614625236883 0.0026325333161630491 0.00036814075274371386 0.0022250303775169858 -6.7873838272509653e-05 -0.0020287354760337621 0.00037937896548979113 0.0016939268571504649 0.00041465256572930531 -0.0015440480230106655 -0.0014809752830769866 -0.00035196096570022189
leaf_weight=47921 312 345 201 207 259 259 398 300 232 238 1674 591 270 2425
leaf_count=47921 312 345 201 207 259 259 398 300 232 238 1674 591 270 2425
internal_value=-4.23984e-06 0.000541729 0.000283369 0.000700409 -0.000782804 0.000287664 0.000836026 -2.43991e-05 -0.00097858 -1.48427e-05 -2.25333e-05 -0.000296728 0.000151371 -0.000585556
internal_weight=55632 1981 1636 1176 460 969 657 53651 532 53119 52881 4960 1944 3016
internal_count=55632 1981 1636 1176 460 969 657 53651 532 53119 52881 4960 1944 3016
is_linear=0
shrinkage=0.03


Tree=158
num_leaves=15
num_cat=0
split_feature=2 6 5 8 9 15 13 11 4 8 11 18 17 18
split_gain=0.691299 0.683953 0.659059 0.776118 0.626893 0.511797 0.894243 0.627173 0.690392 0.469007 0.748544 0.917663 0.830292 1.03105
threshold=-0.34015353191492254 0.21431208850416775 0.052845863778699494 0.80619540194345884 -0.0041009049999999993 0.067816091954023008 0.63245614035087727 -0.48840938381606241 -0.35743620257062136 1.9603534184803146 0.57332986430852073 0.9833333333333335 0.66091954022988519 0.93218390804597717
decision_type=8 10 8 10 2 8 8 10 10 10 10 10 8 10
left_child=2 5 3 -1 -3 6 7 -2 -9 10 11 -7 -12 -14
right_child=1 4 -4 -5 -6 9 -8 8 -10 -11 12 -13 13 -15
leaf_value=0.0028869325108902021 -0.0015742626755019854 -0.0022771033655120949 -0.00016992753462145922 0.00053726875879344987 -0.00042294857181745594 6.6481812757639391e-06 -0.0014476093718079975 0.0013654818252804848 -0.00019763975214225077 -0.00035145891401294521 0.0023182632304107865 -0.0012285424291527624 -7.8684794307264379e-05 0.0014073189221188824
leaf_weight=211 254 214 373 316 704 44438 594 290 2066 3306 217 548 1408 599
leaf_count=211 254 214 373 316 704 44438 594 290 2066 3306 217 548 1408 599
internal_value=-2.96386e-05 -4.32228e-05 0.000795041 0.00147803 -0.000855181 -2.93475e-05 -0.000397028 -0.00015793 -5.23514e-06 -6.02727e-06 1.81625e-05 -8.39838e-06 0.000555422 0.000364821
internal_weight=55538 54638 900 527 918 53720 3204 2610 2356 50516 47210 44986 2224 2007
internal_count=55538 54638 900 527 918 53720 3204 2610 2356 50516 47210 44986 2224 2007
is_linear=0
shrinkage=0.03


Tree=159
num_leaves=15
num_cat=0
split_feature=8 15 24 19 24 22 10 19 19 13 24 0 6 7
split_gain=0.518655 0.67159 1.09446 1.15897 0.758939 1.66057 1.00891 1.39535 0.761082 0.901685 1.28608 1.00143 0.88339 1.33224
threshold=0.71660332378635461 0.66091954022988519 0.0088213755014828633 0.93218390804597717 0.00069258944958125923 0.85960591133004927 0.0006321085714285716 0.45993589743589752 0.29520697167755999 0.89827586206896559 0.026516446379758214 0.13572310909403831 0.20145619538805412 0.098581682976780133
decision_type=10 10 2 8 2 2 2 10 8 10 2 2 10 8
left_child=-1 2 -2 -4 5 6 -3 -8 -6 12 11 -11 13 -10
right_child=1 4 3 -5 8 -7 7 -9 9 10 -12 -13 -14 -15
leaf_value=0.0001382037291040594 -0.00038368496845301865 0.0003837300301399708 0.00014081069546593609 -0.0019248034364621463 0.00047571449670525773 -0.00066161039031581762 -0.00035233643955247577 0.0025228920285501203 -0.00034541125094562371 -6.7100055709004824e-05 0.00093089046495176153 -0.0023786824863910785 0.0011935378137958358 -0.0017338620876017512
leaf_weight=20999 10131 5383 8175 252 1664 1292 224 472 3508 974 1190 204 265 756
leaf_count=20999 10131 5383 8175 252 1664 1292 224 472 3508 974 1190 204 265 756
internal_value=2.06587e-05 -5.09078e-05 -0.000173566 7.90408e-05 9.19675e-05 0.000315113 0.000522701 0.00159753 -0.00010016 -0.000239098 0.000235284 -0.000467408 -0.000487131 -0.000591581
internal_weight=55489 34490 18558 8427 15932 7371 6079 696 8561 6897 2368 1178 4529 4264
internal_count=55489 34490 18558 8427 15932 7371 6079 696 8561 6897 2368 1178 4529 4264
is_linear=0
shrinkage=0.03


Tree=160
num_leaves=15
num_cat=0
split_feature=1 24 24 8 9 1 16 20 5 20 3 10 0 9
split_gain=0.73826 0.949786 0.629272 0.594591 0.800412 0.586594 0.675405 0.881647 0.724298 0.753201 0.668205 0.601959 0.649595 0.571687
threshold=0.41879646010168542 0.043137113564054322 0.0029577372701153444 3.1692040066262943 0.00042436500000000006 -0.25803038464905936 0.16333333333333336 0.73508771929824568 -0.58141892314319654 0.41522988505747133 -0.0067423830496863282 0.0015665907142857144 0.075691895071165485 -0.00045421999999999992
decision_type=8 2 2 10 2 10 8 8 8 8 10 2 2 2
left_child=3 2 -2 5 -5 13 7 10 9 -8 11 12 -7 -1
right_child=1 -3 -4 4 -6 6 8 -9 -10 -11 -12 -13 -14 -15
leaf_value=0.0022437545073246169 0.0015044693745380859 0.0027303596969693901 -0.00063798493354408705 -0.0014516500029712915 0.00075690508938243829 -0.0001507853961039207 0.0019989420823398542 -0.001121136590955463 2.9736733582865736e-05 0.00018226499868035262 0.0003499639802232537 -0.0016351189051289111 -0.0018273065116161226 0.00028234702752212928
leaf_weight=203 217 200 286 535 204 3814 343 946 45544 512 1793 300 220 392
leaf_count=203 217 200 286 535 204 3814 343 946 45544 512 1793 300 220 392
internal_value=1.56111e-05 0.000981619 0.000286295 3.22002e-06 -0.000841981 1.47724e-05 4.34878e-06 -0.000268733 4.5977e-05 0.000911061 -0.000137123 -0.000338634 -0.000242217 0.000951533
internal_weight=55509 703 503 54806 739 54067 53472 7073 46399 855 6127 4334 4034 595
internal_count=55509 703 503 54806 739 54067 53472 7073 46399 855 6127 4334 4034 595
is_linear=0
shrinkage=0.03


Tree=161
num_leaves=15
num_cat=0
split_feature=8 23 5 7 24 3 12 10 12 1 4 12 12 4
split_gain=0.636976 0.718065 1.43665 1.12081 1.19131 1.19252 1.08836 1.02583 0.989823 1.15009 0.863203 0.850974 0.843338 0.768311
threshold=1.164397193468788 0.73508771929824568 1.2575146869473151 0.094674773376056093 -0.044282065014577161 0.1397252612145389 0.9298029556650248 0.00027125571428571421 0.16333333333333336 0.068759280044315432 0.87268175898399036 0.25462962962962971 0.9833333333333335 1.1017876001929965
decision_type=10 10 8 10 2 10 2 2 2 10 10 2 2 10
left_child=-1 2 6 4 5 -3 -2 -8 9 -6 11 -10 -5 -12
right_child=1 3 -4 12 8 -7 7 -9 10 -11 13 -13 -14 -15
leaf_value=6.1829605282508272e-05 -0.00032790874365239234 0.00012426593081815349 0.0016598903836957256 -0.00078540195932269563 -0.0018714388350137535 0.0029423126046818613 -0.00047952648718880181 -0.0028063487763413122 0.0019028505267885824 0.00076923417803819404 0.0028170231811915246 -3.2834845199110221e-05 0.00078654286965727804 0.00053187376211673743
leaf_weight=41275 6999 248 305 1698 409 297 360 324 225 233 223 2233 375 326
leaf_count=41275 6999 248 305 1698 409 297 360 324 225 233 223 2233 375 326
internal_value=2.11797e-06 -0.000170776 -0.000359371 6.96102e-05 0.00035167 0.00165997 -0.000439531 -0.00158171 0.000156268 -0.000913064 0.000384572 0.000144354 -0.000501041 0.00146009
internal_weight=55530 14255 7988 6267 4194 545 7683 684 3649 642 3007 2458 2073 549
internal_count=55530 14255 7988 6267 4194 545 7683 684 3649 642 3007 2458 2073 549
is_linear=0
shrinkage=0.03


Tree=162
num_leaves=15
num_cat=0
split_feature=16 13 14 6 3 9 11 11 4 7 0 1 20 11
split_gain=0.579397 0.902515 0.937355 1.35775 0.704558 0.764734 0.632071 1.00402 0.754938 0.605395 0.821313 0.772417 0.599074 0.596157
threshold=0.9833333333333335 0.12771739130434787 0.9833333333333335 0.049628093438457185 0.76551418814698269 0.00029383500000000005 1.2891877047245912 0.74267334831116316 0.78524095253953663 0.08401958909321483 0.060676624604995795 0.035478697287955725 0.9298029556650248 1.0794486459801662
decision_type=8 10 10 8 8 2 8 10 10 8 2 10 10 8
left_child=4 -2 3 -3 -1 12 7 8 -5 -7 11 -11 -6 -4
right_child=1 2 13 6 5 9 -8 -9 -10 10 -12 -13 -14 -15
leaf_value=1.6545959770787627e-05 0.0018811278470044744 0.0016631641468237859 -2.9737757342569164e-05 -3.9321810913247033e-07 -0.00050322373126867324 0.001221256787850432 -0.0022839003805759676 0.0013501528713561414 -0.0025252530869300954 -0.00088157136042973071 -0.0019340530365436362 0.0013950468803946771 -0.0026201328916368991 0.0020211600884239172
leaf_weight=51973 359 248 206 222 227 219 211 203 205 309 263 237 256 335
leaf_count=51973 359 248 206 222 227 219 211 203 205 309 263 237 256 335
internal_value=1.66774e-05 0.00051944 0.000219535 -0.000287531 -2.01972e-06 -0.000640613 -0.000862766 -0.000386799 -0.00121256 -0.000177996 -0.00055678 0.000106631 -0.00162523 0.00124023
internal_weight=55473 1989 1630 1089 53484 1511 841 630 427 1028 809 546 483 541
internal_count=55473 1989 1630 1089 53484 1511 841 630 427 1028 809 546 483 541
is_linear=0
shrinkage=0.03


Tree=163
num_leaves=15
num_cat=0
split_feature=1 6 15 22 1 1 3 1 21 17 5 13 12 15
split_gain=0.775826 0.970485 0.581246 1.64227 0.898775 0.859733 1.01778 0.45104 0.384809 1.13543 0.779147 0.496291 0.516127 0.472284
threshold=0.41879646010168542 0.20145619538805412 0.9833333333333335 0.20344827586206901 -0.010923770635868189 0.14744063246807096 0.61041262446471822 0.12619788104092969 0.99166666666666681 0.11324786324786326 5.492153930446686 0.62731481481481499 0.74537037037037046 0.79655172413793118
decision_type=10 10 10 2 8 10 10 10 2 10 10 10 2 10
left_child=2 -2 8 4 -4 6 -5 -6 10 -10 -1 -11 -13 -12
right_child=1 -3 3 5 7 -7 -8 -9 9 11 13 12 -14 -15
leaf_value=4.2964336865335693e-05 0.0020808037279513541 -0.00021955133665778093 -0.00076468497407812693 0.00012471460038796067 0.0022842365374604774 -0.0030712065414095725 -0.0021646242566298922 0.00037659176405536657 -0.0014226938835868799 0.0016293487483828111 -0.00034876493601220681 -0.00078505626862224566 0.0012960868607773336 -0.0021591843822638367
leaf_weight=51425 370 298 294 399 233 208 311 214 209 532 308 214 215 224
leaf_count=51425 370 298 294 399 233 208 311 214 209 532 308 214 215 224
internal_value=3.8387e-05 0.0010546 2.59965e-05 -0.000526973 0.000523617 -0.001375 -0.00087808 0.00137096 4.32641e-05 0.000581305 3.11481e-05 0.00101714 0.000257941 -0.00111105
internal_weight=55454 668 54786 1659 741 918 710 447 53127 1170 51957 961 429 532
internal_count=55454 668 54786 1659 741 918 710 447 53127 1170 51957 961 429 532
is_linear=0
shrinkage=0.03


Tree=164
num_leaves=15
num_cat=0
split_feature=16 8 12 0 12 7 20 16 9 5 17 3 15 21
split_gain=0.496441 0.839896 0.810095 0.754618 0.557212 0.927413 1.07257 0.950768 1.03322 0.954325 0.770407 0.753987 0.664748 0.567188
threshold=0.9833333333333335 0.78307386187566386 0.9833333333333335 -0.058753827714895006 0.95553359683794481 0.14132877414280717 0.43095238095238103 0.79238505747126442 0.00030000500000000005 -0.27264349612539884 0.56125000000000014 0.10656959633925724 0.96609195402298864 0.22996794871794876
decision_type=10 10 2 2 2 8 10 10 2 8 10 10 10 2
left_child=4 -2 3 -3 -1 7 -7 9 12 -6 -11 -12 13 -9
right_child=1 2 -4 -5 5 6 -8 8 -10 10 11 -13 -14 -15
leaf_value=2.4309622418058883e-05 0.0013458692868672576 0.001070639450510498 0.001465102797153195 -0.00087316092140953103 0.0006901885073040486 -0.0030318852328942922 -4.8659265507012605e-05 0.0018736938787832743 0.0021793424556870015 -0.0018555497683373496 -0.0012974352686243313 0.00068710440804285028 -0.0011612837460367072 -5.3958266239596125e-05
leaf_weight=50531 672 240 274 716 370 237 200 201 250 573 368 324 298 434
leaf_count=50531 672 240 274 716 370 237 200 201 250 573 368 324 298 434
internal_value=1.66464e-05 0.000492972 2.69987e-05 -0.000385178 -1.97563e-07 -0.00038065 -0.00166656 -0.000181237 0.000466583 -0.000649966 -0.00104195 -0.000368258 7.64419e-06 0.000556212
internal_weight=55688 1902 1230 956 53786 3255 437 2818 1183 1635 1265 692 933 635
internal_count=55688 1902 1230 956 53786 3255 437 2818 1183 1635 1265 692 933 635
is_linear=0
shrinkage=0.03


Tree=165
num_leaves=15
num_cat=0
split_feature=8 11 2 3 3 11 12 18 24 10 19 11 11 1
split_gain=0.561298 0.884462 0.975107 0.61283 0.525828 0.864074 0.964293 0.732175 0.711928 0.965872 0.719209 0.537497 1.07031 0.908292
threshold=0.81023889130211835 0.70760316144411906 0.19950270659345606 0.50646272655945279 -0.049286421166059795 -0.16510595102413159 0.067816091954023008 0.93541666666666679 0.044670911414282047 7.0413571428571512e-05 0.80384615384615399 0.39263969350835609 0.35254980079538484 0.035478697287955725
decision_type=8 8 10 10 8 8 2 8 2 2 10 10 10 10
left_child=1 2 3 -1 5 -2 -7 8 10 -10 -8 12 -6 -14
right_child=4 -3 -4 -5 11 6 7 -9 9 -11 -12 -13 13 -15
leaf_value=0.00010278773041282396 4.512638503061413e-05 0.0012656983483998858 -0.0013289938739979186 -0.0015522735816881914 1.2229932679405839e-05 -0.0023105600924973788 -0.00060243974214944061 0.0012616364361019805 -0.00102942109322508 0.0016641205901490345 -0.0023672897600890549 -0.00029920093976017767 -0.00013212207642694315 0.0023293558247035055
leaf_weight=24789 3470 564 444 203 16246 274 3253 208 210 279 222 4940 225 337
leaf_count=24789 3470 564 444 203 16246 274 3253 208 210 279 222 4940 225 337
internal_value=-1.11144e-05 9.06413e-05 6.45864e-05 8.93443e-05 -0.000100302 -0.000309657 -0.000586558 -0.000473333 -0.00056437 0.000507385 -0.000715187 -2.40988e-05 5.67559e-05 0.00134389
internal_weight=55664 26000 25436 24992 29664 7916 4446 4172 3964 489 3475 21748 16808 562
internal_count=55664 26000 25436 24992 29664 7916 4446 4172 3964 489 3475 21748 16808 562
is_linear=0
shrinkage=0.03


Tree=166
num_leaves=15
num_cat=0
split_feature=21 17 5 11 8 21 20 4 4 12 8 4 13 17
split_gain=0.436791 0.895427 0.925113 0.536975 0.64962 1.07396 0.622693 0.833132 0.604129 1.05839 0.850153 1.09531 0.783111 0.775418
threshold=0.89827586206896559 0.9833333333333335 4.3571175673690883 -0.23180330206069286 0.46041792924734054 0.58012820512820518 0.9298029556650248 -0.52517226184007371 -0.01039675287433278 0.95553359683794481 1.1413015623231444 -0.28201748182280539 0.45993589743589752 0.79238505747126442
decision_type=2 10 8 8 10 2 10 10 8 2 10 10 10 10
left_child=3 2 -2 4 5 -1 7 -6 9 10 12 -12 -5 -13
right_child=1 -3 -4 8 6 -7 -8 -9 -10 -11 11 13 -14 -15
leaf_value=-0.001243954362288495 -0.00028313464263421883 0.0011100959996727673 -0.0023610302983084691 -0.00026734132899533086 0.0019763317336502781 0.00071703085701504022 -0.00072899137397872029 0.00043569002190516255 6.7450977343465218e-05 -0.0013623404736516408 -0.0027461923144491904 -0.00061599238032757899 0.00017769221496665132 0.0012483869514402909
leaf_weight=571 5384 401 200 6522 347 449 361 3525 26883 634 201 2100 7832 222
leaf_count=571 5384 401 200 6522 347 449 361 3525 26883 634 201 2100 7832 222
internal_value=-1.71153e-05 -0.000259224 -0.000357558 1.20712e-05 0.000298892 -0.000380736 0.000462657 0.000573759 -2.18674e-05 -0.00015899 -0.000113785 -0.000621652 -2.45168e-05 -0.000437744
internal_weight=55632 5985 5584 49647 5253 1020 4233 3872 44394 17511 16877 2523 14354 2322
internal_count=55632 5985 5584 49647 5253 1020 4233 3872 44394 17511 16877 2523 14354 2322
is_linear=0
shrinkage=0.03


Tree=167
num_leaves=15
num_cat=0
split_feature=11 21 4 4 0 12 4 8 18 13 11 22 5 11
split_gain=0.592013 1.30713 0.773333 1.46973 0.961285 1.0973 1.30052 0.712648 1.26103 1.23104 1.39486 0.676833 0.596835 0.682757
threshold=0.70760316144411906 0.97500000000000009 0.94155990499420583 0.87268175898399036 -0.019707278344654574 0.22474747474747478 1.4059905805384201 3.1692040066262943 0.9833333333333335 0.91833333333333345 1.2891877047245912 0.86285266457680254 3.8777567974521618 0.41401872442857141
decision_type=10 2 8 10 2 2 8 10 10 10 10 2 10 10
left_child=2 7 3 12 5 6 -4 9 -9 10 11 -2 13 -1
right_child=1 -3 4 -5 -6 -7 -8 8 -10 -11 -12 -13 -14 -15
leaf_value=-2.4358762602347017e-05 0.00073831259405735992 0.0025435919115676525 0.00051723518134632067 0.0018498032261803747 -0.0011599609846961057 0.001583743590581258 -0.0025296171520411679 -0.0024311826499887616 0.00074950182131070583 0.0014507908707328296 -0.0019642712224641457 -0.0011393300640805326 0.0011750609532496276 -0.00066661957689721069
leaf_weight=48361 934 235 325 375 1204 309 206 230 219 715 282 212 364 1537
leaf_count=48361 934 235 325 375 1204 309 206 230 219 715 282 212 364 1537
internal_value=-2.17496e-05 0.000401185 -4.44454e-05 -2.13522e-05 -0.000616544 0.000162354 -0.000664783 0.000206947 -0.000879802 0.000434642 -7.41446e-05 0.000390965 -3.53127e-05 -4.41422e-05
internal_weight=55508 2827 52681 50637 2044 840 531 2592 449 2143 1428 1146 50262 49898
internal_count=55508 2827 52681 50637 2044 840 531 2592 449 2143 1428 1146 50262 49898
is_linear=0
shrinkage=0.03


Tree=168
num_leaves=15
num_cat=0
split_feature=1 21 17 19 6 7 14 7 6 7 19 18 7 5
split_gain=0.412506 1.05012 0.901613 0.843534 0.761236 0.712638 0.666884 0.661995 0.573694 0.824559 0.591327 0.932318 0.696572 0.761876
threshold=0.073393861389905016 0.25431034482758624 0.91833333333333345 0.83045977011494265 0.10871038779891469 0.12998426685746123 0.13484848484848486 0.085932991397820777 0.052920225144367297 0.044493788613102533 0.92153846153846175 0.9833333333333335 0.11941568381455965 -0.33574432613663735
decision_type=10 2 8 10 10 10 10 8 10 8 8 10 10 8
left_child=-1 2 3 7 -5 -4 -3 -2 -8 -10 12 -12 13 -11
right_child=1 6 5 4 -6 -7 8 -9 9 10 11 -13 -14 -15
leaf_value=1.2172364099279255e-05 4.7722292983511694e-05 -0.0017302155814888224 0.0020210160555537132 -0.002413496489678253 3.5451994670438574e-05 6.9620203231811846e-05 -0.00067371416696013751 0.0017853302940826754 0.001726304402495421 0.0010422858817528277 -0.0016944667991867909 0.00046981263066549878 0.0011523345916545147 -0.00034369744549813975
leaf_weight=45346 1089 311 425 218 240 279 2592 241 208 403 521 273 389 3124
leaf_count=45346 1089 311 425 218 240 279 2592 241 208 403 521 273 389 3124
internal_value=-2.67762e-05 -0.000198032 0.000338265 -1.97984e-05 -0.0011302 0.00124766 -0.000368912 0.000362582 -0.000312539 -0.000122184 -0.000203815 -0.000950325 -5.24544e-05 -0.000185333
internal_weight=55659 10313 2492 1788 458 704 7821 1330 7510 4918 4710 794 3916 3527
internal_count=55659 10313 2492 1788 458 704 7821 1330 7510 4918 4710 794 3916 3527
is_linear=0
shrinkage=0.03


Tree=169
num_leaves=15
num_cat=0
split_feature=21 2 19 10 13 15 15 1 11 4 21 18 15 22
split_gain=0.467345 0.987845 0.963629 0.684485 1.22554 0.757565 0.715865 0.636852 0.836377 0.759165 0.689004 0.616745 0.948667 0.640271
threshold=0.23571428571428574 0.13579509825124739 0.9298029556650248 -0.00075299500000000001 0.89827586206896559 0.40370370370370373 0.29814814814814822 0.073393861389905016 -0.42905341830571903 -0.55335661388730473 0.79655172413793118 0.9833333333333335 0.96609195402298864 0.79238505747126442
decision_type=2 10 10 2 10 8 10 8 10 8 2 10 10 2
left_child=1 2 3 4 5 6 -1 9 -9 10 -2 12 13 -10
right_child=7 -3 -4 -5 -6 -7 -8 8 11 -11 -12 -13 -14 -15
leaf_value=1.281315714876008e-05 0.002454245902512722 0.0006773947691644177 -0.0008530268112606278 0.00024711343925990994 -0.00243191288870956 -0.0007680733948855369 0.0019527850529059809 -0.0021028619239034201 -2.8254654399703992e-05 -4.336370779472612e-05 0.00027207200901759905 0.00082501037672179139 -0.001394621427980778 -0.00067729619218544765
leaf_weight=748 205 2389 1069 6737 232 855 222 231 4523 35004 357 436 690 1961
leaf_count=748 205 2389 1069 6737 232 855 222 231 4523 35004 357 436 690 1961
internal_value=-3.35716e-05 0.000130053 -2.52321e-06 0.000100864 -0.000378125 -0.000117041 0.000456807 -7.97561e-05 -0.000324489 -2.58014e-05 0.00106806 -0.000270507 -0.000337087 -0.000224549
internal_weight=55659 12252 9863 8794 2057 1825 970 43407 7841 35566 562 7610 7174 6484
internal_count=55659 12252 9863 8794 2057 1825 970 43407 7841 35566 562 7610 7174 6484
is_linear=0
shrinkage=0.03


Tree=170
num_leaves=15
num_cat=0
split_feature=8 13 19 12 18 16 16 5 8 8 22 13 21 18
split_gain=0.503224 0.516356 0.623412 0.65162 0.517622 0.488594 0.698692 0.419459 0.732966 1.13027 0.806188 1.2092 0.900357 0.742064
threshold=2.9484608512242296 0.081666666666666679 0.60357142857142865 0.83045977011494265 0.9833333333333335 0.45993589743589752 0.81980519480519487 0.085907556264222432 2.4425437048555776 2.0995605340735293 0.62731481481481499 0.081666666666666679 0.99166666666666681 0.11324786324786326
decision_type=8 10 8 2 8 10 10 10 10 10 2 10 2 10
left_child=7 -2 -3 5 -5 -4 -7 -1 9 10 13 -12 -13 -9
right_child=1 2 3 4 -6 6 -8 8 -10 -11 11 12 -14 -15
leaf_value=-7.3804644761215393e-05 -0.0019094098622128549 -0.001621518663966201 -0.00081194595670570956 -0.0015459940490711087 0.00034940527752041816 0.0022703627199769229 0.00017617813901214715 0.00087035674438298979 0.0011120634531638256 -0.0011068293879214037 0.0010052991720606375 -0.00030367363205142917 0.0010182471818840375 0.00016877313456570671
leaf_weight=28561 206 277 209 359 203 212 443 1512 621 715 787 7805 493 13221
leaf_count=28561 206 277 209 359 203 212 443 1512 621 715 787 7805 493 13221
internal_value=-1.21408e-05 -0.000490788 -0.000319187 -6.621e-05 -0.000861357 0.000451004 0.000853991 4.87008e-06 9.4201e-05 6.8436e-05 0.000103717 -0.000118548 -0.000225136 0.000240774
internal_weight=55624 1909 1703 1426 562 864 655 53715 25154 24533 23818 9085 8298 14733
internal_count=55624 1909 1703 1426 562 864 655 53715 25154 24533 23818 9085 8298 14733
is_linear=0
shrinkage=0.03


Tree=171
num_leaves=15
num_cat=0
split_feature=8 2 5 3 2 0 8 6 18 12 5 22 3 0
split_gain=0.506654 0.667527 0.615591 0.786669 0.589773 0.509638 0.683305 1.03814 0.801498 1.19069 0.878554 0.643882 0.506203 0.644905
threshold=1.4137374579088424 0.032315408395550922 0.81236792044414563 0.161700686160452 0.048555732083348964 -0.029425761523107382 1.5859085198407861 0.21431208850416775 0.66091954022988519 0.10172413793103451 0.85657029867257661 0.56385869565217395 0.019467162355209514 -0.078212242026271681
decision_type=10 10 10 10 10 2 10 10 10 2 8 2 8 2
left_child=12 2 3 -2 -3 6 -6 8 -8 10 -10 -11 -1 -14
right_child=1 4 -4 -5 5 -7 7 -9 9 11 -12 -13 13 -15
leaf_value=-4.1685044971874415e-05 -0.00060699492588383284 0.0013769767802351942 0.00076763966186202989 -0.002397664906366189 -0.0011023195263659281 -0.00027063267969609545 -0.00072803188932559501 -0.0012466922128252145 -0.00083682289320891816 0.0013286331139492707 0.0017602257358810404 0.0035857711119079449 0.0010265652226770462 0.00012405078946180529
leaf_weight=29031 1735 247 242 253 248 4836 203 226 267 229 209 226 744 16870
leaf_count=29031 1735 247 242 253 248 4836 203 226 267 229 209 226 744 16870
internal_value=-4.32138e-06 -0.000211463 -0.000660976 -0.000834882 -6.16482e-05 -0.000116791 0.000345882 0.000609966 0.000979988 0.00135241 0.000303478 0.00244976 3.52952e-05 0.000162172
internal_weight=55566 8921 2230 1988 6691 6444 1608 1360 1134 931 476 455 46645 17614
internal_count=55566 8921 2230 1988 6691 6444 1608 1360 1134 931 476 455 46645 17614
is_linear=0
shrinkage=0.03


Tree=172
num_leaves=15
num_cat=0
split_feature=3 11 5 19 3 14 11 11 5 6 11 6 15 19
split_gain=0.67831 0.562881 0.563748 0.671013 0.61755 0.661575 0.603084 0.490672 0.481927 0.47367 0.583943 0.622411 0.59443 0.533156
threshold=-0.65212583381693812 -0.28179613667116937 -0.39223432172494549 0.89827586206896559 -0.37315579491795653 0.16954022988505749 -0.40781808296308436 -0.29606091068971924 -0.46008333701281356 0.031046450329223645 0.14324735741973985 0.028209355270065795 0.89827586206896559 0.14039408866995076
decision_type=10 10 10 10 10 8 10 10 10 10 10 10 10 10
left_child=-1 2 4 7 -2 6 -6 -4 -7 10 12 -12 -3 -11
right_child=1 9 3 -5 5 8 -8 -9 -10 13 11 -13 -14 -15
leaf_value=-0.0015112730387346854 0.00098319836821686088 0.00011447066632781858 0.00077174984408045046 -0.00053705224254567397 -0.0019142817355350999 0.0004365293791382707 -0.00012963027921838769 0.0023364660504233579 -0.00093654322529123702 0.00034892055640696246 0.0011679446638342744 -0.00029706449543240749 -0.0011056496166765961 -9.8043299351025287e-05
leaf_weight=263 522 11461 1402 317 311 1249 377 207 282 2579 916 365 371 34974
leaf_count=263 522 11461 1402 317 311 1249 377 207 282 2579 916 365 371 34974
internal_value=8.67202e-06 1.58964e-05 0.000331162 0.000724505 5.47747e-05 -0.000163629 -0.000936355 0.000973053 0.000183619 -1.31437e-05 0.000142085 0.000750514 7.6213e-05 -6.73475e-05
internal_weight=55596 55333 4667 1926 2741 2219 688 1609 1531 50666 13113 1281 11832 37553
internal_count=55596 55333 4667 1926 2741 2219 688 1609 1531 50666 13113 1281 11832 37553
is_linear=0
shrinkage=0.03


Tree=173
num_leaves=15
num_cat=0
split_feature=4 17 16 7 13 12 7 5 21 21 23 5 23 4
split_gain=0.453057 0.648682 0.915608 0.766851 1.11165 1.57205 0.98132 0.938316 0.822604 1.14019 0.801516 0.700034 0.680523 1.0719
threshold=0.021355926576117627 0.78759398496240618 0.36754385964912284 0.096588430940799469 0.69782608695652182 0.83045977011494265 0.086723837486380226 1.4908321239722151 0.94558823529411773 0.88117647058823534 0.93218390804597717 0.93090319893857032 0.72111111111111115 0.57360451372011856
decision_type=8 8 8 10 8 2 10 10 2 2 10 8 10 10
left_child=-1 -2 -3 4 5 7 -6 11 9 12 -10 -4 -5 -14
right_child=1 2 3 8 6 -7 -8 -9 10 -11 -12 -13 13 -15
leaf_value=-0.00010909872879211794 0.00016793103497154732 -0.0021249417164226005 -1.6643723010850788e-05 0.00089216687624619183 0.00038324048191841514 -0.0022643394891587215 0.0022316229783392212 -0.0013372330908000898 -0.00079816818643324626 -0.0020971839005259544 0.001573836794042767 0.0014649036768692011 -0.0016145790857253655 -0.00022779070085194583
leaf_weight=27745 18150 204 1386 347 2315 319 291 390 203 381 348 362 629 2477
leaf_count=27745 18150 204 1386 347 2315 319 291 390 203 381 348 362 629 2477
internal_value=-2.33331e-05 6.22567e-05 -0.000136458 -9.35225e-05 0.000158006 -0.000299804 0.000589641 -6.68568e-06 -0.000383942 -0.000539711 0.00069994 0.000290176 -0.000367862 -0.000508631
internal_weight=55547 27802 9652 9448 5063 2457 2606 2138 4385 3834 551 1748 3453 3106
internal_count=55547 27802 9652 9448 5063 2457 2606 2138 4385 3834 551 1748 3453 3106
is_linear=0
shrinkage=0.03


Tree=174
num_leaves=15
num_cat=0
split_feature=1 8 10 3 6 7 1 14 8 2 8 16 10 24
split_gain=0.692665 0.563408 0.500035 0.722793 0.935264 0.828572 0.670108 0.614978 1.5752 0.655923 0.616803 0.613468 0.619857 0.996885
threshold=0.41879646010168542 3.8517536422952845 8.6714285714286614e-06 -0.17829029368337165 0.042138509556043077 0.059241000717590898 -0.070384770677872341 0.033908045977011504 0.57765904613611196 -0.34015353191492254 0.13693656537581775 0.085144927536231887 0.0002924428571428573 0.029064676072286168
decision_type=10 10 2 10 8 10 10 8 8 8 8 10 2 2
left_child=2 -2 7 4 5 -4 -7 8 -1 -9 -11 12 -5 -14
right_child=1 -3 3 11 -6 6 -8 9 -10 10 -12 -13 13 -15
leaf_value=0.00060578690812022223 0.0017062896552755013 -0.00010048865226053748 0.00035561263637327211 0.00021728899635795065 0.00062187013097291758 -0.0024958051278651371 -0.00032066509239070238 0.0012847385419943174 -0.0022738910808301578 -0.0016284008982858939 -9.748539642128075e-05 4.7009749984643057e-05 -0.0015367897957801844 0.00039301752393611672
leaf_weight=305 395 256 684 646 3948 219 305 304 389 241 13779 33085 788 347
leaf_count=305 395 256 684 646 3948 219 305 304 389 241 13779 33085 788 347
internal_value=2.29555e-05 0.00099579 1.14491e-05 6.684e-05 0.00039837 -0.000332074 -0.00122974 -0.000136164 -0.00100833 -9.39078e-05 -0.000123801 1.78131e-05 -0.000524562 -0.000946796
internal_weight=55691 651 55040 40022 5156 1208 524 15018 694 14324 14020 34866 1781 1135
internal_count=55691 651 55040 40022 5156 1208 524 15018 694 14324 14020 34866 1781 1135
is_linear=0
shrinkage=0.03


Tree=175
num_leaves=15
num_cat=0
split_feature=4 23 10 15 4 14 9 2 1 3 1 15 2 24
split_gain=0.574272 0.581984 0.914614 0.953538 0.873597 0.542886 0.971362 0.686029 0.656694 0.628638 0.664743 0.518936 1.4842 0.993622
threshold=-0.01039675287433278 0.17752100840336138 0.00023158499999999997 0.37715517241379315 0.15765310841093452 0.04083333333333334 0.00020769500000000004 -0.34015353191492254 -0.096771975623566583 0.24501956263272853 -0.0020297595837129308 0.19615384615384621 -0.060616641784488327 -0.027942599670798155
decision_type=8 10 2 8 10 8 2 8 10 8 10 10 10 2
left_child=5 2 -2 4 -4 6 8 -7 -1 -9 -11 12 -3 -14
right_child=1 11 3 -5 -6 7 -8 9 -10 10 -12 -13 13 -15
leaf_value=0.0013635735472556777 0.0013892822466658281 0.00042547133726294226 -6.1608426259640104e-05 -0.0012712604562761425 0.0016023646511877381 0.0011931363851270963 -0.0018670151988489498 -8.1106707187008788e-05 -0.0010290207633994967 0.00016663127286027711 -0.0020671455813892447 9.0614524537777929e-05 -0.0028770616040636058 -0.00064739583056760172
leaf_weight=208 765 1318 825 344 433 373 425 23555 205 202 295 25071 205 1468
leaf_count=208 765 1318 825 344 433 373 425 23555 205 202 295 25071 205 1468
internal_value=-3.61824e-06 8.41591e-05 0.000535904 0.000128392 0.000511126 -0.000109345 -0.000860152 -8.35855e-05 0.000175966 -0.000103385 -0.00115925 4.60549e-05 -0.00032745 -0.000920607
internal_weight=55692 30429 2367 1602 1258 25263 838 24425 413 24052 497 28062 2991 1673
internal_count=55692 30429 2367 1602 1258 25263 838 24425 413 24052 497 28062 2991 1673
is_linear=0
shrinkage=0.03


Tree=176
num_leaves=15
num_cat=0
split_feature=3 15 5 8 17 22 22 9 11 17 17 4 15 12
split_gain=0.510459 0.848101 0.817251 0.680345 1.6429 0.692295 0.600025 1.50111 1.15 0.778824 0.944272 0.593142 0.567551 0.537443
threshold=-0.31330235126070477 0.16333333333333336 -0.30117231177942971 0.54462505638875125 0.46862745098039221 0.16333333333333336 0.24068965517241384 -3.5124999999999993e-05 -0.19423957611277812 0.79655172413793118 0.57417582417582425 -0.59509722485195593 0.12771739130434787 0.73205128205128212
decision_type=8 8 10 8 10 2 2 2 8 10 8 8 10 2
left_child=6 2 -2 5 -5 -4 7 8 -1 10 11 -8 13 -7
right_child=1 -3 3 4 -6 12 9 -9 -10 -11 -12 -13 -14 -15
leaf_value=0.0014733184673055254 -0.0010364423947546377 5.1397166152521994e-05 0.0014805527275505233 0.00024174732665250642 -0.0012748006139610007 0.00063217872770820061 0.0021946669978756654 -0.0024295854388370311 -0.0013052779670654083 0.0019633275009314152 -0.0011207155751726404 0.00047762293039843785 -0.0010220013013800464 -0.0010208049671480543
leaf_weight=391 1188 47389 352 1373 1209 961 222 210 204 370 287 982 368 217
leaf_count=391 1188 47389 352 1373 1209 961 222 210 204 370 287 982 368 217
internal_value=3.02698e-05 9.91611e-06 -0.000336899 -0.000151395 -0.000468364 0.000279804 0.000435336 -0.000248972 0.000520657 0.000731342 0.000425618 0.000794221 6.41177e-06 0.000327682
internal_weight=55723 53057 5668 4480 2582 1898 2666 805 595 1861 1491 1204 1546 1178
internal_count=55723 53057 5668 4480 2582 1898 2666 805 595 1861 1491 1204 1546 1178
is_linear=0
shrinkage=0.03


Tree=177
num_leaves=15
num_cat=0
split_feature=14 0 8 10 10 23 22 1 18 7 10 6 22 21
split_gain=0.492789 0.994648 1.13535 0.999106 0.912309 0.570708 0.585392 1.26212 0.641743 0.667453 0.623113 0.546131 0.475451 0.428408
threshold=0.04083333333333334 0.00082959705772678316 0.54462505638875125 -0.00031439857142857131 0.0002885628571428572 0.06458333333333334 0.70185185185185195 0.034571391854685059 0.85960591133004927 0.074041182398677061 -1.0000000180025095e-35 0.069770412102741375 0.39791666666666675 0.59687500000000016
decision_type=10 2 10 2 2 10 2 10 10 8 2 8 2 2
left_child=1 2 12 -4 -5 6 8 11 9 -2 -11 -8 -1 -3
right_child=5 13 3 4 -6 -7 7 -9 -10 10 -12 -13 -14 -15
leaf_value=0.0021032829055303934 0.0012835225560873986 -0.00075021787868633123 -0.0023763707179150126 0.0013832937576150036 -0.00119007725720415 -2.8834172076371681e-05 -7.0484743912196463e-05 -0.0020301659313535511 0.0022331375846188955 -0.0012572811996438898 0.00089640182799935767 0.0016439935610590812 0.00022811232951614233 -0.0023507004126073106
leaf_weight=228 530 319 235 230 269 51317 497 231 254 260 226 252 261 285
leaf_count=228 530 319 235 230 269 51317 497 231 254 260 226 252 261 285
internal_value=-2.48551e-05 -0.000509362 -1.74444e-05 -0.000763515 -3.95434e-06 -8.3301e-06 0.000459318 -9.15437e-05 0.000884392 0.000547205 -0.000255774 0.000506349 0.00110242 -0.00150541
internal_weight=55394 1827 1223 734 499 53567 2250 980 1270 1016 486 749 489 604
internal_count=55394 1827 1223 734 499 53567 2250 980 1270 1016 486 749 489 604
is_linear=0
shrinkage=0.03


Tree=178
num_leaves=15
num_cat=0
split_feature=8 1 4 23 24 0 11 10 22 1 10 17 17 5
split_gain=0.594935 0.668465 0.623546 0.412227 0.790499 1.76477 1.2827 0.774214 0.892327 1.06592 0.810469 1.20526 1.43846 1.09089
threshold=5.5091355376228206 0.41879646010168542 1.0178037307812529 0.84105263157894739 0.0061520634386806354 -0.033187799038376868 -0.036871386885088279 0.00041275571428571407 0.56904761904761914 0.068759280044315432 5.7242142857142929e-05 0.79655172413793118 0.9833333333333335 0.47136761564963942
decision_type=10 8 10 10 2 2 10 2 2 10 2 10 10 10
left_child=1 3 -3 -1 6 -6 -5 10 -9 -10 11 -8 13 -13
right_child=-2 2 -4 4 5 -7 7 8 9 -11 -12 12 -14 -15
leaf_value=5.2197181397916668e-05 -0.0014983400068693347 0.0021979184089930821 0.0001776402591993766 -0.0017237190472991675 -0.0023025999555234297 -0.00026503322888439551 0.0020419803699849252 0.0025511596768106127 0.0012439027533547922 -0.0013527917043319431 -0.00042679328121938742 0.00064679492552418552 0.0019284535379628985 -0.0013243863482518287
leaf_weight=46286 231 244 315 327 430 3468 356 245 455 207 1777 452 293 573
leaf_count=46286 231 244 315 327 430 3468 356 245 455 207 1777 452 293 573
internal_value=2.09715e-05 2.73033e-05 0.00105948 1.67876e-05 -0.000174167 -0.000489803 8.8447e-05 0.000224422 0.00100439 0.000431945 1.94286e-05 0.000493106 7.47457e-05 -0.000455143
internal_weight=55659 55428 559 54869 8583 3898 4685 4358 907 662 3451 1674 1318 1025
internal_count=55659 55428 559 54869 8583 3898 4685 4358 907 662 3451 1674 1318 1025
is_linear=0
shrinkage=0.03


Tree=179
num_leaves=15
num_cat=0
split_feature=4 17 2 16 11 14 2 3 16 19 24 18 18 11
split_gain=0.56265 0.973119 1.48141 0.646484 0.71782 0.591337 0.945824 0.661346 0.44081 1.22299 1.19348 0.721247 0.882541 0.582448
threshold=-0.55335661388730473 0.042572463768115944 -0.10035956705215075 0.03509852216748769 -0.48840938381606241 0.49137931034482768 -0.12192155395228542 -0.038752876765346493 0.9833333333333335 0.9833333333333335 -0.0093055870182382795 0.9833333333333335 0.86811594202898557 1.2891877047245912
decision_type=10 10 10 10 8 10 8 10 10 10 2 8 10 10
left_child=1 -1 -3 5 -5 6 -2 -8 13 11 -11 12 -10 -6
right_child=3 2 -4 4 8 -7 7 -9 9 10 -12 -13 -14 -15
leaf_value=-0.00055892713490902685 -0.0014976719185773634 0.0026189510971791558 -0.00042404717923035721 -0.0017024866757296528 5.5222399803696288e-05 -0.001776761454131897 -0.00032851777104355519 0.0017215875563114976 0.001546702817290362 0.0011413788458696414 -0.0016338594232700645 0.0024149422080311646 -0.00020620605372778826 -0.0011507667758509762
leaf_weight=320 351 385 230 208 50780 307 366 231 516 221 378 268 518 363
leaf_count=320 351 385 230 208 50780 307 366 231 516 221 378 268 518 363
internal_value=5.3095e-05 0.00078279 0.00148092 4.0578e-05 5.64389e-05 -0.00063243 -0.00026185 0.000464739 6.33361e-05 0.000511907 -0.00060994 0.00102802 0.000668553 4.66626e-05
internal_weight=55442 935 615 54507 53252 1255 948 597 53044 1901 599 1302 1034 51143
internal_count=55442 935 615 54507 53252 1255 948 597 53044 1901 599 1302 1034 51143
is_linear=0
shrinkage=0.03


Tree=180
num_leaves=15
num_cat=0
split_feature=4 14 9 10 20 17 10 24 24 21 4 7 5 2
split_gain=0.49764 0.769843 0.889782 1.17986 1.00098 0.873248 1.2653 0.781886 0.739287 0.717796 1.05296 0.848152 0.712908 1.65972
threshold=0.015959715325119531 0.73508771929824568 0.00029383500000000005 -0.00014561999999999987 0.76568627450980398 0.86285266457680254 -5.2689999999999782e-05 0.018214552937488557 0.00040810941520200524 0.97500000000000009 0.87268175898399036 0.063920869023622942 5.492153930446686 0.27439460681209865
decision_type=10 8 2 2 8 8 2 2 2 2 10 10 8 10
left_child=1 -1 3 7 -4 6 -5 -3 -6 12 11 -11 -2 -14
right_child=9 2 4 5 8 -7 -8 -9 -10 10 -12 -13 13 -15
leaf_value=-2.2411346319253869e-05 8.2364258372025881e-05 -0.0016215686019323153 -0.0003374106903691482 0.0019980753236822782 -0.0010805914454305402 0.0018513717138022184 -0.00026343191499664503 0.00015459921520507227 -0.0031160902129460616 0.0015684881132534321 0.0023115117006056738 -0.00096532781912307989 -0.0019502423612470243 0.00093885213787631996
leaf_weight=22530 26414 684 789 250 390 250 2036 331 273 204 317 285 470 289
leaf_count=22530 26414 684 789 250 390 250 2036 331 273 204 317 285 470 289
internal_value=-6.61745e-06 -9.71646e-05 -0.000433801 -0.000177969 -0.00105946 0.000167987 -1.61105e-05 -0.00104235 -0.00191874 8.24864e-05 0.000964767 9.17242e-05 5.63163e-05 -0.000850179
internal_weight=55512 27533 5003 3551 1452 2536 2286 1015 663 27979 806 489 27173 759
internal_count=55512 27533 5003 3551 1452 2536 2286 1015 663 27979 806 489 27173 759
is_linear=0
shrinkage=0.03


Tree=181
num_leaves=15
num_cat=0
split_feature=3 8 11 14 19 18 8 12 5 9 11 22 13 24
split_gain=0.435427 0.47289 0.377397 0.934614 0.933197 1.45308 1.21863 1.2574 0.831861 0.793628 0.676619 1.03264 1.05114 0.697853
threshold=-0.65212583381693812 0.079980053865662967 0.5950374476522079 0.22474747474747478 0.96609195402298864 0.9833333333333335 2.0482341743857915 0.79057017543859665 3.5063029459644932 -0.0032356799999999999 0.42507944925139468 0.52128623188405809 0.86811594202898557 0.032428892343209149
decision_type=8 8 10 10 10 10 10 2 8 2 10 2 10 2
left_child=-1 -2 9 -4 5 6 -5 -8 -6 -3 -11 12 13 -12
right_child=1 2 3 4 8 -7 7 -9 -10 10 11 -13 -14 -15
leaf_value=-0.00133151188706896 0.0013035722945153201 -0.00093380318437279012 -0.0010379344928693377 0.001000499765831709 -0.0011881248840049632 0.0027587383823580256 0.00086108308549099147 -0.0017259221336632523 0.00075272127566439607 5.4198726236966557e-06 0.001372290967408049 -0.0011906318675286621 -0.001400857174522422 -0.00060918714180202864
leaf_weight=224 247 865 424 1378 493 289 310 372 333 48600 501 1081 287 235
leaf_count=224 247 865 424 1378 493 289 310 372 333 48600 501 1081 287 235
internal_value=-1.14971e-05 -6.1613e-06 -1.20253e-05 0.000284991 0.000461659 0.000766648 0.000487175 -0.000550011 -0.000405677 -3.27541e-05 -1.73823e-05 -0.000544088 0.000139113 0.000739618
internal_weight=55639 55415 55168 3599 3175 2349 2060 682 826 51569 50704 2104 1023 736
internal_count=55639 55415 55168 3599 3175 2349 2060 682 826 51569 50704 2104 1023 736
is_linear=0
shrinkage=0.03


Tree=182
num_leaves=15
num_cat=0
split_feature=15 22 11 10 1 8 16 7 24 18 13 24 8 14
split_gain=0.409061 0.961364 0.710749 1.10004 0.663559 0.964756 0.533666 0.831415 0.815657 0.815479 0.870125 1.59232 1.23486 1.04408
threshold=0.9833333333333335 0.29289215686274517 0.062162800145125215 0.00081789928571428564 -0.003467278652715899 1.8487196598555007 0.61721611721611735 0.089918873823276707 -0.085026221903339319 0.6858552631578948 0.73205128205128212 -0.010166160670128125 2.1587989399293201 0.85960591133004927
decision_type=8 2 10 2 8 8 10 10 2 8 10 2 8 10
left_child=6 4 -3 -4 -2 -6 -1 9 -9 -8 11 -11 13 -12
right_child=1 2 3 -5 5 -7 7 8 -10 10 12 -13 -14 -15
leaf_value=-4.2064254790124352e-05 -0.00084099465069205803 0.00052611205884022633 -0.0021650936672598809 0.00036175077977839489 0.0023281468019122255 -8.1197357582871423e-05 0.00011417164694402921 0.0016277783618659362 -0.00018679531722159712 0.0011755365002830474 0.00057915812643532605 -0.0004146431503282722 -9.0901891522740996e-05 0.0020272394739752932
leaf_weight=32983 324 200 570 213 240 397 8936 231 6395 912 795 1497 695 1027
leaf_count=32983 324 200 570 213 240 397 8936 231 6395 912 795 1497 695 1027
internal_value=1.7091e-05 -0.000410386 -0.00107002 -0.00147771 0.000264347 0.000826562 3.26325e-05 0.000152884 -0.000123534 0.000285012 0.000594924 0.000187368 0.000984994 0.00139539
internal_weight=55415 1944 983 783 961 637 53471 20488 6626 13862 4926 2409 2517 1822
internal_count=55415 1944 983 783 961 637 53471 20488 6626 13862 4926 2409 2517 1822
is_linear=0
shrinkage=0.03


Tree=183
num_leaves=15
num_cat=0
split_feature=8 17 16 15 9 7 12 2 7 21 6 15 6 15
split_gain=0.636395 0.712654 0.991615 0.512259 0.464774 0.654855 0.575179 0.869908 0.889532 0.601082 0.582309 0.526709 0.51348 0.696512
threshold=3.1692040066262943 0.53452380952380962 0.86811594202898557 0.9833333333333335 0.0012997250000000001 0.2554968686308271 0.56594202898550738 0.039307470932987816 0.045314236211901178 0.43095238095238103 0.062645519469277669 0.085144927536231887 0.097262845494441488 0.48074074074074075
decision_type=10 10 8 10 2 10 2 10 10 2 10 10 10 10
left_child=4 -2 -3 -4 5 -1 11 10 -9 -10 -8 -6 13 -13
right_child=1 2 3 -5 6 -7 7 8 9 -11 -12 12 -14 -15
leaf_value=1.6433507180430358e-05 0.00085025589826236072 -0.0025548654308260757 0.00059681068994821263 -0.0011698962408608119 -0.0011066447981528799 0.00090035993343841661 -0.0023126257145150491 0.0012478414723065068 0.00076707323113252225 -0.0010214188228328412 -0.00038514521605086539 0.00052080474132030444 0.0012030837518535553 -0.00073160221396326023
leaf_weight=49468 209 285 260 342 321 766 390 282 213 821 221 911 375 712
leaf_count=49468 209 285 260 342 321 766 390 282 213 821 221 911 375 712
internal_value=-9.96169e-06 -0.0007257 -0.00109704 -0.000406867 4.43715e-06 2.99122e-05 -0.000296955 -0.000679994 -0.000245674 -0.000652996 -0.00161545 2.1335e-05 0.000202557 -2.86184e-05
internal_weight=55576 1096 887 602 54480 50234 4246 1927 1316 1034 611 2319 1998 1623
internal_count=55576 1096 887 602 54480 50234 4246 1927 1316 1034 611 2319 1998 1623
is_linear=0
shrinkage=0.03


Tree=184
num_leaves=15
num_cat=0
split_feature=10 5 5 9 11 18 24 5 8 8 8 19 6 17
split_gain=0.33636 0.646353 0.880141 0.928025 0.90343 0.962959 0.931809 0.878924 0.695756 1.07962 0.87156 0.570702 0.54901 0.980985
threshold=-0.00013505785714285721 4.3571175673690883 1.4356069064047103 -0.00061725499999999982 0.57332986430852073 0.9833333333333335 0.0023648627369394016 -0.58141892314319654 0.39536546611988926 0.3009251124686021 0.47134604752930992 0.95916666666666683 0.18779960146704958 0.96490147783251246
decision_type=2 10 10 2 10 8 2 8 8 10 10 8 8 10
left_child=1 2 4 -4 5 7 -7 -1 9 -9 -10 -12 -2 -14
right_child=12 -3 3 -5 -6 6 -8 8 10 -11 11 -13 13 -15
leaf_value=0.0010022215062966743 1.6843370802586469e-05 0.0012217692524584866 -0.0021297727417851605 0.00011985858967340803 0.0013146834328816338 -0.00021897890380896719 -0.0029066656715206461 -0.00017514941004441928 0.0010867111376525751 -0.0020295645041353925 -0.00023842142558088184 0.0012091728780907829 0.0014789159623592358 -0.00073931853630794932
leaf_weight=593 44242 296 415 274 377 241 224 771 535 446 5761 256 579 260
leaf_count=593 44242 296 415 274 377 241 224 771 535 446 5761 256 579 260
internal_value=-3.92372e-06 -0.000159595 -0.000200926 -0.00123514 -0.000123506 -0.000184931 -0.00151369 -0.00011104 -0.000196014 -0.000854746 -7.3658e-05 -0.000176832 3.12605e-05 0.000791501
internal_weight=55270 10189 9893 689 9204 8827 465 8362 7769 1217 6552 6017 45081 839
internal_count=55270 10189 9893 689 9204 8827 465 8362 7769 1217 6552 6017 45081 839
is_linear=0
shrinkage=0.03


Tree=185
num_leaves=15
num_cat=0
split_feature=21 4 22 24 3 15 22 6 3 6 3 0 3 8
split_gain=0.565574 0.739848 0.66106 0.620984 1.112 0.571438 0.662036 0.569111 0.584258 0.560615 0.6829 0.505655 0.523345 0.956053
threshold=0.20942982456140355 -0.55335661388730473 0.86285266457680254 -0.085026221903339319 0.026862574193784686 0.9833333333333335 0.23205128205128209 0.17616446905386554 0.57863697049751706 0.12765971041764942 0.41425644957762447 -0.15813581519414258 0.161700686160452 0.53551249562420766
decision_type=2 8 2 2 10 10 2 10 10 10 10 2 10 10
left_child=11 2 -2 4 -3 7 -7 -5 -9 10 -8 -1 -13 -14
right_child=1 3 -4 5 -6 6 9 8 -10 -11 -12 12 13 -15
leaf_value=-0.0012990763966678712 0.0019299220657879516 -0.0011620058961788532 6.1991024411297511e-05 -1.6843987828813375e-05 0.0010784286564364354 0.00071261918013002554 -0.00053816391393610163 -0.0016602511570090429 0.00016697657922429314 -0.00011246049592744407 -0.0026813220364928295 8.7143763781400026e-05 0.0024913302852410959 0.0004081624411543394
leaf_weight=201 317 1017 369 41204 248 227 247 384 267 319 292 7472 214 2699
leaf_count=201 317 1017 369 41204 248 227 247 384 267 319 292 7472 214 2699
internal_value=-5.98134e-06 -5.24966e-05 0.00092516 -6.76685e-05 -0.000722774 -4.83693e-05 -0.000728095 -3.07489e-05 -0.000910835 -0.00110926 -0.00169921 0.000191271 0.000220117 0.0005612
internal_weight=55477 44891 686 44205 1265 42940 1085 41855 651 858 539 10586 10385 2913
internal_count=55477 44891 686 44205 1265 42940 1085 41855 651 858 539 10586 10385 2913
is_linear=0
shrinkage=0.03


Tree=186
num_leaves=15
num_cat=0
split_feature=9 21 6 0 2 2 4 4 12 11 4 11 10 2
split_gain=0.602438 0.493984 1.0177 0.868566 0.796916 0.764631 1.1796 0.726761 0.711521 0.700703 0.635809 1.48526 0.636522 0.690059
threshold=-0.013465119999999999 0.39791666666666675 0.12176808847630298 -0.05295918909376101 0.0087929378411335541 -0.15325282700069767 -0.46274763331886809 0.54134907070907867 0.9833333333333335 -0.28179613667116937 -0.52517226184007371 -0.53700991567737077 -0.00043054571428571446 -0.050113702680785736
decision_type=2 2 8 2 10 10 8 10 2 8 8 8 2 10
left_child=-1 2 5 4 -4 7 -7 -2 -5 -8 11 -3 13 -12
right_child=1 10 3 8 -6 6 9 -9 -10 -11 12 -13 -14 -15
leaf_value=-0.0011484222589552321 0.00041557147940444648 -0.00050005746566028782 0.00057736161419839308 -5.9304868372999064e-05 0.0030545915890327026 -0.002090094039647519 0.0013424894019918726 0.0022622502759146877 0.0019382653754181796 -6.0926269766692114e-06 -0.0016480568606729205 0.0021889742341539508 -5.8340751401602804e-05 -9.1232989526805069e-05
leaf_weight=412 1849 380 211 739 262 241 355 214 205 14929 479 360 34304 551
leaf_count=412 1849 380 211 739 262 241 355 214 205 14929 479 360 34304 551
internal_value=-5.51583e-06 3.0333e-06 0.000126813 0.000900243 0.00194953 6.45001e-05 -7.60617e-06 0.000607132 0.00037449 2.52308e-05 -6.21778e-05 0.00080812 -8.04044e-05 -0.000815232
internal_weight=55491 55079 19005 1417 473 17588 15525 2063 944 15284 36074 740 35334 1030
internal_count=55491 55079 19005 1417 473 17588 15525 2063 944 15284 36074 740 35334 1030
is_linear=0
shrinkage=0.03


Tree=187
num_leaves=15
num_cat=0
split_feature=8 9 20 21 5 5 17 10 11 19 17 11 16 1
split_gain=0.70621 0.901344 1.11585 0.790203 1.03594 0.933922 0.664502 0.846642 0.969052 1.23905 0.568255 0.504311 0.515371 0.498752
threshold=1.8825773789381515 0.00042436500000000006 0.93218390804597717 0.69098143236074283 2.1232733249360427 -0.020672865888019528 0.9110671936758894 -0.00043054571428571446 0.41401872442857141 0.63245614035087727 0.57417582417582425 0.32599540880241445 0.86515151515151534 -0.28987558832872651
decision_type=10 2 10 2 10 10 8 2 8 10 10 10 10 8
left_child=13 3 10 4 6 -5 7 -2 9 -9 -3 -4 -13 -1
right_child=1 2 11 5 -6 -7 -8 8 -10 -11 -12 12 -14 -15
leaf_value=0.0012073784211511689 -0.0017341544155181296 -0.0014839357531151189 0.0022562894075787783 -0.0033437165358111086 -0.0023180424660750772 -0.00082658076453197575 0.00089953024754324908 -0.00038450335536181226 -0.0016456969140071264 0.0019463270456530153 0.00031683122172303821 -0.00057359534590385665 0.0012271313021040482 4.2565099652878763e-06
leaf_weight=312 376 368 203 200 237 394 385 650 284 300 276 234 368 51034
leaf_count=312 376 368 203 200 237 394 385 650 284 300 276 234 368 51034
internal_value=-1.92777e-05 -0.000389749 0.000218597 -0.000701671 -0.000442879 -0.0016741 -0.000220115 -0.000487857 -0.000108109 0.000351548 -0.000712178 0.000963217 0.000527181 1.15672e-05
internal_weight=55621 4275 1449 2826 2232 594 1995 1610 1234 950 644 805 602 51346
internal_count=55621 4275 1449 2826 2232 594 1995 1610 1234 950 644 805 602 51346
is_linear=0
shrinkage=0.03


Tree=188
num_leaves=15
num_cat=0
split_feature=16 2 13 5 1 1 21 0 7 21 11 20 7 9
split_gain=0.46806 1.04162 1.05506 1.03782 0.832986 0.924341 0.616807 0.483582 1.31078 0.816611 0.778815 1.37335 0.360574 1.18736
threshold=0.9833333333333335 0.02058069229809634 0.16333333333333336 1.4356069064047103 0.10695203887602979 0.019720753392754479 0.267948717948718 0.14435663952729619 0.067355038595742475 0.16333333333333336 0.51366619560478644 0.53137254901960795 0.30483659033585753 0.0004135150000000001
decision_type=10 8 10 8 10 8 2 2 8 2 8 10 10 2
left_child=7 2 -2 -4 5 -3 -6 12 -9 -10 11 -11 -1 -14
right_child=1 4 3 -5 6 -7 -8 8 9 10 -12 -13 13 -15
leaf_value=1.9039737433235569e-06 0.0012152265756163426 0.00081608634787345567 9.5052911623883828e-05 -0.0028165235135509349 0.0011818459081016296 0.0032215657810008794 -0.00073078974906820799 -0.0025466290370844912 0.0014942946195427012 -0.0014740913176491091 -0.0016602537681976984 0.0019339875820131129 0.0025077328966586912 -0.00069414607892519134
leaf_weight=52048 221 350 226 215 303 244 304 247 223 207 332 219 206 211
leaf_count=52048 221 350 226 215 303 244 304 247 223 207 332 219 206 211
internal_value=1.13897e-05 0.000478865 -0.000476594 -0.00132442 0.00100552 0.0018042 0.000223953 -4.83045e-06 -0.000593312 -0.000101499 -0.000570973 0.000277949 8.9436e-06 0.000887597
internal_weight=55556 1863 662 441 1201 594 607 53693 1228 981 758 426 52465 417
internal_count=55556 1863 662 441 1201 594 607 53693 1228 981 758 426 52465 417
is_linear=0
shrinkage=0.03


Tree=189
num_leaves=15
num_cat=0
split_feature=7 23 0 15 7 16 16 23 21 0 0 1 23 9
split_gain=0.388956 0.686018 0.728638 0.747444 1.01492 0.62022 0.727689 0.768019 0.66963 0.741995 0.627062 0.792168 0.606156 0.593458
threshold=0.069005680037244513 0.70185185185185195 0.078320034694087673 0.91833333333333345 0.055759207358354261 0.55363984674329514 0.79655172413793118 0.89564428312159727 0.70185185185185195 1.0000000180025095e-35 0.015957203107893062 0.064270180132214208 0.78019323671497598 0.00020993500000000004
decision_type=8 10 2 10 10 10 10 10 2 2 2 10 10 2
left_child=1 -1 5 4 -4 -3 10 -8 13 -10 11 -7 -12 -9
right_child=-2 2 3 -5 -6 6 7 8 9 -11 12 -13 -14 -15
leaf_value=-7.0244204642669583e-06 -0.00010466466626519068 -0.0010999233110365228 0.00061439495131080583 -0.00021581252903380465 0.0035166166822659982 0.00070820777737652782 -0.00040583645258899929 0.00043344796340609844 -0.0016869513364157495 0.00079660749127124922 0.00073898967138362264 0.0024675010071068038 -0.00080997969022617955 0.0019268967579501172
leaf_weight=28198 20187 303 229 203 206 1678 1913 866 232 203 474 267 437 331
leaf_count=28198 20187 303 229 203 206 1678 1913 866 232 203 474 267 437 331
internal_value=4.97967e-07 6.02312e-05 0.000318536 0.00128732 0.00198878 0.00022634 0.00028912 2.01474e-06 0.00048009 -0.000527957 0.000645489 0.000949715 -4.03954e-06 0.000846423
internal_weight=55727 35540 7342 638 435 6704 6401 3545 1632 435 2856 1945 911 1197
internal_count=55727 35540 7342 638 435 6704 6401 3545 1632 435 2856 1945 911 1197
is_linear=0
shrinkage=0.03


Tree=190
num_leaves=15
num_cat=0
split_feature=22 9 13 10 8 20 11 4 19 0 12 13 7 12
split_gain=0.468114 0.797093 0.752955 1.03995 1.09886 0.77607 0.47886 0.928344 0.45764 0.415023 1.27416 0.690538 1.65121 0.390532
threshold=0.93933823529411775 0.00014531000000000003 0.41522988505747133 0.0006117521428571428 0.64673439821465906 0.10172413793103451 -0.19065504427495103 0.046414547553035319 0.79655172413793118 -0.00078650441442684727 0.49137931034482768 0.90692640692640702 0.05988327719132687 0.83045977011494265
decision_type=2 2 8 2 10 10 8 10 10 2 2 10 10 2
left_child=13 -2 3 6 -5 -4 -3 -8 -6 10 -7 12 -11 -1
right_child=1 2 5 4 8 9 7 -9 -10 11 -12 -13 -14 -15
leaf_value=6.2437161056912692e-05 0.0012869300763944493 0.0019390063563437055 -0.0022734538986432279 0.00045151968250709706 -0.00081921634124591943 -0.0002441153012081636 -0.00088689336673687582 0.0015281730510418178 -0.0028069410986379648 0.00093348311129375354 -0.0031613590515917164 0.0010360155567330747 -0.002209774071160847 -0.0001447040512892117
leaf_weight=41518 255 230 297 363 210 413 287 286 207 280 200 285 325 10205
leaf_count=41518 255 230 297 363 210 413 287 286 207 280 200 285 325 10205
internal_value=-1.56781e-06 -0.000330499 -0.000452416 2.48389e-05 -0.000755347 -0.000872136 0.000782678 0.000318532 -0.00180593 -0.000595228 -0.00119591 -0.000181502 -0.000755043 2.1568e-05
internal_weight=55361 3638 3383 1583 780 1800 803 573 417 1503 613 890 605 51723
internal_count=55361 3638 3383 1583 780 1800 803 573 417 1503 613 890 605 51723
is_linear=0
shrinkage=0.03


Tree=191
num_leaves=15
num_cat=0
split_feature=14 11 18 0 1 1 18 1 2 1 12 1 2 13
split_gain=0.434336 0.979398 0.831573 1.10519 0.757535 1.17102 0.768907 0.935387 0.658842 0.579366 0.843023 0.553284 0.772639 0.485088
threshold=0.9833333333333335 1.7168615113629255 0.9833333333333335 -0.058753827714895006 -0.022578839839565819 0.054663720817735968 0.9833333333333335 0.18378939218115656 0.72385018617470165 0.11900492534270236 0.54356060606060608 0.294704498510935 0.36581925099586771 0.93218390804597717
decision_type=8 8 8 2 10 10 10 10 10 10 2 10 10 10
left_child=2 4 8 -4 -2 -6 7 -7 11 10 -5 13 -13 -1
right_child=1 -3 3 9 5 6 -8 -9 -10 -11 -12 12 -14 -15
leaf_value=2.8315866052348027e-05 -0.0010819363671751147 0.0018551436807299831 0.00055642378302441246 -0.0019862639719682605 0.0023452053307613106 0.00050268874230078838 0.0011588004267983267 -0.0017825887270850463 -0.0015814308749619297 -0.0027327218640870836 0.00028529929843815888 -0.00020219406687908552 0.002006397017077098 -0.00034076299388837279
leaf_weight=48055 362 361 372 316 243 337 348 309 234 220 275 275 296 3434
leaf_count=48055 362 361 372 316 243 337 348 309 234 220 275 275 296 3434
internal_value=5.14354e-06 0.000443765 -1.09325e-05 -0.000797474 0.000125124 0.000478362 2.19806e-05 -0.000590424 6.86071e-06 -0.0014185 -0.000929276 1.39998e-05 0.000942715 3.70057e-06
internal_weight=55437 1960 53477 1183 1599 1237 994 646 52294 811 591 52060 571 51489
internal_count=55437 1960 53477 1183 1599 1237 994 646 52294 811 591 52060 571 51489
is_linear=0
shrinkage=0.03


Tree=192
num_leaves=15
num_cat=0
split_feature=8 4 17 2 4 5 24 4 9 2 13 15 7 24
split_gain=0.39209 0.389653 0.689749 0.86306 0.566536 0.508177 0.449998 0.741596 0.733936 0.562048 0.543495 0.46606 1.40484 0.843656
threshold=5.5091355376228206 -0.52517226184007371 0.06458333333333334 -0.10217301378804998 -0.48164809287442467 -0.7019894298287731 -0.071431492347839645 0.54134907070907867 0.00030905500000000008 0.025484723233114463 0.81980519480519487 0.95916666666666683 0.23003404646775683 0.018542922170248752
decision_type=10 10 10 10 10 8 2 10 2 10 10 10 8 2
left_child=1 2 -1 -4 -3 -6 7 8 9 10 -7 -8 13 -13
right_child=-2 4 3 -5 5 6 11 -9 -10 -11 -12 12 -14 -15
leaf_value=-0.00056546780325912886 -0.0012839129853907019 -0.0010902296420375432 0.0018103592291739525 -0.00019610405655369186 0.0012761173261540586 -0.00031200496021102284 3.3229253763591361e-05 0.0010001027032057054 -0.0018829541328263335 0.0010321452100822874 -0.0017820268160200891 -0.00017865561449213684 0.0013824358312964538 -0.0012398613807484845
leaf_weight=352 215 435 493 317 278 1374 47873 299 336 229 271 1897 380 1046
leaf_count=352 215 435 493 317 278 1374 47873 299 336 229 271 1897 380 1046
internal_value=-5.24837e-06 -3.02115e-07 0.000543285 0.00102511 -1.19095e-05 -3.22026e-06 -9.84265e-06 -0.000402114 -0.000591826 -0.000360332 -0.000554179 9.38169e-06 -0.00033418 -0.000555829
internal_weight=55795 55580 1162 810 54418 53983 53705 2509 2210 1874 1645 51196 3323 2943
internal_count=55795 55580 1162 810 54418 53983 53705 2509 2210 1874 1645 51196 3323 2943
is_linear=0
shrinkage=0.03


Tree=193
num_leaves=15
num_cat=0
split_feature=8 18 7 3 23 24 16 18 23 10 1 11 6 13
split_gain=0.517561 0.663853 1.11759 0.69411 0.623958 1.06136 1.6599 0.80096 0.863994 0.846249 0.959966 0.804114 1.19142 0.719698
threshold=1.164397193468788 0.90238095238095251 0.093709817655727848 0.1397252612145389 0.73508771929824568 -0.059547827700314589 0.94590643274853814 0.86515151515151534 0.89827586206896559 0.00039308642857142868 0.048166622069282579 0.2463397078878983 0.032972949226559724 0.81101190476190488
decision_type=8 10 10 8 10 2 10 10 10 2 10 10 10 10
left_child=-1 2 4 -3 13 -6 7 9 -9 11 -11 12 -7 -2
right_child=1 3 -4 -5 5 6 -8 8 -10 10 -12 -13 -14 -15
leaf_value=5.8619847137583053e-05 -0.00016152051828062725 -0.00055148734456743863 -0.0012665177899798799 0.00047894105798736142 0.0019599881464159889 -0.0010257844127007218 -0.0020251394573272113 -0.0023578725856204983 0.00039726885794828245 0.0030481515405592803 0.00054473803434520963 -0.00081626521799063199 0.0012453966854008617 -0.00086733256583803339
leaf_weight=40811 5999 773 903 2463 277 287 319 200 210 218 375 530 754 1660
leaf_count=40811 5999 773 903 2463 277 287 319 200 210 218 375 530 754 1660
internal_value=3.2772e-06 -0.000147617 -0.000252546 0.000232797 -0.000167994 0.000185972 1.61129e-05 0.000269089 -0.000946703 0.000499437 0.00146505 0.000134951 0.00061924 -0.000314497
internal_weight=55779 14968 11732 3236 10829 3170 2893 2574 410 2164 593 1571 1041 7659
internal_count=55779 14968 11732 3236 10829 3170 2893 2574 410 2164 593 1571 1041 7659
is_linear=0
shrinkage=0.03


Tree=194
num_leaves=15
num_cat=0
split_feature=8 9 19 17 22 7 0 24 2 8 6 3 9 20
split_gain=0.448557 0.316515 0.288858 0.866951 0.604282 0.779717 0.825895 0.580442 0.532167 0.815064 0.578107 0.555072 0.416091 0.403761
threshold=0.079980053865662967 0.0061650700000000008 0.11882352941176472 0.10172413793103451 0.61785714285714299 0.021999079927603454 0.0049036653101459668 0.010830152239834483 -0.10217301378804998 0.79785798912726691 0.039062009932136564 0.024956919691186189 0.00015589000000000003 0.43095238095238103
decision_type=8 2 10 8 2 8 2 2 10 10 10 10 2 10
left_child=-1 2 3 7 5 6 12 -2 -7 11 -11 -10 -5 -6
right_child=1 -3 -4 4 13 8 -8 -9 9 10 -12 -13 -14 -15
leaf_value=0.0012439615693158256 -0.0018030274270370793 0.0010049878324429364 -4.2660422737483526e-06 -0.0014616039974722438 -0.00078433406061895249 -0.00035764355612260222 0.00092349866733867003 0.00012618078234934819 0.0011164198815625127 9.9170027573933155e-05 0.0014811223207392677 0.0026167126468835647 0.00018494571411742939 0.00018060995883576841
leaf_weight=273 301 295 49218 377 552 297 386 263 619 926 386 346 218 1332
leaf_count=273 301 295 49218 377 552 297 386 263 619 926 386 346 218 1332
internal_value=3.08974e-05 2.49322e-05 1.96966e-05 0.000216163 0.000332259 0.000562457 -0.000157223 -0.000903414 0.000836741 0.00099253 0.000505751 0.00165435 -0.00085833 -0.000102112
internal_weight=55789 55516 55221 6003 5439 3555 981 564 2574 2277 1312 965 595 1884
internal_count=55789 55516 55221 6003 5439 3555 981 564 2574 2277 1312 965 595 1884
is_linear=0
shrinkage=0.03


Tree=195
num_leaves=15
num_cat=0
split_feature=2 24 6 3 5 21 15 24 6 2 19 14 13 2
split_gain=0.375632 0.632917 0.505053 0.414897 0.773224 0.337316 0.640539 0.863689 0.800946 0.569331 1.01008 0.93205 0.701156 0.843216
threshold=-0.34015353191492254 0.017115895286639964 0.16732680347289816 -0.43743039546344681 0.026355187515886617 0.20344827586206901 0.9833333333333335 0.0088213755014828633 0.094902312875398645 -0.035343490800842085 0.96609195402298864 0.90692640692640702 0.72570532915360519 -0.10217301378804998
decision_type=10 2 10 8 8 2 10 2 8 10 10 10 8 10
left_child=1 2 -1 4 -2 9 -7 8 -8 12 -11 -12 -5 -14
right_child=3 -3 -4 5 -6 6 7 -9 -10 10 11 -13 13 -15
leaf_value=0.0015136063988906009 -0.0018314002887071931 -0.00082993736361140888 -0.00019117278425255789 4.4839132201775571e-05 0.00056367441042284687 -3.6831458947202657e-05 0.0010615231845468923 -0.0017449351155466196 -0.0009969723580840141 0.00044646825235331202 -0.0023884645930957048 3.9883715693246235e-05 9.9225806484913871e-05 -0.0019477576508807387
leaf_weight=513 306 223 225 3284 201 42803 308 469 380 5523 222 396 342 385
leaf_count=513 306 223 225 3284 201 42803 308 469 380 5523 222 396 342 385
internal_value=-1.73226e-05 0.000570645 0.000993857 -2.76677e-05 -0.000881874 -1.96643e-05 -5.56591e-05 -0.000752182 -7.54366e-05 0.0001362 0.000317766 -0.000832436 -0.000141785 -0.000984803
internal_weight=55580 961 738 54619 507 54112 43960 1157 688 10152 6141 618 4011 727
internal_count=55580 961 738 54619 507 54112 43960 1157 688 10152 6141 618 4011 727
is_linear=0
shrinkage=0.03


Tree=196
num_leaves=15
num_cat=0
split_feature=4 14 4 4 13 24 2 2 19 5 16 17 14 22
split_gain=0.560728 0.864075 0.780607 0.7978 0.762329 0.643727 0.595558 0.579786 0.555551 0.826478 0.574657 0.563111 0.942447 1.08302
threshold=0.021355926576117627 0.86285266457680254 -0.2137549059588931 -0.20586974789915966 0.070197044334975381 -0.019021716329203558 -0.26300394892958889 -0.095058480963395683 0.68090909090909102 -0.39842479150611165 0.34549071618037142 0.7593103448275863 0.62731481481481499 0.40370370370370373
decision_type=8 8 10 10 10 2 10 10 10 8 10 8 10 2
left_child=1 2 -1 -4 -5 -3 -6 -8 -2 -10 -11 -12 -13 -14
right_child=8 5 3 4 6 -7 7 -9 9 10 11 12 13 -15
leaf_value=0.00019140268055252102 0.00023072603952742146 -0.0012472951198577674 -0.0014655548825359952 -0.0011526324256045017 0.0014014919775668993 -0.0002554146973489392 -0.00048864241787043678 -5.7050807206598371e-06 0.0016186967183602972 -0.0013032974589046145 0.00025125914239263071 -0.00057119079205097012 0.00058463061231615919 -0.00039675041081699519
leaf_weight=9542 15841 896 406 615 242 1718 2775 11547 264 335 3858 3316 2096 1957
leaf_count=9542 15841 896 406 615 242 1718 2775 11547 264 335 3858 3316 2096 1957
internal_value=1.90099e-05 -7.62985e-05 -2.22955e-05 -0.000153133 -0.000118029 -0.000595401 -7.43407e-05 -9.9278e-05 0.000114573 -4.10142e-05 -7.89111e-05 -4.23769e-05 -0.000196108 0.000110769
internal_weight=55408 27741 25127 15585 15179 2614 14564 14322 27667 11826 11562 11227 7369 4053
internal_count=55408 27741 25127 15585 15179 2614 14564 14322 27667 11826 11562 11227 7369 4053
is_linear=0
shrinkage=0.03


Tree=197
num_leaves=15
num_cat=0
split_feature=17 24 21 19 0 0 24 10 24 3 5 0 11 20
split_gain=0.392611 0.922202 0.678322 0.753288 0.980669 0.570711 0.690416 0.738277 0.713665 0.799199 0.795059 0.67786 0.704013 0.651585
threshold=0.45993589743589752 -0.061141033857555656 0.99166666666666681 0.86811594202898557 0.015020590258245427 -0.09034253035104077 0.0061520634386806354 0.00016572642857142869 -0.042450735285228407 -0.12359308701256282 -0.5248596713917858 0.001209509396523645 1.0000000180025095e-35 0.067816091954023008
decision_type=8 2 2 8 2 2 2 2 2 10 10 2 10 10
left_child=1 -1 -2 4 -4 -3 7 8 -7 -10 -11 -12 -13 -8
right_child=2 5 3 -5 -6 6 13 -9 9 10 11 12 -14 -15
leaf_value=-0.00058512499351698235 -7.8684939630550878e-05 0.0013098827333428826 0.00037427018198523787 -0.00021058777321501148 0.0030873956379287365 0.0011978187231483901 -0.00066441083652369508 -0.00026117191640103994 -0.00044023589532163197 0.0021862330675391536 0.00053923266658467152 -0.0012133941075143379 0.00088702353262446051 0.00035684461085605312
leaf_weight=1622 30712 379 276 394 212 607 594 5901 1581 208 1983 464 208 10526
leaf_count=1622 30712 379 276 394 212 607 594 5901 1581 208 1983 464 208 10526
internal_value=1.4417e-05 0.00010569 -5.51281e-05 0.000765142 0.00155292 0.000155598 0.000135778 -3.329e-05 0.000232941 0.000101149 0.000400112 0.000260182 -0.000563265 0.000302292
internal_weight=55667 24073 31594 882 488 22451 22072 10952 5051 4444 2863 2655 672 11120
internal_count=55667 24073 31594 882 488 22451 22072 10952 5051 4444 2863 2655 672 11120
is_linear=0
shrinkage=0.03


Tree=198
num_leaves=15
num_cat=0
split_feature=5 20 24 4 2 4 24 1 22 1 19 24 22 4
split_gain=0.470219 1.17101 1.05084 0.822528 0.758491 0.600503 1.14217 0.576519 0.743985 0.862182 1.20654 0.954661 0.841053 1.06418
threshold=3.1682401427925759 0.36754385964912284 0.044670911414282047 1.6071992848305281 0.33031396703076982 1.7249522508722375 -0.00026283469688452105 0.073393861389905016 0.79238505747126442 0.10162348560218427 0.90238095238095251 -0.0052147549446868767 0.92450142450142458 0.07559079452362906
decision_type=10 10 2 8 10 10 2 10 2 10 8 2 2 10
left_child=7 5 3 -3 -5 6 -2 -1 -9 -10 11 -11 13 -13
right_child=1 2 -4 4 -6 -7 -8 8 9 10 -12 12 -14 -15
leaf_value=5.4270211228707445e-05 0.00042191088189561427 -0.00079560639869669092 -0.0021049919344290203 -0.00037919744874375901 0.0018563999731985616 0.0003643430641632853 0.0033437293221739899 -5.4792993965900458e-05 -0.0015499958083388388 -0.0015235199106132817 -0.0022698620841084707 0.0013635986729996609 0.0015042047117817096 -0.0011911587664478257
leaf_weight=44052 220 384 201 222 355 331 266 7189 704 270 234 236 426 388
leaf_count=44052 220 384 201 222 355 331 266 7189 704 270 234 236 426 388
internal_value=2.54626e-05 0.000479572 -0.000132337 0.000280257 0.000996257 0.00134988 0.0020211 8.66447e-06 -0.000203998 -0.000679036 -0.000284471 6.74852e-05 0.000476601 -0.000224936
internal_weight=55478 1979 1162 961 577 817 486 53499 9447 2258 1554 1320 1050 624
internal_count=55478 1979 1162 961 577 817 486 53499 9447 2258 1554 1320 1050 624
is_linear=0
shrinkage=0.03


Tree=199
num_leaves=15
num_cat=0
split_feature=8 21 8 19 0 3 4 8 5 3 3 13 0 0
split_gain=0.455128 0.489091 0.576744 0.985292 0.988334 0.766392 1.04004 0.860304 0.742589 0.609311 1.24531 0.939833 0.591853 0.588466
threshold=5.5091355376228206 0.18090909090909094 1.164397193468788 0.85960591133004927 0.024355868251581651 0.15807426710959996 0.18508520557998689 1.2560246670560098 0.1208577915765179 0.57863697049751706 1.1956447804211576 0.59629629629629644 -0.060118893584765513 -0.019234718762213162
decision_type=10 2 10 10 2 10 10 10 10 10 10 10 2 2
left_child=1 2 3 4 13 7 -7 -4 -9 11 -11 -8 -5 -1
right_child=-2 -3 5 12 -6 6 9 8 -10 10 -12 -13 -14 -15
leaf_value=0.00077742199864853998 -0.0013605648340992114 -2.2762476543236804e-05 -0.0024551101220924763 0.00094526669709852457 0.0013560084139293467 0.002275647273561502 0.00096034025900511137 0.00042466133693108574 -0.001400838074689407 0.0016797699636122182 -0.00090495185162229772 -0.001471497299911838 -0.00059477812748019081 6.6973056387479222e-06
leaf_weight=1585 217 46561 219 277 1142 202 211 479 345 398 290 444 1187 2038
leaf_count=1585 217 46561 219 277 1142 202 211 479 345 398 290 444 1187 2038
internal_value=1.06612e-05 1.60344e-05 0.000220914 0.00037731 0.000586448 -0.000155512 0.00026866 -0.00078384 -0.000339656 -3.32097e-05 0.00059028 -0.000688111 -0.00030339 0.000343876
internal_weight=55595 55378 8817 6229 4765 2588 1545 1043 824 1343 688 655 1464 3623
internal_count=55595 55378 8817 6229 4765 2588 1545 1043 824 1343 688 655 1464 3623
is_linear=0
shrinkage=0.03


Tree=200
num_leaves=15
num_cat=0
split_feature=5 4 1 15 15 20 17 0 8 20 19 18 0 6
split_gain=0.469455 0.506635 0.935125 0.902984 0.874765 0.674162 0.795962 0.487235 0.447824 0.792613 0.70685 0.890019 0.876038 0.799332
threshold=-0.8640040316337978 -0.42141950584750804 0.032653795438092222 0.58722109533468569 0.20344827586206901 0.49137931034482768 0.73205128205128212 -0.18143800022349318 0.5646973664147934 0.23669467787114848 0.26491228070175443 0.73205128205128212 -0.0020036087125497311 0.05450708699872811
decision_type=8 8 10 8 10 10 10 2 8 8 8 10 2 10
left_child=-1 2 3 5 -4 6 -2 -3 -9 10 -10 13 -13 -12
right_child=1 7 4 -5 -6 -7 -8 8 9 -11 11 12 -14 -15
leaf_value=-0.0013897430657155135 0.00013173231209855367 -0.0011726804048734398 -0.0022266504407077487 -0.0011258500829414502 0.00045877346914116439 0.0018080809630615438 0.0022094546482875582 0.00016092530900325516 -0.0013407948888767617 -1.4407588684347908e-05 -0.00038017411692749454 -0.00015273005581604174 -0.0021558833901177753 0.00074305794106793927
leaf_weight=220 871 328 207 209 231 564 205 10654 677 38086 1724 390 396 852
leaf_count=220 871 328 207 209 231 564 205 10654 677 38086 1724 390 396 852
internal_value=-6.6668e-06 -1.17384e-06 0.000436026 0.000731277 -0.000810365 0.000967948 0.000527581 -2.00014e-05 -1.2838e-05 -5.67852e-05 -0.000456387 -0.000278295 -0.00116195 -8.67035e-06
internal_weight=55614 55394 2287 1849 438 1640 1076 53107 52779 42125 4039 3362 786 2576
internal_count=55614 55394 2287 1849 438 1640 1076 53107 52779 42125 4039 3362 786 2576
is_linear=0
shrinkage=0.03


Tree=201
num_leaves=15
num_cat=0
split_feature=11 1 1 3 1 9 19 1 11 9 14 4 14 15
split_gain=0.408374 0.623069 0.588096 0.898944 0.618806 1.4262 0.582201 0.827863 0.918463 0.836967 0.594746 0.500534 0.624501 0.777784
threshold=-0.28179613667116937 -0.28987558832872651 -0.28987558832872651 -0.5318968205494693 -0.12259289142461859 0.00018127000000000006 0.63484848484848488 -0.085937925640007226 -0.53700991567737077 0.00012293500000000004 0.4491379310344828 0.015959715325119531 0.79655172413793118 0.30217391304347835
decision_type=8 8 10 10 10 2 10 10 10 2 10 10 10 10
left_child=2 -2 -1 -4 5 -5 -6 -8 -9 -10 -11 12 13 -3
right_child=1 11 3 4 6 -7 7 8 9 10 -12 -13 -14 -15
leaf_value=0.0017503036731250977 -0.0016783400276301509 -0.00031471645979852872 -0.0015462174202594172 0.00054310222899612898 7.6440495062763374e-05 -0.0018448009534193642 0.0026548477438910769 -0.00093199387971813286 5.1366862577484235e-05 0.002691671111450663 0.00062420763866638464 4.8809102965891889e-05 -0.00049604263254305128 7.5651206644478098e-05
leaf_weight=227 209 7385 254 598 1311 361 218 260 399 317 207 27850 3719 12153
leaf_count=227 209 7385 254 598 1311 361 218 260 399 317 207 27850 3719 12153
internal_value=-2.05166e-05 -4.36709e-05 0.000265655 0.000179791 0.000299215 -0.000355785 0.000530833 0.000956035 0.000642982 0.00108664 0.00187494 -3.6986e-05 -0.000139725 -7.19005e-05
internal_weight=55468 51316 4152 3925 3671 959 2712 1401 1183 923 524 51107 23257 19538
internal_count=55468 51316 4152 3925 3671 959 2712 1401 1183 923 524 51107 23257 19538
is_linear=0
shrinkage=0.03


Tree=202
num_leaves=15
num_cat=0
split_feature=1 10 7 23 23 20 1 5 5 10 8 24 10 19
split_gain=0.456515 0.770764 0.64563 0.669442 1.00137 0.548252 0.741091 0.818055 0.738735 0.549414 0.635509 0.517031 0.514177 0.785846
threshold=-0.018867181970982413 -0.00075299500000000001 0.051720006129841858 0.23669467787114848 0.11324786324786326 0.78019323671497598 -0.027254838214785079 1.3881644463002476 0.85657029867257661 -0.00058511714285714269 1.5080598044090536 -0.085026221903339319 -0.0003342414285714285 0.56904761904761914
decision_type=8 2 8 8 10 10 10 10 8 2 10 2 2 8
left_child=1 2 -1 4 -4 9 7 8 11 -3 12 -7 13 -11
right_child=-2 5 3 -5 -6 6 -8 -9 -10 10 -12 -13 -14 -15
leaf_value=-0.0021305038511481938 6.6191440120289989e-05 0.001085701779075281 -0.00058667682419132712 -0.00082775887794935877 0.0020880410913779431 -0.00095007028627548023 -0.0010672759233887582 -0.0011024878363098975 0.0022670700277214765 0.00017677966004192033 -0.0012757749380173536 0.00056781606203168682 -8.1648737782154504e-05 -0.0018615694355259354
leaf_weight=237 32617 332 332 1335 203 220 329 286 216 316 437 2464 15756 369
leaf_count=237 32617 332 332 1335 203 220 329 286 216 316 437 2464 15756 369
internal_value=-5.82834e-06 -0.000108713 -0.000655383 -0.000468429 0.000428216 -5.31363e-05 0.000288286 0.000428267 0.000579231 -0.000122869 -0.000146642 0.000443399 -0.00011663 -0.000921251
internal_weight=55449 22832 2107 1870 535 20725 3515 3186 2900 17210 16878 2684 16441 685
internal_count=55449 22832 2107 1870 535 20725 3515 3186 2900 17210 16878 2684 16441 685
is_linear=0
shrinkage=0.03


Tree=203
num_leaves=15
num_cat=0
split_feature=7 19 24 22 8 8 14 7 15 1 4 11 4 24
split_gain=0.473076 0.455112 0.5983 0.38694 0.412983 0.367143 0.382312 0.777771 1.02583 1.11186 0.788388 0.643512 0.600035 0.751047
threshold=0.016370923815966443 0.03509852216748769 -0.028241137047375377 0.16954022988505749 0.83810005972032908 5.5091355376228206 0.9833333333333335 0.23003404646775683 0.95916666666666683 0.096829219249698353 0.11133116785704823 1.2891877047245912 2.564627116290314 0.0040049377524442051
decision_type=8 8 2 2 10 10 10 8 10 10 10 10 10 2
left_child=-1 2 -2 -4 -5 6 11 8 10 -10 -8 12 -3 -14
right_child=1 5 3 4 -6 -7 7 -9 9 -11 -12 -13 13 -15
leaf_value=-0.00078808983437359827 -0.00060220949844697795 4.2908462785209837e-06 -0.00016398874371054958 0.0020935583645347688 0.00069814446777423942 -0.0012122890781866361 -0.00026244515897349662 0.0021758643823984757 0.00072735292899960772 -0.0013109657323254007 0.0020358304616479956 -0.0011506276173525751 0.0024714037523022852 -0.00011570861063185421
leaf_weight=648 304 50815 235 304 513 219 209 208 445 525 376 431 200 204
leaf_count=648 304 50815 235 304 513 219 209 208 445 525 376 431 200 204
internal_value=1.77622e-05 2.72587e-05 0.000570045 0.000908795 0.00121737 1.35352e-05 1.85612e-05 0.000452987 0.000222531 -0.000375861 0.00121474 3.73272e-06 1.34465e-05 0.00116504
internal_weight=55636 54988 1356 1052 817 53632 53413 1763 1555 970 585 51650 51219 404
internal_count=55636 54988 1356 1052 817 53632 53413 1763 1555 970 585 51650 51219 404
is_linear=0
shrinkage=0.03


Tree=204
num_leaves=15
num_cat=0
split_feature=22 16 18 22 14 20 13 8 10 21 19 12 11 5
split_gain=0.534561 0.799986 1.07074 0.800693 0.800501 1.72552 0.872385 0.857304 1.39537 0.768302 1.00209 0.675698 0.615747 1.46666
threshold=0.40370370370370373 0.96609195402298864 0.9833333333333335 0.32071428571428579 0.62731481481481499 0.36181818181818187 0.18898809523809526 1.5859085198407861 -0.0017774992857142854 0.15192307692307697 0.63484848484848488 0.90692640692640702 0.42507944925139468 1.0435823739815031
decision_type=2 8 8 2 8 10 10 8 2 2 8 2 8 10
left_child=1 2 -1 4 5 -3 -6 11 -9 10 -2 -8 -11 -14
right_child=9 3 -4 -5 6 -7 7 8 -10 12 -12 -13 13 -15
leaf_value=0.00011386274491703982 -0.00033570386776040349 0.00084946747476432737 -0.001112286872667686 0.0024398833879858322 0.0026457697458990123 -0.0025312239761633337 0.00055166289780714316 0.0012831102558962439 -0.001686189583761944 -3.1036278335843203e-05 0.0025759235564289632 0.0028198987570591271 -0.0012784646540778012 8.0579507274051895e-06
leaf_weight=19295 201 358 663 212 217 219 289 279 291 29553 226 200 1244 2222
leaf_count=19295 201 358 663 212 217 219 289 279 291 29553 226 200 1244 2222
internal_value=1.65205e-05 0.000131291 7.31303e-05 0.000693402 0.000493589 -0.000433672 0.000912891 0.000557806 -0.000232795 -5.90516e-05 0.00120534 0.00147937 -7.54027e-05 -0.000453695
internal_weight=55469 22023 19958 2065 1853 577 1276 1059 570 33446 427 489 33019 3466
internal_count=55469 22023 19958 2065 1853 577 1276 1059 570 33446 427 489 33019 3466
is_linear=0
shrinkage=0.03


Tree=205
num_leaves=15
num_cat=0
split_feature=15 14 24 18 11 3 13 21 6 12 3 4 24 17
split_gain=0.374251 1.08289 0.701516 0.689518 0.802858 0.678906 0.695648 0.600111 0.602471 0.619716 0.595246 0.836782 0.644836 0.55993
threshold=0.66091954022988519 0.73508771929824568 -0.0065605425902580498 0.057189542483660136 -0.015895675563685482 -0.37315579491795653 0.10172413793103451 0.89827586206896559 0.015773139182802334 0.81980519480519487 -0.24028246159536196 -0.27303833974608505 -0.027942599670798155 0.085144927536231887
decision_type=10 10 2 8 8 8 10 2 10 2 8 8 2 10
left_child=1 2 5 4 -2 6 -1 8 -4 -10 -3 -12 -13 -7
right_child=3 10 7 -5 -6 13 -8 -9 9 -11 11 12 -14 -15
leaf_value=0.0019427501953994998 7.4501269608820441e-05 0.00058849417503612726 -0.00051856442833038451 6.378040808832541e-05 0.0022426047384777859 -0.00088000027473284599 3.1543080338552799e-05 -0.00040476712371957169 0.00027421924151577832 -0.00030634076374971218 -0.0020252895295195064 -0.0014521926720857531 -0.00029433770229334786 -0.00017404442187523005
leaf_weight=260 331 360 1103 19802 287 1116 503 1882 14146 1874 377 537 2233 10764
leaf_count=260 331 360 1103 19802 287 1116 503 1882 14146 1874 377 537 2233 10764
internal_value=-7.57052e-06 -6.69037e-05 -1.14775e-05 9.45772e-05 0.00108137 -0.000184649 0.000682806 0.000103724 0.000159613 0.000206306 -0.000567083 -0.000699275 -0.000518803 -0.000240361
internal_weight=55575 35155 31648 20420 618 12643 763 19005 17123 16020 3507 3147 2770 11880
internal_count=55575 35155 31648 20420 618 12643 763 19005 17123 16020 3507 3147 2770 11880
is_linear=0
shrinkage=0.03


Tree=206
num_leaves=15
num_cat=0
split_feature=16 13 11 5 18 24 3 10 16 4 1 24 4 11
split_gain=0.401235 0.897289 1.12663 1.37205 1.26377 0.835757 0.772233 0.879893 0.643726 1.01487 0.622051 0.601421 0.553678 0.45931
threshold=0.9833333333333335 0.12771739130434787 0.82000949228330511 2.5180518452696314 0.93218390804597717 0.0080833133744180972 0.76551418814698269 0.00016830285714285721 0.86515151515151534 1.4968792584783894 0.294704498510935 0.0070257506767601313 0.4853396713441353 0.41401872442857141
decision_type=10 10 8 8 10 2 8 2 10 10 10 2 10 8
left_child=6 -2 4 -4 12 -5 10 11 -9 -10 -1 -8 -3 -12
right_child=1 2 3 5 -6 -7 7 8 9 -11 13 -13 -14 -15
leaf_value=-5.4841066644671753e-06 0.0018143661535932156 0.0013061004296594143 0.002580794505027466 0.0012382598257232686 -0.0023877319592790578 -0.0012111423829117335 -0.0028304075531398309 -0.0011575450263210071 0.0021368272311855646 -0.00042967219101578498 0.0017627957145584961 -0.0007682214935714575 -0.0007056851439318693 0.00011452927922058586
leaf_weight=51511 345 221 285 243 262 259 230 367 208 416 312 285 278 297
leaf_count=51511 345 221 285 243 262 259 230 367 208 416 312 285 278 297
internal_value=1.58598e-06 0.000430838 0.000122493 0.000918345 -0.000700549 -2.54756e-05 -1.35666e-05 -0.000683293 -0.000160548 0.000425828 5.78503e-06 -0.0016892 0.000185306 0.000958961
internal_weight=55519 1893 1548 787 761 502 53626 1506 991 624 52120 515 499 609
internal_count=55519 1893 1548 787 761 502 53626 1506 991 624 52120 515 499 609
is_linear=0
shrinkage=0.03


Tree=207
num_leaves=15
num_cat=0
split_feature=3 5 5 14 11 2 4 24 2 3 2 11 10 3
split_gain=0.677629 0.537077 0.497949 0.48183 0.417729 0.409075 0.568114 1.44679 0.683762 0.533343 0.910829 0.635779 0.571377 0.668546
threshold=1.0758361365422437 -0.8640040316337978 1.4356069064047103 0.9833333333333335 1.2891877047245912 -0.31895755243968577 -0.52517226184007371 0.0068143486431799412 -0.4177994782174787 -0.024953679716532503 0.14532232381502222 -0.10375800897062303 -0.00043054571428571446 -0.16969020794127745
decision_type=10 10 10 10 8 8 10 2 10 8 10 8 2 10
left_child=1 -1 -2 4 -4 6 -3 8 -8 10 12 -12 -7 -14
right_child=2 5 3 -5 -6 9 7 -9 -10 -11 11 -13 13 -15
leaf_value=-0.0010848243113484434 0.00022804211412333141 0.0019378329697140647 -0.00065226607451001424 -0.0002383381652057563 -0.0023652396408269309 -0.00045707931513904506 -0.00042239248835646383 -0.0019273482503471668 0.0017066192736461716 0.00011199764050887264 -7.3823066810811198e-05 -0.0019435460781288536 0.00024683972073093565 -0.00011575247706836054
leaf_weight=387 392 231 222 380 303 2715 205 205 402 28842 280 394 6891 13626
leaf_count=387 392 231 222 380 303 2715 205 205 402 28842 280 394 6891 13626
internal_value=1.25479e-05 2.87708e-05 -0.000665109 -0.00105198 -0.0016409 3.67826e-05 0.000625123 0.00025168 0.000987596 2.51491e-05 -7.96314e-05 -0.00116681 -4.80906e-05 6.03057e-06
internal_weight=55475 54178 1297 905 525 53791 1043 812 607 52748 23906 674 23232 20517
internal_count=55475 54178 1297 905 525 53791 1043 812 607 52748 23906 674 23232 20517
is_linear=0
shrinkage=0.03


Tree=208
num_leaves=15
num_cat=0
split_feature=10 11 12 17 9 20 17 23 17 10 9 2 11 21
split_gain=0.486982 0.895911 1.41895 1.13434 0.745679 0.67505 0.770151 0.739205 0.926294 0.480216 0.466774 0.647653 0.484986 0.814085
threshold=0.0015665907142857144 0.19039321538813828 0.7593103448275863 0.56125000000000014 0.00095437500000000015 0.32071428571428579 0.89379699248120315 0.67261904761904778 0.73205128205128212 0.0018916757142857146 0.0022757350000000005 0.073225222533676596 1.2891877047245912 0.29398148148148157
decision_type=2 10 2 8 2 10 10 10 10 2 2 10 10 2
left_child=10 2 3 9 -3 -6 7 -7 -9 -2 12 -12 -1 -14
right_child=1 4 -4 -5 5 6 -8 8 -10 -11 11 -13 13 -15
leaf_value=3.6990727024931085e-05 -0.0010555240971758314 0.0013678607970333196 -0.0030447932468326408 -0.0021932675990913256 0.00076032456432638547 -0.00090605461693611796 -0.0021389375290202322 0.0021329662281906704 -0.00067837417109470918 0.00051961601426976211 -0.00022461501886090725 0.0021010902229478797 0.00020749356173809281 -0.0020027218018658457
leaf_weight=51152 247 329 237 266 481 575 228 214 208 591 202 231 323 280
leaf_count=51152 247 329 237 266 481 575 228 214 208 591 202 231 323 280
internal_value=1.26373e-05 -0.000336555 -0.000938588 -0.000486441 6.01652e-05 -0.000192022 -0.000565964 -0.000206247 0.000747282 5.53444e-05 3.52263e-05 0.00101612 2.70198e-05 -0.000818809
internal_weight=55564 3376 1341 1104 2035 1706 1225 997 422 838 52188 433 51755 603
internal_count=55564 3376 1341 1104 2035 1706 1225 997 422 838 52188 433 51755 603
is_linear=0
shrinkage=0.03


Tree=209
num_leaves=15
num_cat=0
split_feature=24 20 9 9 14 9 11 11 1 7 13 24 1 14
split_gain=0.416575 0.850977 1.12164 0.870726 0.808827 0.995326 0.532931 0.99768 0.796313 0.548943 0.52165 0.754888 0.674415 0.678288
threshold=-0.046731916713217754 0.78019323671497598 0.00047605000000000005 0.00031867500000000009 0.93218390804597717 0.00029383500000000005 -0.53700991567737077 -0.35153410497030546 -0.084226454602665465 0.13868708635114471 0.28285714285714292 -0.054905420437195741 0.008358456312857589 0.20761494252873566
decision_type=2 8 2 2 10 2 8 8 10 10 10 2 10 10
left_child=1 2 10 4 5 -3 8 9 -2 -8 11 -1 13 -12
right_child=6 3 -4 -5 -6 -7 7 -9 -10 -11 12 -13 -14 -15
leaf_value=0.00076234127897073978 0.00044376845583617115 0.0011567006690359049 -0.0014061288516462693 0.0017354761210241379 -0.0011434003124572336 -0.0011355443609818974 0.00059866733554686893 2.8937094392091295e-05 -0.0019012871034804039 0.002260663883814718 0.00077518990837033611 -0.001193150981348156 0.00088986356443929702 -0.00075465576860066219
leaf_weight=859 227 621 847 339 375 235 1064 47385 306 215 295 224 317 2252
leaf_count=859 227 621 847 339 375 235 1064 47385 306 215 295 224 317 2252
internal_value=1.13756e-05 -0.00021702 -0.000415545 0.000389178 1.84265e-05 0.000527404 4.09202e-05 5.12537e-05 -0.000902549 0.000878049 -0.000202972 0.000357881 -0.000415055 -0.000577465
internal_weight=55561 6364 4794 1570 1231 856 49197 48664 533 1279 3947 1083 2864 2547
internal_count=55561 6364 4794 1570 1231 856 49197 48664 533 1279 3947 1083 2864 2547
is_linear=0
shrinkage=0.03


Tree=210
num_leaves=15
num_cat=0
split_feature=3 12 9 5 8 13 11 8 19 16 4 4 23 15
split_gain=0.403884 0.928739 0.81114 0.745624 0.782067 1.02814 0.726107 0.651507 1.28762 0.663801 0.636445 0.828723 0.597723 0.587919
threshold=-0.18131581095138491 0.04083333333333334 -0.0076793849999999995 -0.31564254412404669 0.41758957351517312 0.66091954022988519 0.48026919886618097 0.69815214520196855 0.83666666666666678 0.69782608695652182 0.44959921592176616 0.10008443480181851 0.64142857142857157 0.10435571687840291
decision_type=8 2 2 10 8 8 8 10 10 10 8 10 10 10
left_child=3 6 -3 12 10 -6 7 -2 9 -9 11 -5 -1 -4
right_child=1 2 13 4 5 -7 -8 8 -10 -11 -12 -13 -14 -15
leaf_value=-8.7548848279670122e-05 4.8513214076253565e-05 0.0013110894837207922 -0.00051636626100832908 -6.9629960435538141e-05 0.00089500000706565011 -0.00020842064271894476 0.00016231116127732287 -0.0018810421479629441 -0.0035233591804280876 0.00044966952395545122 0.0010214184196985455 -0.0019114739515667192 -0.0017619166632614318 -2.5748635748457836e-05
leaf_weight=3231 236 397 2317 919 2868 1034 446 240 245 203 306 289 204 42885
leaf_count=3231 236 397 2317 919 2868 1034 446 240 245 203 306 289 204 42885
internal_value=-2.71318e-05 -6.21622e-05 -3.90392e-05 0.000158762 0.000378047 0.000602602 -0.000831789 -0.00131162 -0.00177818 -0.000813019 -0.000200695 -0.00051027 -0.000186987 -5.08971e-05
internal_weight=55820 46969 45599 8851 5416 3902 1370 924 688 443 1514 1208 3435 45202
internal_count=55820 46969 45599 8851 5416 3902 1370 924 688 443 1514 1208 3435 45202
is_linear=0
shrinkage=0.03


Tree=211
num_leaves=15
num_cat=0
split_feature=3 0 5 5 1 16 1 9 9 1 11 5 9 17
split_gain=0.316089 0.70585 0.592548 0.674477 0.481003 0.993988 0.731076 0.620457 0.655767 0.497832 0.805134 0.608393 0.653933 0.49598
threshold=-0.18131581095138491 -0.15813581519414258 1.7567910261878301 1.3413917586412525 -0.021038823543670811 0.06458333333333334 -0.05369743218114436 0.00010281500000000001 0.0002914350000000001 0.082249955493058149 -0.23588528558553432 0.1257865860415697 0.00016100000000000004 0.16333333333333336
decision_type=10 2 10 8 10 8 8 2 2 10 10 10 2 10
left_child=2 -2 3 4 6 -6 13 -8 -9 11 -11 -7 -13 -1
right_child=1 -3 -4 -5 5 9 7 8 -10 10 -12 12 -14 -15
leaf_value=-0.00038791017436031123 -0.001471484220651052 -2.1163420111840251e-05 0.0012316611509121367 -0.0015828839183803581 -0.0012659081405396418 0.00056668572047987437 -0.0013931598723517617 0.0011285488663625707 -0.00090274624022759634 0.000945939089418611 -0.0013619221661787281 0.00059291409567537674 0.0027805110359083065 0.00035821930339797364
leaf_weight=1080 304 46228 445 207 271 1570 568 258 321 283 262 228 267 3113
leaf_count=1080 304 46228 445 207 271 1570 568 258 321 283 262 228 267 3113
internal_value=6.51835e-07 -3.06386e-05 0.000164746 0.000108412 0.000150998 0.000463413 -1.75538e-05 -0.000688693 2.39044e-06 0.000642971 -0.000163528 0.000855824 0.00177289 0.000166037
internal_weight=55405 46532 8873 8428 8221 2881 5340 1147 579 2610 545 2065 495 4193
internal_count=55405 46532 8873 8428 8221 2881 5340 1147 579 2610 545 2065 495 4193
is_linear=0
shrinkage=0.03


Tree=212
num_leaves=15
num_cat=0
split_feature=3 4 18 21 19 9 17 11 21 17 8 4 17 14
split_gain=0.561387 0.669909 0.909774 0.944535 0.566201 0.599489 0.588015 0.518157 0.517728 1.09801 0.919008 0.544278 0.515658 1.00063
threshold=-0.65212583381693812 -0.55335661388730473 0.86515151515151534 0.45993589743589752 0.067816091954023008 -9.0369999999999977e-05 0.085144927536231887 -0.48840938381606241 0.99166666666666681 0.49137931034482768 0.77598187233817584 0.87268175898399036 0.79655172413793118 0.74537037037037046
decision_type=8 10 10 2 8 2 8 8 2 10 8 10 10 10
left_child=-1 2 3 -2 5 -3 -7 -6 12 -10 -11 -12 13 -9
right_child=1 4 -4 -5 7 6 -8 8 9 10 11 -13 -14 -15
leaf_value=-0.0015375812673804425 -0.0014587131223465001 -0.00076764237137196803 0.0022569476411570246 0.0011550773928112707 -0.0014950379836183518 -0.0010636597775321986 0.00060484192891065603 0.00010112578652883451 -0.00081364117858469275 0.0025516515663734649 -0.00049751730126783593 0.0015847202883894317 -0.00020719826213992889 -0.00027271310264822445
leaf_weight=211 204 376 279 319 215 203 2991 29809 331 299 258 201 11732 8221
leaf_count=211 204 376 279 319 215 203 2991 29809 331 299 258 201 11732 8221
internal_value=6.91253e-06 1.2791e-05 0.000873542 0.000135549 1.56026e-07 0.000365413 0.000498798 -2.53789e-05 -1.91652e-05 0.000627914 0.00125741 0.000414312 -3.33259e-05 2.03125e-05
internal_weight=55649 55438 802 523 54636 3570 3194 51066 50851 1089 758 459 49762 38030
internal_count=55649 55438 802 523 54636 3570 3194 51066 50851 1089 758 459 49762 38030
is_linear=0
shrinkage=0.03


Tree=213
num_leaves=15
num_cat=0
split_feature=5 8 8 24 20 18 6 6 19 23 10 3 22 20
split_gain=0.656091 0.440215 0.641247 0.79652 0.84731 1.28258 0.75427 0.672343 0.613924 0.969357 0.591882 0.916458 0.679722 0.731205
threshold=-0.8640040316337978 0.50217322889242755 0.41054727451376977 0.017708472986501224 0.085144927536231887 0.69782608695652182 0.09127386464959196 0.055165870963770708 0.50862068965517249 0.88348416289592768 -0.0080948214285714269 0.23231686553393463 0.04083333333333334 0.23669467787114848
decision_type=8 8 10 2 10 10 10 10 10 10 2 10 2 8
left_child=-1 2 3 4 6 -6 7 -2 -4 -10 11 -3 -12 -14
right_child=1 10 8 -5 5 -7 -8 -9 9 -11 12 -13 13 -15
leaf_value=-0.0016580121040515468 0.000836773556203603 -0.002512403378431918 2.0123432076909044e-06 -0.00061708608113979322 0.00032266598357747069 -0.0013365216418633279 0.0023834109907586347 -0.00053673003890960245 0.0010486558619369705 -0.0009717495992879791 0.00070243481047227517 -0.00012231706337721338 -0.00039558913550323419 -2.4326998103382913e-05
leaf_weight=223 1123 225 1416 1531 1216 640 204 449 1829 242 1052 403 5427 39705
leaf_count=223 1123 225 1416 1531 1216 640 204 449 1829 242 1052 403 5427 39705
internal_value=-3.40361e-05 -2.75064e-05 0.000169113 -4.31629e-05 0.000198763 -0.000249468 0.000667185 0.000444469 0.000483418 0.000812568 -6.38381e-05 -0.000978638 -5.13988e-05 -6.89703e-05
internal_weight=55685 55462 8650 5163 3632 1856 1776 1572 3487 2071 46812 628 46184 45132
internal_count=55685 55462 8650 5163 3632 1856 1776 1572 3487 2071 46812 628 46184 45132
is_linear=0
shrinkage=0.03


Tree=214
num_leaves=15
num_cat=0
split_feature=1 21 24 0 4 19 8 17 24 5 15 24 8 19
split_gain=0.673048 0.789556 0.662671 0.995922 0.655733 0.591936 0.523942 0.481179 1.0447 0.714337 0.696265 0.63912 1.22983 0.717239
threshold=0.294704498510935 0.91485507246376818 0.050599025954896133 1.0000000180025095e-35 1.1017876001929965 0.10172413793103451 0.81834062591847156 0.9833333333333335 -0.010166160670128125 6.3666335009076951 0.9833333333333335 0.0088213755014828633 1.7008583730021034 0.80384615384615399
decision_type=8 2 2 2 10 8 10 10 2 8 8 2 8 8
left_child=5 2 3 -2 -5 6 -1 9 -9 10 -7 13 -13 -12
right_child=1 -3 -4 4 -6 7 -8 8 -10 -11 11 12 -14 -15
leaf_value=0.0006495292484441455 0.0016860158728614319 0.0023872695575509941 0.0015546338269394812 0.0002874610682000529 -0.0016391145320661929 -4.7664294728365069e-05 3.9333943976533013e-05 0.0014048592514072865 -0.0001528794959672649 -0.001519964263619234 0.0011712975411776552 -0.0031501026510136303 3.3899528016127758e-05 -0.00090573811017819416
leaf_weight=2063 215 201 303 318 318 45756 3280 631 1004 306 222 239 201 459
leaf_count=2063 215 201 303 318 318 45756 3280 631 1004 306 222 239 201 459
internal_value=-8.3268e-06 0.000652076 0.000349845 -7.91215e-05 -0.000675827 -2.48488e-05 0.000274938 -5.76596e-05 0.000448303 -7.51924e-05 -6.57613e-05 -0.00080443 -0.00169559 -0.000228643
internal_weight=55516 1355 1154 851 636 54161 5343 48818 1635 47183 46877 1121 440 681
internal_count=55516 1355 1154 851 636 54161 5343 48818 1635 47183 46877 1121 440 681
is_linear=0
shrinkage=0.03


Tree=215
num_leaves=15
num_cat=0
split_feature=17 0 2 12 8 12 19 0 0 3 19 11 15 8
split_gain=0.464431 1.04467 1.08872 1.02238 1.17883 1.19644 0.843539 0.730076 1.18097 0.753322 0.677271 0.626186 0.551523 0.530907
threshold=0.93541666666666679 -0.067179079031373976 0.014483269976948156 0.86811594202898557 0.50721627636980771 0.24068965517241384 0.96490147783251246 0.013229405439441956 0.045294504420676847 0.76551418814698269 0.91833333333333345 0.10136122183831021 0.79057017543859665 4.3680524606586149
decision_type=10 2 8 2 10 2 8 2 2 10 8 10 10 10
left_child=13 6 3 4 11 -6 -2 9 -9 12 -10 -3 -4 -1
right_child=1 2 7 -5 5 -7 -8 8 10 -11 -12 -13 -14 -15
leaf_value=2.0017863172496663e-05 0.0024295262004477725 -7.5061826142840666e-05 -0.0008246362566732481 -0.0021866501918838092 -0.0026631865825038404 0.00013672293338629681 0.0001531561582927562 0.0026129936902984001 0.0012789243075716603 -0.0016461965037544942 -0.00043787999705070877 0.0022337702397300404 0.0011211643125417219 -0.0012153675851157113
leaf_weight=51375 358 208 201 269 230 341 248 321 439 212 391 215 377 315
leaf_count=51375 358 208 201 269 230 341 248 321 439 212 391 215 377 315
internal_value=3.60504e-05 0.000355701 0.00013966 -0.0005459 -0.000101874 -0.000991087 0.00149794 0.00058575 0.00106777 -0.00011654 0.000470165 0.00109846 0.00044451 1.24894e-05
internal_weight=55500 3810 3204 1263 994 571 606 1941 1151 790 830 423 578 51690
internal_count=55500 3810 3204 1263 994 571 606 1941 1151 790 830 423 578 51690
is_linear=0
shrinkage=0.03


Tree=216
num_leaves=15
num_cat=0
split_feature=6 23 3 20 20 7 12 24 8 0 4 6 14 7
split_gain=0.682632 0.860729 0.753178 1.24968 0.744631 0.808547 0.968554 0.733822 0.69675 0.656085 0.545309 0.528199 1.34709 0.508442
threshold=0.12476546692850922 0.9833333333333335 0.76551418814698269 0.70185185185185195 0.12771739130434787 0.11139444956553944 0.12771739130434787 -0.020377018181711861 1.5456515776041106 0.069410650788723008 1.1507173867280711 0.11684705541774495 0.79655172413793118 0.19604907941981797
decision_type=10 10 8 8 10 10 2 2 10 2 8 10 10 10
left_child=2 4 11 -4 -2 6 -6 -7 -8 -3 -5 -1 -13 -9
right_child=1 9 3 10 5 7 8 13 -10 -11 -12 12 -14 -15
leaf_value=-1.8545283487029451e-05 0.0016090938051091005 0.00056937233410070149 0.00049867349271976336 -0.00072645128002907266 0.0023295746727560003 -0.0014224104614662995 -0.00074929048061361879 -0.00042388347029553608 0.0010349837094090475 0.0023349559562909719 -0.002592031716933541 0.00031200665251776219 -0.0025925479308888315 0.0010171094784021668
leaf_weight=50409 279 492 358 254 234 483 399 781 389 308 317 338 250 307
leaf_count=50409 279 492 358 254 234 483 399 781 389 308 317 338 250 307
internal_value=-1.64399e-05 0.00037886 -4.43939e-05 -0.000890923 0.000136447 -2.20063e-05 0.000634797 -0.000449284 0.000131525 0.00124912 -0.00176216 -2.89728e-05 -0.000922923 -1.72798e-05
internal_weight=55598 3672 51926 929 2872 2593 1022 1571 788 800 571 50997 588 1088
internal_count=55598 3672 51926 929 2872 2593 1022 1571 788 800 571 50997 588 1088
is_linear=0
shrinkage=0.03


Tree=217
num_leaves=15
num_cat=0
split_feature=7 21 11 0 2 18 24 10 9 11 4 7 10 10
split_gain=0.369136 0.494181 0.371157 0.919655 0.715686 0.884293 0.759772 0.697513 1.96488 0.647478 0.985751 1.06885 0.608565 0.560824
threshold=0.30483659033585753 0.84807692307692317 0.41401872442857141 -0.064149318928328466 0.47511678433321186 0.9833333333333335 0.017708472986501224 9.7726428571428541e-05 0.0004135150000000001 0.55282071810220457 1.1017876001929965 0.084710877183666017 -0.00049092928571428565 0.00046942000000000007
decision_type=10 2 10 2 10 10 2 2 2 10 10 10 2 2
left_child=2 -2 4 7 5 -1 12 -4 -9 -5 11 -11 -7 -13
right_child=1 -3 3 9 -6 6 -8 8 -10 10 -12 13 -14 -15
leaf_value=3.0997933725042212e-05 0.0016293510356861164 -5.4438033777874259e-05 0.0020598230890406309 -0.00086190897705830014 0.0017487514461065794 -0.001643933960957225 -0.0023883263799774493 -0.002169953381470315 0.0015338808874727384 0.0016699661719729434 -0.0004819062362779867 -0.001283322140128571 0.0003274384648601972 0.00068525705733585328
leaf_weight=48144 292 339 242 1685 215 221 237 208 339 479 2290 259 389 262
leaf_count=48144 292 339 242 1685 215 221 237 208 339 479 2290 259 389 262
internal_value=3.27322e-06 0.000724748 -5.00858e-06 -0.000232772 2.16717e-05 1.40923e-05 -0.000946835 0.000718774 0.000125476 -0.000383681 -0.000138752 0.000647071 -0.00038678 -0.000293365
internal_weight=55601 631 54970 5764 49206 48991 847 789 547 4975 3290 1000 610 521
internal_count=55601 631 54970 5764 49206 48991 847 789 547 4975 3290 1000 610 521
is_linear=0
shrinkage=0.03


Tree=218
num_leaves=15
num_cat=0
split_feature=10 4 21 24 4 4 12 23 3 16 24 9 2 24
split_gain=0.377423 0.76838 0.752487 0.957432 1.16758 1.03301 0.8547 0.662671 0.657181 0.642461 0.835482 0.943992 0.854915 1.08147
threshold=1.0000000180025095e-35 -0.2137549059588931 0.24068965517241384 -0.021291632467459617 -0.065377778973584974 2.0582441697857234 0.9110671936758894 0.79238505747126442 -0.089828408435472448 0.36181818181818187 -0.014011286391062311 0.00028210000000000008 -0.16530573213174996 -0.058572703859612919
decision_type=2 10 2 2 10 10 2 10 10 10 2 2 10 2
left_child=1 -1 3 4 -3 -5 -6 -4 -9 10 11 -2 -13 -14
right_child=9 2 7 5 6 -7 -8 8 -10 -11 -12 12 13 -15
leaf_value=0.00022344152382962093 7.82982604485593e-05 -0.00079992343162976927 -0.00029856512954843083 -0.00035900633575317958 0.00074016609163963306 0.0015647663279133063 0.0029043321002774482 -0.0023530827510823355 -0.00075624645893026816 0.00014085364883267807 4.900167446078853e-05 0.00028778445891580723 -0.0024184778656975441 -0.00073570214391180768
leaf_weight=4168 1802 367 3181 4248 826 267 205 288 1192 26981 9448 511 432 1682
leaf_count=4168 1802 367 3181 4248 826 267 205 288 1192 26981 9448 511 432 1682
internal_value=8.5906e-06 -0.000121533 -0.000257513 -3.28214e-05 0.000653214 -0.000245242 0.00117048 -0.000542559 -0.00106698 5.55428e-05 -0.000110351 -0.000450436 -0.0008134 -0.00107958
internal_weight=55598 14742 10574 5913 1398 4515 1031 4661 1480 40856 13875 4427 2625 2114
internal_count=55598 14742 10574 5913 1398 4515 1031 4661 1480 40856 13875 4427 2625 2114
is_linear=0
shrinkage=0.03


Tree=219
num_leaves=15
num_cat=0
split_feature=16 2 2 18 8 2 8 12 2 8 4 11 24 18
split_gain=0.398416 0.75982 0.715126 0.580465 0.463306 0.763183 0.656725 0.640633 0.543521 0.520305 0.418691 0.771223 0.64737 0.56682
threshold=0.9833333333333335 0.72385018617470165 0.57093402529140325 0.9833333333333335 0.74617302581425071 0.36581925099586771 0.54462505638875125 0.96490147783251246 0.17777055573208769 1.0600157642572265 -0.55335661388730473 -0.48840938381606241 0.022339404830014276 0.9833333333333335
decision_type=10 10 10 10 8 8 10 2 10 10 8 8 2 10
left_child=1 2 10 -3 6 8 -2 -7 9 -6 12 -12 -1 -13
right_child=4 3 -4 -5 5 7 -8 -9 -10 -11 11 13 -14 -15
leaf_value=0.0011227417392444378 0.0003853254516597807 -0.0020308994983116654 0.0013173536397258743 -2.4791223007132824e-05 -0.0010913581547187003 6.6048346967859692e-05 0.0025115693262569715 0.0020886600427556692 -0.0017289417074413183 0.00083468220115407994 -0.0016957062413776292 -1.1587025808265516e-05 -0.00069488986251756461 -0.00073819845997099643
leaf_weight=643 374 298 361 230 219 330 201 246 232 298 250 50721 243 985
leaf_count=643 374 298 361 230 219 330 201 246 232 298 250 50721 243 985
internal_value=-9.48898e-06 -2.45861e-05 -1.33475e-05 -0.00115703 0.000417451 0.000108845 0.00112859 0.000929872 -0.000522546 1.8816e-05 -2.24385e-05 -3.3466e-05 0.000624227 -2.5429e-05
internal_weight=55631 53731 53203 528 1900 1325 575 576 749 517 52842 51956 886 51706
internal_count=55631 53731 53203 528 1900 1325 575 576 749 517 52842 51956 886 51706
is_linear=0
shrinkage=0.03


Tree=220
num_leaves=15
num_cat=0
split_feature=1 20 2 2 13 4 3 1 5 5 22 10 13 21
split_gain=0.440501 1.1922 0.9793 1.38583 0.844653 0.578877 0.926648 0.876904 0.772269 0.647406 0.681672 0.959712 0.811667 0.646483
threshold=0.13043619318787117 0.58114035087719318 0.57093402529140325 0.41516562194170364 0.96609195402298864 0.078934776964351375 0.34847390188020294 -0.16608632750693894 0.66587326413017267 0.56472863336983259 0.70185185185185195 3.5887857142857068e-05 0.43095238095238103 0.06458333333333334
decision_type=10 10 10 10 10 8 8 10 10 10 2 2 10 2
left_child=2 4 3 5 -2 6 9 8 -7 -1 11 12 -11 -9
right_child=1 -3 -4 -5 -6 7 -8 13 -10 10 -12 -13 -14 -15
leaf_value=1.2394188553580553e-06 -0.00066160636621125557 -3.1331983433455153e-06 0.0014855894652351629 -0.0017777565800911419 -0.002556783228803928 0.00012068307481009629 -0.0019916098816531963 0.0010554519212760212 0.0020295455646336482 -0.0001215939018850325 -0.0012881608910512289 0.00038457838005303695 -0.0025146650146653359 8.3332808935895409e-05
leaf_weight=28195 1021 3941 411 385 267 353 220 638 415 279 722 981 235 17605
leaf_count=28195 1021 3941 411 385 267 353 220 638 415 279 722 981 235 17605
internal_value=1.54996e-09 -0.000262098 2.71733e-05 1.51919e-05 -0.00105447 2.90968e-05 -5.16081e-05 0.000159135 0.00115216 -3.75742e-05 -0.000531192 -0.000165618 -0.0012157 0.00011733
internal_weight=55668 5229 50439 50028 1288 49643 30632 19011 768 30412 2217 1495 514 18243
internal_count=55668 5229 50439 50028 1288 49643 30632 19011 768 30412 2217 1495 514 18243
is_linear=0
shrinkage=0.03


Tree=221
num_leaves=15
num_cat=0
split_feature=12 5 1 5 17 13 3 4 5 7 17 13 9 6
split_gain=0.468139 0.718128 0.65206 0.841971 0.571093 0.575088 0.725001 1.34331 0.707736 0.674949 0.648485 0.613715 1.00956 0.687638
threshold=0.70185185185185195 -0.55197022005888152 -0.12551237889211828 -0.10539622664125074 0.06458333333333334 0.45993589743589752 1.3712782709991047 2.564627116290314 3.1682401427925759 0.14506410924645549 0.93541666666666679 0.89087301587301593 -8.1319999999999987e-05 0.080087594943700074
decision_type=2 8 8 8 10 8 10 8 10 10 10 10 2 10
left_child=-1 -2 3 -3 -4 9 7 8 10 -6 11 -7 13 -13
right_child=1 2 4 -5 5 6 -8 -9 -10 -11 -12 12 -14 -15
leaf_value=4.4160001304695885e-05 0.00086574491802167159 0.00024081321002018672 -0.0014352298779142236 -0.0020226142477495451 -0.00071293171775022686 8.7241045640731686e-05 -0.001330602638401443 0.0023053873641491604 -0.0014546096224624377 0.0010697904493925828 0.00086492054549258343 -0.0019964158532248272 -0.00012398021252674535 -9.8800803521254026e-05
leaf_weight=38798 609 243 303 378 2128 7705 381 223 312 210 721 507 2785 260
leaf_count=38798 609 243 303 378 2128 7705 381 223 312 210 721 507 2785 260
internal_value=-1.30818e-05 -0.000145552 -0.000183673 -0.00113693 -0.000145567 -0.000119913 -4.14187e-05 -2.16517e-06 -4.40353e-05 -0.000552807 -7.29303e-06 -6.31575e-05 -0.000389402 -0.00135316
internal_weight=55563 16765 16156 621 15535 15232 12894 12513 12290 2338 11978 11257 3552 767
internal_count=55563 16765 16156 621 15535 15232 12894 12513 12290 2338 11978 11257 3552 767
is_linear=0
shrinkage=0.03


Tree=222
num_leaves=15
num_cat=0
split_feature=2 11 3 19 6 1 18 3 11 6 9 10 1 21
split_gain=0.459374 1.13461 1.00127 0.65543 0.927821 1.04589 0.751647 0.604765 1.22474 0.591715 0.871507 0.891666 1.01271 0.564146
threshold=0.2985782324155834 1.1750872522637552 1.1956447804211576 0.73508771929824568 0.10323042666660183 0.13856313353363617 0.93218390804597717 0.67875853229923666 0.61847650376487673 0.30320176025903683 -0.0026697649999999997 -5.2689999999999782e-05 0.14277129157366944 0.63188405797101466
decision_type=10 10 8 8 10 10 10 10 10 10 2 2 10 2
left_child=1 2 7 13 5 -5 -6 -1 -9 10 -8 -12 -13 -2
right_child=3 -3 -4 4 6 -7 9 8 -10 -11 11 12 -14 -15
leaf_value=3.3490795808654812e-06 0.00031277536876502356 -0.0020334390732985467 0.0020678891166046793 0.00010010380544630227 -0.0011833505809681095 0.0028838416067003621 0.0026781381396576761 -0.0024747475095905531 0.00024294150805593854 -0.00067936457822832059 -0.00098688808174549839 0.0022964972328896132 5.4298855046310076e-05 -0.00097617522634492048
leaf_weight=51088 774 248 210 201 254 307 200 266 340 272 264 325 410 505
leaf_count=51088 774 248 210 201 254 307 200 266 340 272 264 325 410 505
internal_value=1.32638e-05 -9.10073e-06 5.71666e-07 0.000345369 0.000655538 0.0017824 0.000323684 -7.82654e-06 -0.000949971 0.000583906 0.000870486 0.000508594 0.00104575 -0.000196154
internal_weight=55664 52152 51904 3512 2233 508 1725 51694 606 1471 1199 999 735 1279
internal_count=55664 52152 51904 3512 2233 508 1725 51694 606 1471 1199 999 735 1279
is_linear=0
shrinkage=0.03


Tree=223
num_leaves=15
num_cat=0
split_feature=10 5 13 3 5 2 4 18 5 2 19 4 24 24
split_gain=0.427994 0.716978 0.979711 0.967577 0.742216 0.784715 0.894751 0.784862 0.839801 0.851399 0.709177 0.673879 0.656435 0.594446
threshold=1.0000000180025095e-35 4.3571175673690883 0.96609195402298864 0.38471395282224657 1.3881644463002476 0.38934480164163837 0.52669971117432512 0.9833333333333335 -0.32531544284757513 0.02058069229809634 0.94590643274853814 0.33833791116261097 0.0040049377524442051 -0.020377018181711861
decision_type=2 10 10 8 8 8 10 8 10 10 10 8 2 2
left_child=1 2 4 12 5 6 7 8 9 -1 11 -10 -4 -8
right_child=-2 -3 3 -5 -6 -7 13 -9 10 -11 -12 -13 -14 -15
leaf_value=0.00016245069314004289 8.2776360069618864e-05 0.0013146385409312841 -0.00084416723924435669 0.00012332077203297453 -0.0010278289918951645 -0.0016757175729051233 0.0023388017032957577 -0.0015893131011438652 -0.00015757612363092381 0.0014024418453256892 0.001167075413813858 -0.0013052021403919063 -0.0026817515330489344 0.00050725374027361838
leaf_weight=2540 40726 313 392 443 682 250 210 290 7191 620 341 492 316 663
leaf_count=2540 40726 313 392 443 682 250 210 290 7191 620 341 492 316 663
internal_value=3.26378e-05 -0.000105865 -0.000136677 -0.000976295 -6.39001e-05 -1.17131e-05 2.19793e-05 -4.84642e-05 -8.51019e-06 0.00040574 -0.00017165 -0.000231067 -0.00166433 0.000947832
internal_weight=55469 14743 14430 1151 13279 12597 12347 11474 11184 3160 8024 7683 708 873
internal_count=55469 14743 14430 1151 13279 12597 12347 11474 11184 3160 8024 7683 708 873
is_linear=0
shrinkage=0.03


Tree=224
num_leaves=15
num_cat=0
split_feature=8 9 0 12 6 7 21 9 3 9 14 8 21 6
split_gain=0.546763 0.631485 0.74921 0.687053 0.605061 0.989222 0.642869 0.68451 0.99953 0.62914 0.611532 0.500042 0.853188 0.463244
threshold=1.9603534184803146 0.00030000500000000005 0.02879195430519044 0.86811594202898557 0.11465522448906988 0.12998426685746123 0.081666666666666679 0.00023126500000000003 0.20966588643375331 -0.00021632999999999996 0.9110671936758894 1.7845959136619547 0.18090909090909094 0.097262845494441488
decision_type=10 2 2 2 10 10 2 2 10 2 10 10 2 10
left_child=11 4 -3 -4 6 9 -2 8 -8 -6 -9 -1 -13 -14
right_child=1 2 3 -5 5 -7 7 10 -10 -11 -12 12 13 -15
leaf_value=1.9542178218508378e-06 -0.0025910483298965457 0.00071604423511850679 -0.0019931900905715803 9.7470042859920515e-05 0.0019307667666609272 -0.0011707886757946868 0.0010170231264884006 -0.00068363023572786048 -0.0013822150879637582 -0.00015720566995041345 -0.0025231480995186397 0.0024130154480018861 -0.00015196510457235211 0.0014427722331331022
leaf_weight=50698 203 849 222 390 243 398 346 394 285 279 277 202 652 219
leaf_count=50698 203 849 222 390 243 398 346 394 285 279 277 202 652 219
internal_value=-1.02432e-05 -0.000353448 0.000139252 -0.000660907 -0.000650286 -4.41934e-05 -0.00102079 -0.000775963 -6.66265e-05 0.000814781 -0.00144301 1.55181e-05 0.000656398 0.000249008
internal_weight=55657 3886 1461 612 2425 920 1505 1302 631 522 671 51771 1073 871
internal_count=55657 3886 1461 612 2425 920 1505 1302 631 522 671 51771 1073 871
is_linear=0
shrinkage=0.03


Tree=225
num_leaves=15
num_cat=0
split_feature=17 9 3 15 4 7 11 9 4 5 24 24 0 9
split_gain=0.348188 0.684726 0.556286 1.30972 0.47938 0.469499 0.369202 0.674301 0.660861 0.853894 0.84193 0.864893 1.12406 0.816081
threshold=0.06458333333333334 0.00014531000000000003 -0.054379619378021597 0.40370370370370373 -0.66607857727085651 0.072663479234089723 0.43789126495605352 -0.0032356799999999999 0.4853396713441353 1.4908321239722151 -0.050297940849218702 -0.03386568026648832 -0.0066701244056975853 0.00072498500000000015
decision_type=8 2 10 10 10 8 8 2 10 8 2 2 2 2
left_child=1 5 -3 -4 -2 -1 7 -6 -9 10 -10 -12 13 -13
right_child=4 2 3 -5 6 -7 -8 8 9 -11 11 12 -14 -15
leaf_value=-0.00033025837707406793 0.0012446774477575672 -0.0013223502320310256 0.0011574982264754147 -0.0017749820810533522 -0.00088739495359824215 0.0014626120870954882 -0.00021621295488405233 1.0991654153780439e-05 0.0023382461400040864 -0.0005703041821089231 -0.0012765276694595481 0.0020049307908863376 0.00015822564998578328 -0.00015934473178877033
leaf_weight=285 280 742 327 236 712 244 6268 43069 247 613 224 689 1446 203
leaf_count=285 280 742 327 236 712 244 6268 43069 247 613 224 689 1446 203
internal_value=-7.27013e-06 -0.000413754 -0.000782818 -7.17475e-05 6.59921e-06 0.000496699 1.16031e-07 2.8842e-05 4.28739e-05 0.000444142 0.000665521 0.000504255 0.000674869 0.00151239
internal_weight=55585 1834 1305 563 53751 529 53471 47203 46491 3422 2809 2562 2338 892
internal_count=55585 1834 1305 563 53751 529 53471 47203 46491 3422 2809 2562 2338 892
is_linear=0
shrinkage=0.03


Tree=226
num_leaves=15
num_cat=0
split_feature=3 22 15 21 10 5 4 24 3 12 2 3 9 1
split_gain=0.488148 0.387777 0.863139 0.843535 0.781756 0.969913 0.699868 0.793028 0.966588 0.674572 0.645761 0.643699 0.615187 0.623836
threshold=-0.65212583381693812 0.40370370370370373 0.9833333333333335 0.15192307692307697 1.0000000180025095e-35 4.3571175673690883 -0.2137549059588931 -0.022688624654912556 -0.25468881690966128 0.95916666666666683 -0.16878669116985937 -0.17555957394186053 -0.00051279999999999989 0.04589755302818755
decision_type=8 2 10 2 2 8 10 2 8 2 10 10 2 10
left_child=-1 4 3 -3 5 6 -2 8 -8 -4 -9 -6 -5 -14
right_child=1 2 9 12 11 -7 7 10 -10 -11 -12 -13 13 -15
leaf_value=-0.0013680969568361577 0.00031197066365848137 0.0013294270037254544 -0.0015425008544920858 -0.0014153643718843036 0.0011202656841614162 0.0015482027043149051 -0.0015581505738819638 -0.0013858090784165612 0.00052460166367151334 0.0004155069738077933 -0.00028824500009551823 0.00024614970337962481 5.4991123132477314e-05 -0.0002498185667809392
leaf_weight=228 3011 413 586 288 828 337 225 522 1845 217 6368 8995 23745 8106
leaf_count=228 3011 413 586 288 828 337 225 522 1845 217 6368 8995 23745 8106
internal_value=1.71887e-05 2.2881e-05 -4.17202e-05 -1.77512e-05 0.000120246 -3.90431e-05 -8.37262e-05 -0.0002167 0.000298216 -0.00101338 -0.000371399 0.000319831 -3.5063e-05 -2.25822e-05
internal_weight=55714 55486 33355 32552 22131 12308 11971 8960 2070 803 6890 9823 32139 31851
internal_count=55714 55486 33355 32552 22131 12308 11971 8960 2070 803 6890 9823 32139 31851
is_linear=0
shrinkage=0.03


Tree=227
num_leaves=15
num_cat=0
split_feature=22 1 1 19 6 11 22 8 2 16 8 10 13 20
split_gain=0.596855 0.808617 0.95339 1.0613 0.795006 1.06069 0.731306 0.826508 0.754918 0.649163 0.839006 0.674589 0.615644 1.00644
threshold=0.56904761904761914 0.41879646010168542 0.073393861389905016 0.93541666666666679 0.047074011952263912 0.39263969350835609 0.70185185185185195 0.62791499893976921 0.10246779740116242 0.96076923076923093 3.8517536422952845 1.0000000180025095e-35 0.96609195402298864 0.86811594202898557
decision_type=2 10 10 8 10 10 2 10 10 8 10 2 8 10
left_child=9 2 -2 4 -4 6 8 -8 -6 10 11 12 -1 -14
right_child=1 -3 3 -5 5 -7 7 -9 -10 -11 -12 -13 13 -15
leaf_value=-1.7694175269883097e-05 -3.0000243682388175e-06 0.0017040521641703027 -0.0010667552388391574 -0.0021677472859280246 0.0022423814397069231 -0.00099926289720444258 -0.001678167988261094 0.00022930840652816368 4.5862795317696184e-05 0.00060189477290663589 -0.001628034271957243 0.00022485256559598749 -0.0021303061816315208 0.00019193911914033623
leaf_weight=11489 19709 228 1059 317 292 846 245 1235 272 2367 255 16583 331 341
leaf_count=11489 19709 228 1059 317 292 846 245 1235 272 2367 255 16583 331 341
internal_value=3.78222e-05 -7.41047e-05 -9.10148e-05 -0.000497644 -0.000363579 -0.000105911 0.000263843 -8.64563e-05 0.00118307 0.000124189 8.51965e-05 0.000100395 -6.93174e-05 -0.000951905
internal_weight=55569 24203 23975 4266 3949 2890 2044 1480 564 31366 28999 28744 12161 672
internal_count=55569 24203 23975 4266 3949 2890 2044 1480 564 31366 28999 28744 12161 672
is_linear=0
shrinkage=0.03


Tree=228
num_leaves=15
num_cat=0
split_feature=18 0 10 7 9 24 9 23 2 24 0 24 4 18
split_gain=0.544783 0.567288 0.599322 0.68836 0.946906 0.781325 0.909625 0.784746 1.01026 1.05509 0.781918 0.749201 0.743801 1.27085
threshold=0.10172413793103451 0.3419521773397704 -0.00013505785714285721 0.058852874826181713 0.00036074000000000007 -0.0044276921759288813 -0.00016357999999999995 0.88117647058823534 0.023057066815389663 0.019406693768162449 -0.0092084450942836443 0.0088213755014828633 0.57360451372011856 0.95553359683794481
decision_type=10 2 2 10 2 2 2 8 10 2 2 2 10 10
left_child=-1 2 3 -2 5 12 7 11 -9 -10 -8 -7 -5 -14
right_child=1 -3 -4 4 -6 6 10 8 9 -11 -12 -13 13 -15
leaf_value=0.00025800053849136671 8.441526658785445e-05 0.0014832891827492518 -1.037019528009699e-05 -0.00040134894011469301 0.0014208301450145857 -0.0013233640932219161 -0.0032153950648249256 -0.0025880380400146044 -0.0017655666340705921 0.00083415966886973988 -0.0011571756456297698 0.00025886854730073906 0.0019771215027807663 -0.00094913490721955883
leaf_weight=5586 3188 215 40210 2127 233 349 210 315 281 281 795 1180 340 220
leaf_count=5586 3188 215 40210 2127 233 349 210 315 281 281 795 1180 340 220
internal_value=-2.29697e-05 -5.43949e-05 -6.1043e-05 -0.000275094 -0.000456127 -0.000527844 -0.000829239 -0.000512613 -0.001228 -0.000465703 -0.00158725 -0.000102282 -0.000145239 0.000827521
internal_weight=55530 49944 49729 9519 6331 6098 3411 2406 877 562 1005 1529 2687 560
internal_count=55530 49944 49729 9519 6331 6098 3411 2406 877 562 1005 1529 2687 560
is_linear=0
shrinkage=0.03


Tree=229
num_leaves=15
num_cat=0
split_feature=1 12 4 18 6 2 12 2 5 4 7 4 3 21
split_gain=0.462035 0.809629 0.988 0.665428 0.682169 0.66206 0.855253 0.595619 0.79847 0.923469 0.584764 0.545646 0.516523 0.484369
threshold=0.294704498510935 0.29289215686274517 0.3974869985141159 0.9833333333333335 0.08838556998678869 -0.34015353191492254 0.55363984674329514 0.57093402529140325 1.4908321239722151 -0.005381303940249659 0.10671084557745596 0.51163024948444635 0.76551418814698269 0.45993589743589752
decision_type=8 2 10 10 10 8 2 10 10 8 10 10 10 2
left_child=3 -2 -3 5 -5 6 10 8 9 -6 -1 -11 -4 -14
right_child=1 2 12 4 7 -7 -8 -9 -10 11 -12 -13 13 -15
leaf_value=0.0014477629913415835 0.0021327682216671219 0.0016810067066678194 0.00059135693665270691 0.00091039876921375821 -0.0005006227538459769 -9.6743637493419055e-06 0.0025247500347792924 0.00031019400171142941 0.00022065722376986917 -0.0036478150024497678 -0.00057062593960325182 -0.0015059342154704813 -0.0018333681677769119 8.8767200590341957e-05
leaf_weight=219 239 297 317 218 311 52130 208 282 248 229 315 201 263 214
leaf_count=219 239 297 317 218 311 52130 208 282 248 229 315 201 263 214
internal_value=-1.10725e-06 0.000551332 0.000204894 -1.46233e-05 -0.000640075 2.99093e-06 0.000892804 -0.00090601 -0.00125279 -0.00174593 0.00025714 -0.00264661 -0.000347254 -0.000971027
internal_weight=55691 1330 1091 54361 1489 52872 742 1271 989 741 534 430 794 477
internal_count=55691 1330 1091 54361 1489 52872 742 1271 989 741 534 430 794 477
is_linear=0
shrinkage=0.03


Tree=230
num_leaves=15
num_cat=0
split_feature=5 8 7 18 7 12 19 6 6 16 6 16 20 14
split_gain=0.364563 0.430431 0.374304 0.732354 0.601859 0.551455 0.84296 0.545765 0.55974 0.543298 0.530561 0.623309 0.506115 1.28799
threshold=14.131497260548217 5.5091355376228206 0.033212940550507712 0.63245614035087727 0.043421486432999437 0.10435571687840291 0.53452380952380962 0.016681379629296455 0.052920225144367297 0.39642857142857152 0.036385561674666035 0.63245614035087727 0.83666666666666678 0.63245614035087727
decision_type=10 10 10 10 10 2 8 10 10 10 10 10 10 10
left_child=1 2 3 5 7 -1 10 -4 12 -5 -7 -12 -9 -14
right_child=-2 -3 4 9 -6 6 -8 8 -10 -11 11 -13 13 -15
leaf_value=-0.0014300924783376765 -0.0012576298311463381 -0.0013529431712700098 0.00144512281626256 -0.0023075893280616439 8.710718675337748e-06 -0.00018523703378286842 0.001388564566218787 0.00024755631672274066 0.00100512959151396 -0.00044746365402006428 0.00012014663540169054 0.0020126137020347943 0.0014313728658070916 -0.0012839697666241613
leaf_weight=264 202 205 354 231 37987 7017 357 6200 776 364 577 215 215 585
leaf_count=264 202 205 354 231 37987 7017 357 6200 776 364 577 215 215 585
internal_value=1.45277e-05 1.91707e-05 2.42717e-05 -0.000152413 5.88486e-05 -8.06167e-05 -3.69892e-05 0.000293115 0.00024067 -0.00116963 -0.000102161 0.000633885 0.000155925 -0.000554221
internal_weight=55549 55347 55142 9025 46117 8430 8166 8130 7776 595 7809 792 7000 800
internal_count=55549 55347 55142 9025 46117 8430 8166 8130 7776 595 7809 792 7000 800
is_linear=0
shrinkage=0.03


Tree=231
num_leaves=15
num_cat=0
split_feature=2 6 8 19 21 12 12 18 24 11 11 23 21 16
split_gain=0.466338 0.715199 0.628754 0.638314 0.834084 0.785799 0.762273 0.626621 0.784072 0.623427 0.827031 0.640235 0.705471 0.62132
threshold=-0.16226360281573174 0.130903721320482 0.47653762192895183 0.89564428312159727 0.49166666666666675 0.93218390804597717 0.12771739130434787 0.93218390804597717 0.020733116240766514 0.87087827373714433 0.30256866635266183 0.82480818414322254 0.55086206896551737 0.067816091954023008
decision_type=10 8 10 10 2 2 2 10 2 8 10 10 2 10
left_child=9 -2 -3 7 6 -6 -5 -4 -9 10 11 13 -13 -1
right_child=1 2 3 4 5 -7 -8 8 -10 -11 -12 12 -14 -15
leaf_value=-0.00037826034656981663 -3.9568383586962112e-05 0.0019472875210598014 -0.00012647044043135531 0.0020990576582705289 -0.00016521896376699496 -0.0023652191331733348 -1.752092596633654e-05 0.0023962854320819325 0.00014302933312523945 -0.0010785434454811192 0.0018060334346721369 0.0002036840396861304 -0.0018821705163843327 0.00050777579894880839
leaf_weight=860 46772 237 317 226 515 204 475 361 226 297 323 343 254 4147
leaf_count=860 46772 237 317 226 515 204 475 361 226 297 323 343 254 4147
internal_value=1.80326e-05 -1.28397e-05 0.000475311 0.0003252 -7.14985e-05 -0.000789419 0.000664857 0.000948332 0.00152876 0.000262734 0.000329945 0.000244867 -0.000683765 0.000355591
internal_weight=55557 49333 2561 2324 1420 719 701 904 587 6224 5927 5604 597 5007
internal_count=55557 49333 2561 2324 1420 719 701 904 587 6224 5927 5604 597 5007
is_linear=0
shrinkage=0.03


Tree=232
num_leaves=15
num_cat=0
split_feature=4 2 20 9 2 18 11 12 12 11 12 2 1 3
split_gain=0.490524 0.757743 0.641612 0.923369 0.958408 0.890474 1.04423 0.679791 0.561845 0.685183 0.538902 0.612147 0.730044 0.683082
threshold=0.021355926576117627 0.061083445511002539 0.80384615384615399 0.00026750500000000008 0.18795669284213903 0.93218390804597717 -0.26468522106522474 0.66091954022988519 0.34549071618037142 -0.044613651058569397 0.24568965517241384 -0.13696666492823159 -0.070384770677872341 0.09587098445553778
decision_type=10 8 8 2 10 10 10 2 2 10 2 10 10 8
left_child=1 10 5 4 -4 6 -3 -5 9 -8 11 -1 -13 -14
right_child=-2 2 3 7 -6 -7 8 -9 -10 -11 -12 12 13 -15
leaf_value=0.00014539962109110543 8.376620204596264e-05 0.0016925564541533174 -0.001128066517065002 -0.001002795552499721 0.0010533874199692426 -0.0020567231967642497 -0.0019090147292226902 -0.003170393538555201 -2.287256911772915e-05 1.5094348251061033e-05 5.1699112043322693e-05 -0.0012778727407839433 -0.00011811633304803657 -0.0019114584678841941
leaf_weight=1828 27628 270 514 289 280 222 360 237 2133 310 18193 882 2239 209
leaf_count=1828 27628 270 514 289 280 222 360 237 2133 310 18193 882 2239 209
internal_value=-5.88949e-06 -9.44616e-05 -0.000445726 -0.0010046 -0.000358788 -0.000221838 -8.92818e-05 -0.00197945 -0.000260918 -0.00101876 -2.50391e-05 -0.000295706 -0.00053785 -0.000271224
internal_weight=55594 27966 4615 1320 794 3295 3073 526 2803 670 23351 5158 3330 2448
internal_count=55594 27966 4615 1320 794 3295 3073 526 2803 670 23351 5158 3330 2448
is_linear=0
shrinkage=0.03


Tree=233
num_leaves=15
num_cat=0
split_feature=3 3 3 12 21 21 11 3 18 1 16 12 14 5
split_gain=0.362372 0.811799 0.635089 0.63492 0.560358 0.635043 0.618448 0.82484 0.580242 0.628017 0.55659 0.551611 0.630613 0.588722
threshold=-0.18131581095138491 -0.049286421166059795 -0.18452511119048157 0.12250000000000001 0.84807692307692317 0.78055555555555567 -0.23180330206069286 -0.11882075874738328 0.66091954022988519 -0.037609091853650682 0.56594202898550738 0.06458333333333334 0.10435571687840291 1.7567910261878301
decision_type=10 10 8 2 2 2 8 10 8 10 10 2 8 10
left_child=2 3 11 -2 5 -5 -6 10 9 -7 -8 -1 -13 -14
right_child=1 -3 -4 4 6 8 7 -9 -10 -11 -12 12 13 -15
leaf_value=0.0012220029042029749 -0.00099521769813061545 3.5664947607176093e-05 0.0015959820664544484 -0.00017435100343295184 -0.0022345450082927516 -0.0010561108397804709 -0.00033232136482945143 -0.001098007197671043 0.0020967766022309659 0.00093037980080555203 0.0016305836181782418 -0.00043604066563376101 0.0001433181437110145 0.0015240533883712187
leaf_weight=391 936 33459 271 9885 209 219 344 798 200 414 209 1753 6187 291
leaf_count=391 936 33459 271 9885 209 219 344 798 200 414 209 1753 6187 291
internal_value=-9.52089e-06 -4.29624e-05 0.000165989 -0.000242054 -0.000184637 -0.000107316 -0.000715869 -0.00048093 0.000688168 0.000243111 0.000409536 0.000121043 6.87437e-05 0.000205343
internal_weight=55566 46673 8893 13214 12278 10718 1560 1351 833 633 553 8622 8231 6478
internal_count=55566 46673 8893 13214 12278 10718 1560 1351 833 633 553 8622 8231 6478
is_linear=0
shrinkage=0.03


Tree=234
num_leaves=15
num_cat=0
split_feature=22 24 8 9 6 1 14 2 1 12 20 1 17 4
split_gain=0.387964 0.869273 0.853181 0.963936 0.83196 0.779165 0.740587 0.724797 0.76483 0.754896 0.7604 0.688663 0.795389 0.782301
threshold=0.87750000000000006 -0.030349425678618567 0.56886406874276274 0.00025331000000000008 0.041633296385114933 -0.0069714716767677034 0.081666666666666679 -0.072147525103679264 -0.033491729274797204 0.12250000000000001 0.88117647058823534 -0.05369743218114436 0.58722109533468569 0.062460955023516347
decision_type=2 2 8 2 8 10 8 10 10 2 8 10 8 10
left_child=-1 4 11 5 -2 -4 -5 -8 -9 -10 -11 12 -3 -13
right_child=1 2 3 6 -6 -7 7 8 9 10 -12 13 -14 -15
leaf_value=-7.372185753714733e-06 -0.0022522295340691289 0.002772492346512577 0.0015124264590790026 -0.0020971845516913248 -0.00051784467132051453 -0.00029762568823958044 0.00071636902438191696 -0.0016988604130367807 0.0012452626989578805 -0.00024132070639209063 -0.0016899373120894388 -0.00041286445955550545 0.00024121101252275152 0.0010959655196390006
leaf_weight=48026 319 220 415 257 1133 442 433 474 233 1459 420 863 227 482
leaf_count=48026 319 220 415 257 1133 442 433 474 233 1459 420 863 227 482
internal_value=-3.84859e-05 -0.000241044 -7.98312e-05 -0.000316878 -0.000898884 0.000578887 -0.00055121 -0.000419605 -0.000609812 -0.000365395 -0.00056512 0.000466884 0.00148703 0.000127846
internal_weight=55403 7377 5925 4133 1452 857 3276 3019 2586 2112 1879 1792 447 1345
internal_count=55403 7377 5925 4133 1452 857 3276 3019 2586 2112 1879 1792 447 1345
is_linear=0
shrinkage=0.03


Tree=235
num_leaves=15
num_cat=0
split_feature=11 24 0 1 14 5 7 8 2 8 11 8 8 22
split_gain=0.302175 0.898852 1.05367 0.851569 0.67134 0.58361 0.896176 0.632981 0.561033 0.514287 0.503741 0.936471 0.464041 1.315
threshold=0.38116176458434053 -0.021291632467459617 0.024355868251581651 0.071888582422064765 0.20942982456140355 1.1426078910292612 0.13677172210509478 1.7008583730021034 0.44247933071892304 0.76424899531156532 0.35254980079538484 0.90052954465160207 0.80619540194345884 0.50833333333333341
decision_type=8 2 2 8 8 10 8 8 10 8 10 10 10 2
left_child=8 2 3 5 9 7 -7 -2 10 -3 -1 -12 13 -6
right_child=1 4 -4 -5 12 6 -8 -9 -10 -11 11 -13 -14 -15
leaf_value=1.4718782105823908e-05 -0.0013369782592079281 -0.00039960651299736333 0.0023956542661074886 -0.0012057502347463153 0.0013436846180024827 0.0022585534815450911 -0.00025329097457458529 0.00083175801075245626 0.0014566533146764061 -0.001833935629158955 -0.00058271297709903253 0.0017769055984154475 -0.00035656254010767418 -0.00070141620962385783
leaf_weight=47087 226 466 220 316 572 322 212 261 248 435 247 391 3972 560
leaf_count=47087 226 466 220 316 572 322 212 261 248 435 247 391 3972 560
internal_value=5.67602e-06 -0.000170581 0.00047175 0.000155177 -0.000337127 0.000576384 0.00126134 -0.000174678 3.34595e-05 -0.0010921 2.6064e-05 0.000863386 -0.000203854 0.000331974
internal_weight=55535 7562 1557 1337 6005 1021 534 487 47973 901 47725 638 5104 1132
internal_count=55535 7562 1557 1337 6005 1021 534 487 47973 901 47725 638 5104 1132
is_linear=0
shrinkage=0.03


Tree=236
num_leaves=15
num_cat=0
split_feature=1 0 23 22 10 4 1 4 13 16 18 7 8 8
split_gain=0.781844 0.501311 0.473615 0.363341 0.600663 0.557876 0.576832 0.841958 0.706306 0.563855 1.17628 0.78647 0.822946 0.754115
threshold=0.72306670966789566 -0.18143800022349318 0.50862068965517249 0.40370370370370373 5.3809285714285733e-05 -0.2137549059588931 0.036438240086771663 -0.33705139942879536 0.10172413793103451 0.95553359683794481 0.9833333333333335 0.10181148866954345 1.5859085198407861 0.40362779209700744
decision_type=10 2 8 2 2 10 10 8 10 10 8 8 10 10
left_child=1 2 -1 4 5 6 8 -8 -3 10 -7 12 -11 -13
right_child=-2 3 -4 -5 -6 9 7 -9 -10 11 -12 13 -14 -15
leaf_value=-2.6778073635422321e-05 0.0018515063693811153 0.0011753205659453081 -0.0020112689860063053 -6.8349392232492951e-05 0.00028689497651477989 -0.00017710728353143986 -0.00014828586491036935 0.0020199679098853568 -0.00011987830332902278 0.0020456076994932325 -0.0021343453617610193 0.0013135376855747641 -0.00021698648476487268 -0.00070292321030932068
leaf_weight=214 203 458 219 33056 8473 8194 281 378 2195 390 286 224 230 655
leaf_count=214 203 458 219 33056 8473 8194 281 378 2195 390 286 224 230 655
internal_value=-6.88361e-06 -1.37114e-05 -0.00103048 -5.68032e-06 8.95039e-05 -3.63327e-05 0.00030104 0.00109542 0.000103718 -0.000148306 -0.000243118 0.000388057 0.00120626 -0.000189058
internal_weight=55456 55253 433 54820 21764 13291 3312 659 2653 9979 8480 1499 620 879
internal_count=55456 55253 433 54820 21764 13291 3312 659 2653 9979 8480 1499 620 879
is_linear=0
shrinkage=0.03


Tree=237
num_leaves=15
num_cat=0
split_feature=20 7 2 4 10 21 4 4 1 8 1 0 6 13
split_gain=0.476801 0.931652 0.658333 0.58108 0.591737 0.717229 0.606879 0.693952 0.574066 0.530891 0.494599 0.541774 1.03035 0.771777
threshold=0.34549071618037142 0.033508665895990129 -0.1504821109759297 -0.55335661388730473 0.00014498214285714301 0.53137254901960795 -0.34343220791547707 0.78524095253953663 -0.10491472949363949 0.65402947430110103 0.13043619318787117 -0.035167031897327998 0.079344454837133274 0.73508771929824568
decision_type=8 10 10 10 2 2 10 10 10 10 10 2 10 10
left_child=1 -1 3 -3 5 -5 -6 9 -7 -8 11 12 -4 -13
right_child=-2 2 10 4 6 8 7 -9 -10 -11 -12 13 -14 -15
leaf_value=-0.00077014608774325427 9.4371655872949547e-05 0.0016687443054832572 -0.00074885013482043359 0.00026505662967447907 -0.00078291712105315768 -0.0023520497375082608 0.0017117748620410129 -0.00062687960009996408 -0.00027041970690165211 0.00029306465934496372 -0.00096447595204970156 -8.8026596211350649e-05 0.00083419107142338042 0.00065901301411000739
leaf_weight=1661 37165 277 2104 1044 224 202 697 219 291 360 595 8752 449 1451
leaf_count=1661 37165 277 2104 1044 224 202 697 219 291 360 595 8752 449 1451
internal_value=3.26205e-05 -9.26105e-05 -2.50806e-05 0.000353381 0.000233409 -0.000180278 0.0006573 0.000910128 -0.00112334 0.00122858 -0.000119023 -7.95868e-05 -0.000470438 1.82122e-05
internal_weight=55491 18326 16665 3314 3037 1537 1500 1276 493 1057 13351 12756 2553 10203
internal_count=55491 18326 16665 3314 3037 1537 1500 1276 493 1057 13351 12756 2553 10203
is_linear=0
shrinkage=0.03


Tree=238
num_leaves=15
num_cat=0
split_feature=24 3 22 9 5 0 22 15 2 5 19 22 6 15
split_gain=0.456628 0.973855 1.03733 0.872779 0.802631 1.27805 0.865684 0.893718 0.772348 0.794795 0.753412 0.706527 0.676407 0.660926
threshold=0.015972310509320919 -0.35640993123397452 0.19139194139194141 0.00014531000000000003 3.1682401427925759 0.067581653307232106 0.52128623188405809 0.83666666666666678 0.27439460681209865 5.492153930446686 0.23431372549019611 0.25462962962962971 0.024303544534393384 0.94868421052631591
decision_type=2 8 2 2 8 2 2 8 10 10 10 2 10 10
left_child=1 2 -1 -4 5 13 11 -8 9 -6 12 -7 -2 -3
right_child=10 4 3 -5 8 6 7 -9 -10 -11 -12 -13 -14 -15
leaf_value=-0.00067713655436818954 -0.00010656873598942949 -0.00012434929196932201 0.0024341256304027349 0.00054019936572124864 0.00086368796196766191 -0.0012219633336213451 -0.0008617577281130372 -0.0034001651466944506 0.0019121086237729964 -0.0010772340244489145 7.1397004355159883e-06 0.00097799863775863377 0.00067453759485112225 0.00047411747708857196
leaf_weight=336 1425 30631 356 569 550 324 265 236 327 290 15064 221 3328 1756
leaf_count=336 1425 30631 356 569 550 324 265 236 327 290 15064 221 3328 1756
internal_value=-4.52834e-06 -6.83941e-05 0.000750519 0.00126911 -9.82395e-05 -0.000125235 -0.00115735 -0.00205749 0.000675141 0.000193608 0.000111044 -0.000329869 0.000440354 -9.19009e-05
internal_weight=55678 35861 1261 925 34600 33433 1046 501 1167 840 19817 545 4753 32387
internal_count=55678 35861 1261 925 34600 33433 1046 501 1167 840 19817 545 4753 32387
is_linear=0
shrinkage=0.03


Tree=239
num_leaves=15
num_cat=0
split_feature=8 0 22 19 18 5 10 18 10 7 0 19 10 6
split_gain=0.398896 0.569582 0.52968 0.693887 0.789777 0.639599 0.725528 1.29248 0.740921 0.66385 1.08669 1.01072 0.63849 0.582864
threshold=1.164397193468788 0.25626515352455786 0.91287878787878796 0.83045977011494265 0.80384615384615399 5.492153930446686 1.0000000180025095e-35 0.9833333333333335 2.4561428571428513e-05 0.089918873823276707 0.00082959705772678316 0.83045977011494265 0.0006321085714285716 0.21431208850416775
decision_type=10 2 2 10 10 8 2 10 2 10 2 8 2 10
left_child=-1 2 5 4 -4 6 13 8 -8 11 12 -10 -11 -2
right_child=1 -3 3 -5 -6 -7 7 -9 9 10 -12 -13 -14 -15
leaf_value=2.0393493909635361e-05 -0.00042059670192155291 0.0010654302703529451 -0.000875932074594608 -0.0017263038596399966 0.0010282422139456398 0.001386287677795531 0.0016989674481021158 0.0016042188722262412 -0.00012752525113998072 -0.0011323402061012304 -0.0021125727392870266 0.0015946580741101569 0.0011012025380990019 -0.0018574872648592245
leaf_weight=41167 3070 332 628 445 285 245 201 419 7380 219 387 320 243 277
leaf_count=41167 3070 332 628 445 285 245 201 419 7380 219 387 320 243 277
internal_value=-2.72077e-05 -0.000162811 -0.000191692 -0.000754964 -0.000281529 -0.00013175 -0.000161465 -2.3464e-05 -0.000101407 -0.000143736 -0.000939877 -5.5954e-05 4.24453e-05 -0.000539515
internal_weight=55618 14451 14119 1358 913 12761 12516 9169 8750 8549 849 7700 462 3347
internal_count=55618 14451 14119 1358 913 12761 12516 9169 8750 8549 849 7700 462 3347
is_linear=0
shrinkage=0.03


Tree=240
num_leaves=15
num_cat=0
split_feature=22 0 12 7 1 18 7 7 0 17 23 3 10 17
split_gain=0.355051 0.427658 0.858976 1.40132 0.632858 0.536266 0.652258 0.644181 0.864693 1.19961 0.822109 0.817624 1.18316 0.748221
threshold=0.44222222222222224 0.10074254162367526 0.95553359683794481 0.072294014450588182 0.21221826733191632 0.39642857142857152 0.032582238517640492 0.050961588474288652 -0.04607143358298859 0.94590643274853814 0.89827586206896559 -0.17829029368337165 0.00010367142857142844 0.83045977011494265
decision_type=2 2 2 10 8 8 8 8 2 8 10 10 2 10
left_child=1 5 -3 -4 -5 -1 -7 10 9 13 -8 12 -10 -9
right_child=-2 2 3 4 -6 6 7 8 11 -11 -12 -13 -14 -15
leaf_value=0.00019731147446771998 -0.00010718492956472285 0.0014440988726952732 -0.0022309447190462807 0.0016504735280286078 -0.00023705474559996905 -0.0011307541293321306 0.00020154585678422055 0.00032105552671376467 -6.5636126202235938e-05 0.001669864730941375 0.0021733906095648564 -0.00048751703725585224 0.0022550271602963046 -0.00089614507996706595
leaf_weight=8775 31643 576 203 295 349 534 2496 1758 1306 467 206 6146 233 613
leaf_count=8775 31643 576 203 295 349 534 2496 1758 1306 467 206 6146 233 613
internal_value=-4.1221e-05 4.59058e-05 0.0005503 -5.75256e-05 0.000627574 1.40538e-05 -0.000102821 -6.13154e-05 -0.000167412 0.000280094 0.000351879 -0.000332671 0.000285705 6.35963e-06
internal_weight=55600 23957 1423 847 644 22534 13759 13225 10523 2838 2702 7685 1539 2371
internal_count=55600 23957 1423 847 644 22534 13759 13225 10523 2838 2702 7685 1539 2371
is_linear=0
shrinkage=0.03


Tree=241
num_leaves=15
num_cat=0
split_feature=12 21 13 8 23 17 9 9 6 7 4 7 13 19
split_gain=0.540515 0.950882 0.85271 0.823982 1.02309 0.683731 0.661882 0.650104 0.647406 0.902616 0.803618 0.844044 0.921416 0.862349
threshold=0.83045977011494265 0.93541666666666679 0.29289215686274517 1.5080598044090536 0.63484848484848488 0.36754385964912284 0.00072498500000000015 0.00023796500000000003 0.067162736336826082 0.047904233313727472 -0.55335661388730473 0.38159622621209138 0.93218390804597717 0.80384615384615399
decision_type=2 2 10 8 8 10 2 2 10 8 8 8 10 10
left_child=8 2 7 4 -4 -3 -7 -2 -1 -10 -11 12 13 -12
right_child=1 5 3 -5 -6 6 -8 -9 9 10 11 -13 -14 -15
leaf_value=1.5501254048958255e-06 -0.0004788995463782801 -0.00057657404293951745 -0.00035974390117672373 -0.0006659254145896747 0.00035260076538249383 0.0024559231227325212 0.00039773395060208337 -0.0022366573281592007 0.0020258983866006017 0.0015028674241347128 0.00033671964309378615 -0.0014237450550707732 0.0010102418861116886 -0.00027062506358127081
leaf_weight=33335 466 220 3685 2251 3575 273 290 319 256 425 5775 290 1169 3310
leaf_count=33335 466 220 3685 2251 3575 273 290 319 256 425 5775 290 1169 3310
internal_value=2.12817e-05 -0.000166243 -0.000242887 -0.000164452 -8.96812e-06 0.000841588 0.00139575 -0.0011932 6.79061e-05 0.000264964 0.000223867 0.000172314 0.000217453 0.000115442
internal_weight=55639 11079 10296 9511 7260 783 563 785 44560 11225 10969 10544 10254 9085
internal_count=55639 11079 10296 9511 7260 783 563 785 44560 11225 10969 10544 10254 9085
is_linear=0
shrinkage=0.03


Tree=242
num_leaves=15
num_cat=0
split_feature=16 2 3 23 10 22 0 8 14 9 1 13 10 0
split_gain=0.498488 0.710261 0.642242 0.609215 0.478664 0.841995 0.681216 0.913749 0.837442 0.65397 0.551834 0.880112 0.775232 0.716885
threshold=0.96362433862433872 0.72385018617470165 0.97344297259933232 0.83045977011494265 -0.0032823478571428568 0.060661764705882359 -0.10694277784899485 2.0482341743857915 0.9110671936758894 0.00017883000000000002 -0.0090149879672524174 0.83045977011494265 -0.00014561999999999987 -0.023230233817495612
decision_type=8 10 10 10 2 2 2 10 10 2 10 10 2 2
left_child=1 2 -1 -2 5 -5 -6 8 10 -9 12 -12 -8 -14
right_child=3 -3 -4 4 6 -7 7 9 -10 -11 11 -13 13 -15
leaf_value=-7.5764365112380137e-06 0.001615101378766974 -0.0013378183933397791 0.0012782713544716403 0.00018033648116721045 0.0017628363516647369 0.0025718699413118883 -0.0023605340498902682 -0.0024416507036581843 0.0010877088020382994 -0.00030980398757780739 0.0014507321681301812 -0.00064418439805804454 0.0010553320695852071 -0.001227313441053093
leaf_weight=51112 314 359 352 378 200 204 201 214 689 328 358 364 234 263
leaf_count=51112 314 359 352 378 200 204 201 214 689 328 358 364 234 263
internal_value=1.6103e-05 -8.05766e-06 1.21842e-06 0.000350258 0.000234569 0.00101861 7.45162e-05 -5.28562e-05 0.000229496 -0.00115153 -0.000186918 0.000394569 -0.0007884 -0.000152587
internal_weight=55570 51823 51464 3747 3433 582 2851 2651 2109 542 1420 722 698 497
internal_count=55570 51823 51464 3747 3433 582 2851 2651 2109 542 1420 722 698 497
is_linear=0
shrinkage=0.03


Tree=243
num_leaves=15
num_cat=0
split_feature=22 11 12 1 13 8 4 11 10 21 10 4 18 8
split_gain=0.377002 0.674504 0.567093 0.813052 0.734788 0.618865 0.597217 0.956363 0.966995 0.811881 0.745987 0.847857 0.630058 0.598991
threshold=0.40370370370370373 -0.37399074661459764 0.10172413793103451 0.092183932458406517 0.033908045977011504 0.33509888881503214 0.065509155987418591 0.015742020502408808 4.6619285714285661e-05 0.36754385964912284 1.0000000180025095e-35 -0.035866262077348714 0.36181818181818187 0.69071505305489411
decision_type=2 8 2 10 8 10 8 10 2 2 2 10 10 10
left_child=1 -1 3 5 -4 -3 7 9 13 -6 11 -11 -10 -9
right_child=-2 2 4 -5 6 -7 -8 8 12 10 -12 -13 -14 -15
leaf_value=0.0010283325025647683 -6.0675639056692836e-05 0.00087331582779460895 -0.0012194939684898902 0.00090477292964234951 0.00032656144841517831 -0.00081312678223980056 0.00032749569449736204 -0.00292378198752618 0.00074453575265150541 -0.00045043417793319974 0.00018393287293557573 -0.0023966262126061291 -0.00096360733517794866 -0.00096673388540537597
leaf_weight=681 33603 221 360 375 5482 1720 8870 204 437 1228 1484 241 350 454
leaf_count=681 33603 221 360 375 5482 1720 8870 204 437 1228 1484 241 350 454
internal_value=2.62415e-06 9.88409e-05 6.92981e-05 -0.000374044 0.000123028 -0.00062111 0.000148804 -1.16197e-05 -0.00072474 0.000110545 -0.000290472 -0.000769721 -1.51213e-05 -0.00157348
internal_weight=55710 22107 21426 2316 19110 1941 18750 9880 1445 8435 2953 1469 787 658
internal_count=55710 22107 21426 2316 19110 1941 18750 9880 1445 8435 2953 1469 787 658
is_linear=0
shrinkage=0.03


Tree=244
num_leaves=15
num_cat=0
split_feature=3 7 1 8 23 11 0 4 11 4 8 4 1 4
split_gain=0.504792 0.506916 0.833753 0.681527 0.625021 0.486688 0.869106 0.846833 0.733143 0.754855 0.893432 0.702289 1.06844 0.983862
threshold=0.76551418814698269 0.2554968686308271 0.040585922090846556 2.0482341743857915 0.9833333333333335 0.55282071810220457 -0.0741379825215807 0.94155990499420583 0.43789126495605352 0.52669971117432512 0.83045815332331274 0.51163024948444635 -0.065273008220258819 0.78524095253953663
decision_type=10 10 10 8 10 10 2 10 10 10 10 10 8 10
left_child=5 2 -2 -4 -5 8 -7 -8 11 -10 -11 -1 13 -13
right_child=1 -3 3 4 -6 6 7 -9 9 10 -12 12 -14 -15
leaf_value=-6.6177763213424346e-06 -0.0014297565406569362 0.00070547353136709006 0.00079228490954456421 -0.0014393624415834406 0.00030719563416722748 0.0021998649173379913 0.0014687289559047832 -6.0114655869449897e-05 0.001038844679494514 0.00019822717510941415 -0.0015264301693865743 0.0022198287528426334 0.00011594461068653444 0.000235872384446272
leaf_weight=46675 715 301 447 428 324 231 411 1578 200 406 809 497 2434 411
leaf_count=46675 715 301 447 428 324 231 411 1578 200 406 809 497 2434 411
internal_value=4.8607e-06 -0.000438958 -0.000618934 -0.000135417 -0.000686856 2.31836e-05 0.000458088 0.0002558 4.41146e-06 -0.000668998 -0.000950125 2.34625e-05 0.000443569 0.0013218
internal_weight=55867 2215 1914 1199 752 53652 2220 1989 51432 1415 1215 50017 3342 908
internal_count=55867 2215 1914 1199 752 53652 2220 1989 51432 1415 1215 50017 3342 908
is_linear=0
shrinkage=0.03


Tree=245
num_leaves=15
num_cat=0
split_feature=4 18 8 11 16 17 13 24 11 8 8 3 3 16
split_gain=0.414365 0.632532 0.778265 0.726617 0.609265 1.32621 1.23844 0.93274 0.823353 0.685399 0.807174 0.599776 0.571159 0.508283
threshold=0.01861894137270104 0.12771739130434787 0.87099395350248077 0.0019235287386211166 0.36754385964912284 0.69098143236074283 0.63484848484848488 -0.043062135350564648 -0.027694736260030214 0.64280790406884603 0.42424974052738618 -0.12583913919849085 -0.0019597062011011408 0.89564428312159727
decision_type=10 10 10 8 10 10 10 2 8 10 10 10 10 10
left_child=13 2 3 -2 5 6 7 -3 9 10 -6 -11 -8 -1
right_child=1 4 -4 -5 8 -7 12 -9 -10 11 -12 -13 -14 -15
leaf_value=-3.4469406468828212e-05 -0.0004814459592239043 -0.001630608853458067 4.2453286654149665e-05 0.0014519446357700544 0.00058673627087919725 -0.0021483085897884197 -0.002420872966148136 0.00041577687622584164 8.1706987923471796e-05 0.0012859663809189547 0.0026538646040356897 -0.00050841050117289392 -0.00064460849956297103 -0.0011143328368414577
leaf_weight=27356 212 220 1227 1001 381 315 213 2257 20378 272 307 437 693 398
leaf_count=27356 212 220 1227 1001 381 315 213 2257 20378 272 307 437 693 398
internal_value=3.21283e-05 0.000113744 0.000575172 0.00111404 6.95447e-05 -0.00028648 -0.00011312 0.000234023 0.000130008 0.000834567 0.00150913 0.000179982 -0.00106221 -4.99549e-05
internal_weight=55667 27913 2440 1213 25473 3698 3383 2477 21775 1397 688 709 906 27754
internal_count=55667 27913 2440 1213 25473 3698 3383 2477 21775 1397 688 709 906 27754
is_linear=0
shrinkage=0.03


Tree=246
num_leaves=15
num_cat=0
split_feature=3 2 1 8 0 3 10 6 9 5 2 6 6 15
split_gain=0.361546 0.727394 0.861971 0.670646 0.655507 0.592394 0.683008 0.695392 0.545709 0.431648 0.299779 0.99899 0.944097 0.954506
threshold=-0.31330235126070477 -0.013828650504069005 0.04589755302818755 1.0930324357814263 -0.096145145098731219 -0.43743039546344681 -0.00031439857142857131 0.07541975150591794 -0.00010017999999999998 -0.25989403038294406 0.23091829280297907 0.064817791679335171 0.074205606998142673 0.82480818414322254
decision_type=8 8 10 10 2 10 2 10 2 10 8 8 8 10
left_child=1 2 3 4 -1 -6 -7 9 -5 -8 -2 -12 13 -13
right_child=10 -3 -4 8 5 6 7 -9 -10 -11 11 12 -14 -15
leaf_value=0.001700652995101403 -3.5783390116823427e-05 0.0016764988165098027 -0.0016671237502891515 0.00035219495924912502 -0.00070579112929637004 -0.00057583840859166881 -0.00050152794054010878 0.0025822274796816107 -0.0018557111788420053 0.0014041146651361486 -0.00062764426971556304 0.00026662870502821819 0.00025836690101602351 0.003033276911453991
leaf_weight=382 47946 325 211 201 382 268 200 223 202 230 1023 214 3524 236
leaf_count=382 47946 325 211 201 382 268 200 223 202 230 1023 214 3524 236
internal_value=4.29883e-06 0.000348028 0.000160228 0.000344889 0.000607828 0.000287445 0.000699406 0.00122278 -0.000754497 0.000517769 -1.27374e-05 0.000208388 0.000423603 0.00171758
internal_weight=55567 2624 2299 2088 1685 1303 921 653 403 430 52943 4997 3974 450
internal_count=55567 2624 2299 2088 1685 1303 921 653 403 430 52943 4997 3974 450
is_linear=0
shrinkage=0.03


Tree=247
num_leaves=15
num_cat=0
split_feature=21 4 0 8 12 1 1 16 22 7 9 23 7 15
split_gain=0.358312 0.898774 0.907993 0.462761 0.428721 0.962906 0.806645 0.75724 0.932973 0.836979 0.937677 0.855391 0.678674 0.900323
threshold=0.99166666666666681 0.90443500626209605 -0.0028038787933695737 0.85041177078593633 0.63484848484848488 -0.018867181970982413 0.0090508603339037891 0.81365740740740755 0.89827586206896559 0.12998426685746123 -0.0013839549999999999 0.9833333333333335 0.10671084557745596 0.95916666666666683
decision_type=2 10 2 8 2 8 10 8 2 8 2 10 10 10
left_child=4 2 3 -2 -1 -6 -7 8 -8 10 -9 -11 13 -12
right_child=1 -3 -4 -5 5 6 7 9 -10 11 12 -13 -14 -15
leaf_value=6.2065734101428947e-05 -1.7960347077180544e-05 0.0019200121983582402 0.00095840301489378719 -0.0018495177945122123 -0.00043817450824076035 0.00046259435729041338 -0.00013474734371066819 0.0022841425768162409 -0.0011614258529743893 -0.0013392625772687106 0.0005949113891769095 0.00071373389498959928 0.0017580591564183123 -0.00087665437146326416
leaf_weight=34293 277 307 510 225 5805 2944 7181 260 896 477 1267 296 276 531
leaf_count=34293 277 307 510 225 5805 2944 7181 260 896 477 1267 296 276 531
internal_value=9.6379e-06 0.00049819 6.68666e-05 -0.000838878 -2.24571e-06 -0.000112888 2.07678e-05 -9.55356e-05 -0.000248639 0.000302474 0.00058584 -0.000553122 0.000372938 0.000160317
internal_weight=55545 1319 1012 502 54226 19933 14128 11184 8077 3107 2334 773 2074 1798
internal_count=55545 1319 1012 502 54226 19933 14128 11184 8077 3107 2334 773 2074 1798
is_linear=0
shrinkage=0.03


Tree=248
num_leaves=15
num_cat=0
split_feature=1 11 23 22 20 19 4 1 2 6 6 7 24 7
split_gain=0.503445 0.446058 0.453303 0.699859 0.498573 0.483667 0.436562 0.431635 0.336779 0.322128 0.81803 0.749074 0.762434 0.856685
threshold=-0.25803038464905936 -0.53700991567737077 0.06458333333333334 0.70185185185185195 0.63245614035087727 0.70185185185185195 -0.42141950584750804 -0.014492637944889529 -0.015868351479731143 0.12176808847630298 0.11684705541774495 0.12543538474156959 -0.046731916713217754 0.19604907941981797
decision_type=8 8 8 2 10 10 10 10 10 10 10 10 2 10
left_child=6 7 3 4 8 -5 -1 -2 -3 10 -4 -11 -13 -14
right_child=1 2 9 5 -6 -7 -8 -9 -10 11 -12 12 13 -15
leaf_value=0.0019306101792689989 -0.00021437854105201749 0.00013292387217283248 -3.1387766801633877e-05 -0.00089521879561279562 0.0023935230702558973 0.00079797651039067812 0.00028048045695817171 -0.0019445978362916949 0.001635758717907548 0.00072006725464868182 -0.0014160599836776421 -0.0018524093157751185 -0.00052504193194960989 0.00094045532811728484
leaf_weight=214 345 375 49342 382 204 252 443 208 209 1639 387 214 896 599
leaf_count=214 345 375 49342 382 204 252 443 208 209 1639 387 214 896 599
internal_value=-7.57506e-06 -1.74272e-05 -8.82521e-06 0.000519772 0.00111675 -0.000222214 0.000817966 -0.000865166 0.000670753 -2.2987e-05 -4.21635e-05 0.000261849 -0.000177601 6.21372e-05
internal_weight=55709 55052 54499 1422 788 634 657 553 584 53077 49729 3348 1709 1495
internal_count=55709 55052 54499 1422 788 634 657 553 584 53077 49729 3348 1709 1495
is_linear=0
shrinkage=0.03


Tree=249
num_leaves=15
num_cat=0
split_feature=4 5 7 22 1 3 2 22 5 4 1 23 12 23
split_gain=0.554942 0.426958 0.417018 0.884598 0.877218 0.757302 0.799056 0.664028 0.888879 1.1355 0.997455 0.752682 0.695646 0.671999
threshold=0.021355926576117627 -0.45137802987654341 0.12998426685746123 0.097619047619047633 0.32067890448781072 0.15389676666579047 0.51796265660337648 0.12771739130434787 4.8589087560672501 1.7249522508722375 -0.17864579081082302 0.9833333333333335 0.070197044334975381 0.96609195402298864
decision_type=8 8 10 2 8 10 8 2 10 10 10 10 2 8
left_child=-1 -2 4 5 7 -4 -7 -3 9 10 -9 12 -12 -14
right_child=1 2 3 -5 -6 6 -8 8 -10 -11 11 -13 13 -15
leaf_value=-8.6531380012068351e-05 0.0012639499513154968 0.00058621957551763379 -0.0023896723835116901 4.4613518720408052e-05 0.0012842777648969387 0.00051196025039879946 -0.0018152313068509102 0.0018317613373707356 -0.0017888667375222048 0.0018648252980879975 -0.00071432844495854979 -0.0011679431552972797 5.5206016905884237e-05 0.00096824472647789482
leaf_weight=28037 282 2343 267 2772 584 324 225 278 233 314 1015 467 17978 756
leaf_count=28037 282 2343 267 2772 584 324 225 278 233 314 1015 467 17978 756
internal_value=7.67698e-06 0.000102559 9.06735e-05 -0.00021096 0.000135828 -0.00107916 -0.000441807 0.000107146 5.37994e-05 7.44329e-05 4.70012e-05 2.24581e-05 5.06073e-05 9.20512e-05
internal_weight=55875 27838 27556 3588 23968 816 549 23384 21041 20808 20494 20216 19749 18734
internal_count=55875 27838 27556 3588 23968 816 549 23384 21041 20808 20494 20216 19749 18734
is_linear=0
shrinkage=0.03


Tree=250
num_leaves=15
num_cat=0
split_feature=11 2 2 1 14 8 24 3 10 0 6 16 12 5
split_gain=0.45099 0.832551 0.577552 0.608011 0.729935 0.924473 0.503556 0.488905 0.390293 0.874882 1.14119 0.376279 1.0613 1.57809
threshold=1.2891877047245912 0.36581925099586771 0.72385018617470165 0.294704498510935 0.93218390804597717 2.3664408264748014 0.0083617786136662726 1.1956447804211576 -0.0055960871428571432 0.002720113945328229 0.12765971041764942 0.62284482758620696 0.95553359683794481 -0.24669939433888302
decision_type=10 10 10 10 10 8 2 10 2 2 10 10 2 8
left_child=2 -2 3 7 -5 -6 -3 8 9 10 -1 12 -10 -14
right_child=1 6 -4 4 5 -7 -8 -9 11 -11 -12 -13 13 -15
leaf_value=0.0012945887433754137 -0.0023302292423910522 0.00086522968555975666 -0.0010787136796807104 0.0019562294919061077 -0.0013498722664253232 0.0014890608592095839 -0.00080762580192337424 0.0012791303970405589 -7.781081829426365e-06 -0.0022314897771924733 -0.0015240391818884789 0.00012679802321963044 0.00071893716476073382 -0.0017473513291493556
leaf_weight=283 206 266 425 323 209 204 414 276 31795 225 238 19640 342 736
leaf_count=283 206 266 425 323 209 204 414 276 31795 225 238 19640 342 736
internal_value=1.20212e-05 -0.000659405 2.28974e-05 3.15242e-05 0.000887917 5.24095e-05 -0.000153244 1.97505e-05 1.32241e-05 -0.000668147 7.00055e-06 2.29037e-05 -3.91681e-05 -0.000964911
internal_weight=55582 886 54696 54271 736 413 680 53535 53259 746 521 52513 32873 1078
internal_count=55582 886 54696 54271 736 413 680 53535 53259 746 521 52513 32873 1078
is_linear=0
shrinkage=0.03


Tree=251
num_leaves=15
num_cat=0
split_feature=3 3 6 20 18 19 0 7 15 23 12 0 0 18
split_gain=0.571982 0.421711 0.709478 0.661415 0.745989 1.4381 0.709375 0.574472 0.470003 1.23576 0.749879 0.627908 0.673604 0.824672
threshold=-0.65212583381693812 0.76551418814698269 0.060220203918804949 0.70185185185185195 0.93218390804597717 0.96609195402298864 0.024355868251581651 0.38159622621209138 0.067816091954023008 0.70185185185185195 0.097619047619047633 -0.005873591239508146 -0.038656521541495507 0.53137254901960795
decision_type=8 8 8 8 10 10 2 10 10 8 2 2 2 10
left_child=-1 7 -3 -4 -5 6 -6 8 9 10 -2 12 -12 -14
right_child=1 2 3 4 5 -7 -8 -9 -10 -11 11 -13 13 -15
leaf_value=-0.0015698515614753382 0.0011051686494048579 -0.0021291289834736555 0.00074732313114669717 -0.0015582093830608431 -0.00019406992746960549 -0.0014112053581604124 0.0018257419592206789 0.0014114668917318339 9.9089729601624504e-06 -0.001750142118661327 -5.5277020816717734e-05 0.00015989520049527515 -0.00041820067768749025 -0.0026051633035699762
leaf_weight=216 389 201 454 466 315 452 311 256 49684 490 562 1232 317 304
leaf_count=216 389 201 454 466 315 452 311 256 49684 490 562 1232 317 304
internal_value=-2.90696e-05 -2.30658e-05 -0.00043019 -0.000259275 -0.000555257 -0.000121699 0.000809383 -6.24827e-06 -1.30989e-05 -0.000360131 -0.000117227 -0.000314126 -0.000807781 -0.00148879
internal_weight=55649 55433 2199 1998 1544 1078 626 53234 52978 3294 2804 2415 1183 621
internal_count=55649 55433 2199 1998 1544 1078 626 53234 52978 3294 2804 2415 1183 621
is_linear=0
shrinkage=0.03


Tree=252
num_leaves=15
num_cat=0
split_feature=11 1 21 21 17 8 1 1 2 21 22 7 10 19
split_gain=0.497848 1.34223 0.713433 0.627899 0.742214 0.636773 0.518632 0.623471 0.627752 0.489103 0.628469 1.08939 0.971294 0.761862
threshold=-0.28179613667116937 -0.28987558832872651 0.97500000000000009 0.99166666666666681 0.49137931034482768 0.79785798912726691 -0.046349934837794919 -0.031018271623354018 0.0065910555707284777 0.88397435897435905 0.61785714285714299 0.0995997833377638 0.00024570428571428585 0.7543103448275863
decision_type=8 10 2 2 10 8 10 10 10 2 2 8 2 10
left_child=1 -1 6 9 -5 -6 -3 -8 -9 -2 11 -11 13 -12
right_child=3 2 -4 4 5 -7 7 8 -10 10 12 -13 -14 -15
leaf_value=0.0025284304599522442 -7.9113455706541295e-06 -2.5933943919584514e-05 -0.0013848582062084103 -0.00048415785000936404 0.0023156429185608842 0.00052177174576844264 0.0022518579365657055 0.00010112562719372762 0.0015358576181885861 -0.00046880285863931496 0.0001787546892734923 -0.0030123290859524216 -0.0004939609637975937 0.0021981621718302059
leaf_weight=234 46454 2036 243 333 291 459 202 1063 370 616 724 201 2322 219
leaf_count=234 46454 2036 243 333 291 459 202 1063 370 616 724 201 2322 219
internal_value=5.14919e-06 0.000321352 0.000189401 -2.02603e-05 0.000694479 0.00121779 0.000293609 0.000691522 0.000471573 -3.55773e-05 -0.000350422 -0.00109457 -0.000164215 0.000647737
internal_weight=55767 4148 3914 51619 1083 750 3671 1635 1433 50536 4082 817 3265 943
internal_count=55767 4148 3914 51619 1083 750 3671 1635 1433 50536 4082 817 3265 943
is_linear=0
shrinkage=0.03


Tree=253
num_leaves=15
num_cat=0
split_feature=7 2 11 8 11 5 11 24 12 8 16 22 19 9
split_gain=0.593998 0.536217 0.976332 0.900954 1.45837 1.13054 0.928086 0.797559 0.744139 0.723414 0.821264 0.959648 0.941379 0.661174
threshold=0.069005680037244513 0.20532523284789397 1.1750872522637552 1.0600157642572265 0.29594239891571211 1.1792361804475853 0.14676464026948036 0.014728629346297822 0.63245614035087727 1.3591071857763588 0.86811594202898557 0.73508771929824568 0.93541666666666679 0.00031867500000000009
decision_type=8 8 10 10 8 8 10 2 2 10 8 2 10 2
left_child=-1 2 -2 5 6 8 -5 -7 -3 -6 11 -11 13 -12
right_child=1 3 -4 4 9 7 -8 -9 -10 10 12 -13 -14 -15
leaf_value=4.8176507733222742e-05 -0.00020528348174731509 -0.00031323655697755793 -0.002303998419256549 0.00087195072503475177 0.0013360520542937343 0.001893936122325249 0.0034574353334493931 -0.00069121276832447617 -0.0025697708337529732 -0.0001982823534781346 0.00023394124097574282 -0.002598530111808774 -0.00074863314127573098 0.0019373599602297796
leaf_weight=35403 16090 238 202 333 365 200 200 232 294 480 510 218 474 343
leaf_count=35403 16090 238 202 333 365 200 200 232 294 480 510 218 474 343
internal_value=-2.58652e-05 -0.000155768 -0.000231305 0.00016084 0.000423135 -0.000634478 0.00184211 0.000505615 -0.00156027 0.000106685 -0.000114905 -0.00094793 0.000323265 0.000918903
internal_weight=55582 20179 16292 3887 2923 964 533 432 532 2390 2025 698 1327 853
internal_count=55582 20179 16292 3887 2923 964 533 432 532 2390 2025 698 1327 853
is_linear=0
shrinkage=0.03


Tree=254
num_leaves=15
num_cat=0
split_feature=16 5 22 24 22 7 23 21 1 18 2 11 5 1
split_gain=0.404107 0.670592 0.736132 0.625558 0.621703 0.72648 0.65656 0.550692 0.788084 0.652489 0.586636 0.4398 0.436366 0.426179
threshold=0.085144927536231887 0.35091582890016687 0.73508771929824568 0.05826754695748295 0.60565476190476197 0.090790021398934134 0.03509852216748769 0.99166666666666681 0.023863625869750774 0.81101190476190488 -0.11766971889859572 -0.081925366286965493 -0.058619145037571256 -0.0069714716767677034
decision_type=10 8 2 2 2 10 10 2 10 10 10 10 10 10
left_child=1 3 11 4 13 6 -6 -2 10 -10 -9 -3 -8 -1
right_child=7 2 -4 -5 5 -7 12 8 9 -11 -12 -13 -14 -15
leaf_value=-0.00085641917542628003 -2.199475839446738e-05 0.00068380425651557743 -0.0022708907250666107 -0.0016458539060994026 -0.00098164014597190534 0.0015071914452636584 1.2034986127970193e-05 0.0012154886473402164 0.00043824695122562674 0.0026348300785860872 -0.00076490203526427406 -0.0012578800381624828 0.0017337900020546564 0.00018763224218780987
leaf_weight=883 50666 200 305 228 375 409 368 207 239 248 385 221 207 585
leaf_count=883 50666 200 305 228 375 409 368 207 239 248 385 221 207 585
internal_value=-2.95897e-05 -0.00032899 -0.00114856 -0.000134225 -1.23111e-05 0.000450073 -5.04384e-06 -7.7126e-06 0.000662927 0.00155684 -7.24343e-05 -0.000335465 0.000631867 -0.000440363
internal_weight=55526 3781 726 3055 2827 1359 950 51745 1079 487 592 421 575 1468
internal_count=55526 3781 726 3055 2827 1359 950 51745 1079 487 592 421 575 1468
is_linear=0
shrinkage=0.03


Tree=255
num_leaves=15
num_cat=0
split_feature=18 8 3 5 5 4 1 4 17 17 5 20 8 13
split_gain=0.492225 0.522934 0.942566 0.433404 0.36343 0.323989 0.364071 0.316031 0.47205 1.11293 0.836716 0.980792 0.582232 0.655913
threshold=0.10172413793103451 0.87099395350248077 0.032628130938522244 -0.8640040316337978 14.131497260548217 0.11133116785704823 -0.061504362928135596 -0.4099403920381538 0.79238505747126442 0.49137931034482768 -0.39223432172494549 0.36181818181818187 0.95558871720777006 0.49137931034482768
decision_type=10 10 10 8 10 8 10 10 10 8 10 10 10 10
left_child=1 2 5 -2 7 6 -1 8 9 10 12 -12 13 -5
right_child=3 -3 -4 4 -6 -7 -8 -9 -10 -11 11 -13 -14 -15
leaf_value=-0.0010347756570782106 -0.0014137473225799533 -9.8528583644557369e-05 0.0014703417404165842 -7.2616521043609297e-05 -0.0013113785302842791 0.0010737168066289834 0.00022498427659891108 -5.3948953223097168e-05 0.0013457452501043721 -0.0012083869335680652 0.00025231219249544664 0.0031209496374315832 -0.00088416669554107008 0.0015788566743193024
leaf_weight=230 208 2291 698 629 202 353 2018 46992 331 446 225 205 386 330
leaf_count=230 208 2291 698 629 202 353 2018 46992 331 446 225 205 386 330
internal_value=-1.73086e-05 0.000249662 0.000491464 -4.71835e-05 -4.14695e-05 0.000228774 9.60942e-05 -3.62919e-05 0.000288842 0.00013133 0.000467957 0.00161992 9.96718e-05 0.000495669
internal_weight=55544 5590 3299 49954 49746 2601 2248 49544 2552 2221 1775 430 1345 959
internal_count=55544 5590 3299 49954 49746 2601 2248 49544 2552 2221 1775 430 1345 959
is_linear=0
shrinkage=0.03


Tree=256
num_leaves=15
num_cat=0
split_feature=16 13 7 14 1 1 4 15 20 7 17 7 21 17
split_gain=0.393864 0.923741 0.913584 0.900715 0.699216 0.844204 0.504506 0.457882 0.822151 0.953475 0.517594 0.376269 0.616138 0.346172
threshold=0.9833333333333335 0.10172413793103451 0.057238118985513259 0.9833333333333335 0.12619788104092969 0.001423690666718658 1.7249522508722375 0.9833333333333335 0.94868421052631591 0.11941568381455965 0.79655172413793118 0.30483659033585753 0.89827586206896559 0.78759398496240618
decision_type=8 10 10 10 10 10 10 10 8 8 8 10 2 8
left_child=7 -2 -3 4 5 -4 -5 11 10 -10 -9 13 -13 -1
right_child=1 2 3 6 -6 -7 -8 8 9 -11 -12 12 -14 -15
leaf_value=1.3276630781828146e-05 0.0017891025268255685 0.0019740544118822603 -0.0012907379123551601 -0.0003509247693980094 -0.002100703417357192 0.0008787674833932019 0.001567447430021585 0.0012142881416257749 -0.0004859700425083495 -0.0030989412736753229 -0.00063794870262702031 0.002059554260340519 -0.0002292933362663131 -0.00017997381107894006
leaf_weight=41713 354 204 330 202 249 316 317 241 330 203 311 204 220 10428
leaf_count=41713 354 204 330 202 249 316 317 241 330 203 311 204 220 10428
internal_value=-1.54211e-05 0.000400971 9.72639e-05 -0.000173504 -0.000750087 -0.000229494 0.000820798 -3.07263e-05 -0.00064075 -0.00148115 0.000170727 -1.81348e-05 0.000871945 -2.53727e-05
internal_weight=55622 1972 1618 1414 895 646 519 53650 1085 533 552 52565 424 52141
internal_count=55622 1972 1618 1414 895 646 519 53650 1085 533 552 52565 424 52141
is_linear=0
shrinkage=0.03


Tree=257
num_leaves=15
num_cat=0
split_feature=10 10 7 1 10 3 23 2 4 3 17 7 11 17
split_gain=0.32882 0.669126 0.614414 0.800051 0.902019 0.697536 0.677557 0.737466 0.628504 0.850323 0.624914 0.668045 0.652455 0.605845
threshold=-0.00013505785714285721 -0.0001155292857142856 0.031399706798752099 -0.016749974170517375 -0.0008144907142857142 1.3712782709991047 0.44636015325670503 -0.034225640945549189 0.032414382599883391 0.16915975161094124 0.86811594202898557 0.0623401580361541 0.0019235287386211166 0.60357142857142865
decision_type=2 2 8 8 2 10 10 10 10 10 10 10 10 8
left_child=2 -2 -1 -4 5 10 7 -6 13 -10 11 -5 -13 -8
right_child=1 -3 3 4 6 -7 8 -9 9 -11 -12 12 -14 -15
leaf_value=-0.0010594617413608063 0.0012259065570045253 2.1448045455699875e-05 -0.0003830304014804122 0.001460916069191946 -0.00042249480915353864 -0.00097590471609091409 -0.00029592282227201914 0.0010613591660439518 0.00076203622249542736 -0.00097961686758257414 0.001525706050137122 0.0007011128373909741 -0.0010835472817058887 -0.0019858640373516183
leaf_weight=635 419 44752 4574 355 557 212 362 657 542 472 725 400 342 404
leaf_count=635 419 44752 4574 355 557 212 362 657 542 472 725 400 342 404
internal_value=-2.17089e-06 3.26204e-05 -0.000155688 -9.592e-05 0.000165266 0.000652774 -0.000165927 0.000380546 -0.000538634 -4.86741e-05 0.00084228 0.000390608 -0.000121466 -0.00118722
internal_weight=55408 45171 10237 9602 5028 2034 2994 1214 1780 1014 1822 1097 742 766
internal_count=55408 45171 10237 9602 5028 2034 2994 1214 1780 1014 1822 1097 742 766
is_linear=0
shrinkage=0.03


Tree=258
num_leaves=15
num_cat=0
split_feature=5 22 11 12 13 21 1 10 1 1 0 12 24 9
split_gain=0.348941 0.680834 0.8582 0.793295 1.63539 1.30649 1.20078 0.73247 0.639023 0.666695 0.637429 0.663067 0.873117 0.779471
threshold=0.56472863336983259 0.55086206896551737 -0.17743569309928811 0.53452380952380962 0.77525252525252542 0.83045977011494265 0.055936687374528511 0.0009954950000000001 0.14744063246807096 0.32067890448781072 -0.058753827714895006 0.10172413793103451 0.026267094337576763 8.3885000000000028e-05
decision_type=8 2 10 2 10 2 10 2 10 10 2 2 2 2
left_child=-1 10 -3 -4 5 -5 -6 -7 -8 -10 -2 12 -12 -13
right_child=1 2 3 4 6 7 8 -9 9 -11 11 13 -14 -15
leaf_value=3.8376724793030762e-05 0.0007234792784212604 -0.0021182267510114604 3.5184203009568778e-05 -0.0020302952908248426 0.0019406644693094675 0.00095510958736254401 -0.0012979570597143942 -0.0014065713875613688 0.0010317067010790139 -0.00097988233993165797 -0.0021084783035918201 -0.00045713725743109227 0.00031781728029687032 0.00030864870572349659
leaf_weight=42745 1103 244 2988 935 256 264 397 214 378 244 309 1843 235 3409
leaf_count=42745 1103 244 2988 935 256 264 397 214 378 244 309 1843 235 3409
internal_value=-2.79368e-06 -0.000140077 -0.000376096 -0.000301205 -0.000675137 -0.00137805 0.000103855 -0.000102212 -0.000357601 0.000242595 6.24503e-05 -6.3346e-05 -0.00106035 3.99237e-05
internal_weight=55564 12819 5920 5676 2688 1413 1275 478 1019 622 6899 5796 544 5252
internal_count=55564 12819 5920 5676 2688 1413 1275 478 1019 622 6899 5796 544 5252
is_linear=0
shrinkage=0.03


Tree=259
num_leaves=15
num_cat=0
split_feature=18 1 11 4 16 7 0 3 16 0 9 17 14 3
split_gain=0.527608 0.531118 0.688365 0.493481 0.508142 0.483605 0.656668 0.485654 0.434985 0.467232 0.519885 0.373722 0.35087 0.342517
threshold=0.070197044334975381 0.057209521500283585 0.026465700980983557 0.043364339000574022 0.76568627450980398 0.038985648818814528 0.00082959705772678316 0.045127770645362782 0.66091954022988519 -0.024826534284109799 0.00029623500000000011 0.38013136288998362 0.43095238095238103 -0.038752876765346493
decision_type=10 10 8 10 10 10 2 10 10 2 2 8 10 10
left_child=1 2 3 4 8 6 7 -4 9 -1 11 -11 -8 -13
right_child=-2 -3 5 -5 -6 -7 12 -9 -10 10 -12 13 -14 -15
leaf_value=-0.0010135437054990164 -2.1222562126185424e-05 -0.00095575008370721618 0.00083918172679235735 -0.001256546742017515 -0.00082046969138220745 0.0020234043104209141 0.00053676215734894332 -0.0011452111662438582 0.0015199091313860416 0.000811750889484756 0.0013078984089671829 0.00034821996840441393 0.0022089187964348844 -0.0012904927343550632
leaf_weight=219 51769 262 221 208 321 319 204 223 299 320 446 216 253 245
leaf_count=219 51769 262 221 208 321 319 204 223 299 320 446 216 253 245
internal_value=3.68669e-06 0.000347011 0.0004447 0.000136272 0.000276497 0.00101959 0.000664188 -0.000157484 0.000478289 0.000262906 0.000490732 2.40782e-05 0.00146249 -0.000522679
internal_weight=55525 3756 3494 2274 2066 1220 901 444 1745 1446 1227 781 457 461
internal_count=55525 3756 3494 2274 2066 1220 901 444 1745 1446 1227 781 457 461
is_linear=0
shrinkage=0.03


Tree=260
num_leaves=15
num_cat=0
split_feature=8 24 22 10 15 5 22 7 7 9 3 4 17 8
split_gain=0.410395 0.717077 0.835091 0.902027 0.763849 0.797125 0.815866 0.724437 1.19084 0.697566 0.834574 0.965023 0.695729 1.40618
threshold=0.71316654486295217 0.015170503479671823 0.87750000000000006 0.0010631250000000005 0.60357142857142865 0.026355187515886617 0.83045977011494265 0.084710877183666017 0.19604907941981797 0.00020518500000000001 1.0758361365422437 0.90443500626209605 0.90238095238095251 1.5859085198407861
decision_type=8 2 2 2 10 8 2 10 10 2 10 10 8 8
left_child=-1 2 4 -4 5 -2 -7 -3 -9 10 11 -6 -11 -14
right_child=1 7 3 -5 9 6 -8 8 -10 12 -12 -13 13 -15
leaf_value=0.00011317506548431496 -5.7362939304492406e-05 0.00022236134288259243 -0.00094876340720192868 0.00040053022734047198 -0.00018900888798052879 -0.00072512951344132985 0.0010364575485474329 -0.00054685478513203409 0.0016731037924764679 0.00020780204871911781 -0.0019389441331634214 0.0015643263178056861 0.00011415729796359862 0.0029083623912615274
leaf_weight=20410 5831 10945 2088 567 4180 3655 253 2317 240 4094 226 303 399 273
leaf_count=20410 5831 10945 2088 567 4180 3655 253 2317 240 4094 226 303 399 273
internal_value=6.05243e-06 -5.57602e-05 -0.000161897 -0.000660609 -9.29844e-05 -0.000279557 -0.000611086 0.000116148 -0.000338489 9.87869e-05 -0.000160176 -7.05033e-05 0.000354652 0.0012493
internal_weight=55781 35371 21869 2655 19214 9739 3908 13502 2557 9475 4709 4483 4766 672
internal_count=55781 35371 21869 2655 19214 9739 3908 13502 2557 9475 4709 4483 4766 672
is_linear=0
shrinkage=0.03


Tree=261
num_leaves=15
num_cat=0
split_feature=11 4 12 4 4 4 2 19 8 13 11 4 18 11
split_gain=0.411934 0.868754 1.28868 0.856038 1.07585 0.744592 1.29838 0.689928 0.681624 0.982839 0.949852 1.19028 1.17356 0.805209
threshold=0.70760316144411906 0.97887648721103226 0.87750000000000006 0.87268175898399036 0.70944281122819963 0.54134907070907867 -0.095058480963395683 0.69098143236074283 2.0995605340735293 0.93218390804597717 1.2891877047245912 1.4059905805384201 0.59629629629629644 0.99675641668780735
decision_type=10 8 2 10 10 10 8 10 10 10 10 10 10 10
left_child=1 3 -3 4 5 -1 -7 -8 9 10 11 -2 -13 -11
right_child=8 2 -4 -5 -6 6 7 -9 -10 13 -12 12 -14 -15
leaf_value=-1.9508949648766288e-05 -0.00098200990656406085 -0.00029748151662781745 -0.0023745993008995399 0.0011690800130968514 -0.0009003383523244682 0.0023207291666713327 0.00090978916478105722 -0.00033895045795545711 -0.00028519004740302123 0.00046581976055215898 -0.001399561866307631 -0.0006820385476331097 0.0019846868201097933 0.0029062666249753981
leaf_weight=47262 289 1490 328 553 1213 322 735 869 991 217 250 202 561 277
leaf_count=47262 289 1490 328 553 1213 322 735 869 991 217 250 202 561 277
internal_value=-9.05153e-06 -2.78241e-05 -0.000672231 -4.83219e-06 -1.77124e-05 4.05363e-06 0.000582254 0.000233259 0.000346409 0.000694914 0.000262631 0.000657639 0.00127869 0.00183425
internal_weight=55559 52772 1818 50954 50401 49188 1926 1604 2787 1796 1302 1052 763 494
internal_count=55559 52772 1818 50954 50401 49188 1926 1604 2787 1796 1302 1052 763 494
is_linear=0
shrinkage=0.03


Tree=262
num_leaves=15
num_cat=0
split_feature=1 11 5 5 5 8 17 11 10 9 5 2 6 15
split_gain=0.596969 0.749672 0.497271 0.48495 0.92897 0.520007 0.463485 0.413528 0.681289 0.570019 1.15645 0.443964 0.494735 0.521561
threshold=0.41879646010168542 1.2891877047245912 3.8777567974521618 3.8777567974521618 4.8589087560672501 0.079980053865662967 0.9833333333333335 -0.53700991567737077 -0.019821370000000001 -0.0032356799999999999 0.55224452942979774 0.72385018617470165 0.22944555735186575 0.9833333333333335
decision_type=10 10 10 10 10 8 10 8 2 2 10 10 10 10
left_child=1 3 -3 5 -5 -1 -6 -7 -9 10 -10 12 13 -11
right_child=-2 2 -4 4 6 7 -8 8 9 11 -12 -13 -14 -15
leaf_value=0.0013184503130508117 0.00089927659744962456 -4.3764375500910947e-05 -0.0018327836767225926 0.0019064107104218016 -0.00079916063963586612 -0.00084424536091426167 0.00078604988574776282 0.001534050278173869 0.00013235206583097654 4.6968564007276455e-06 -0.002253468436666752 -0.0013531691215678372 0.001413749922625299 -0.00069238153798032906
leaf_weight=262 652 239 337 347 333 544 331 255 450 50123 308 220 221 985
leaf_count=262 652 239 337 347 333 544 331 255 450 50123 308 220 221 985
internal_value=-3.15049e-06 -1.38571e-05 -0.00109046 -2.45333e-06 0.000648454 -1.47841e-05 -8.94274e-06 -2.13616e-05 -1.2845e-05 -2.03863e-05 -0.000837084 -8.37715e-06 -2.61327e-06 -8.73787e-06
internal_weight=55607 54955 576 54379 1011 53368 664 53106 52562 52307 758 51549 51329 51108
internal_count=55607 54955 576 54379 1011 53368 664 53106 52562 52307 758 51549 51329 51108
is_linear=0
shrinkage=0.03


Tree=263
num_leaves=15
num_cat=0
split_feature=20 12 1 23 15 11 6 21 21 5 12 7 6 0
split_gain=0.414313 1.09797 0.989845 0.895877 0.855217 0.955011 0.714054 0.637685 0.585808 0.631854 0.605608 0.566994 1.03937 0.806565
threshold=0.33908045977011497 0.63484848484848488 0.084269016674488842 0.45993589743589752 0.41522988505747133 0.82000949228330511 0.085591526218921049 0.7154761904761906 0.069047619047619066 1.1426078910292612 0.32071428571428579 0.12998426685746123 0.12176808847630298 0.12119368008774557
decision_type=10 2 8 10 10 8 8 2 2 10 2 10 10 2
left_child=1 2 4 -4 6 -6 8 -8 -1 -10 -11 12 -2 -14
right_child=11 -3 3 -5 5 -7 7 -9 9 10 -12 -13 13 -15
leaf_value=0.0012526657878386156 3.1517292454472887e-05 -0.00047015882773183271 -7.8495483417494619e-05 -0.0023145970678811164 -0.00041384858856466594 0.0013836684599129374 0.00043553451106926407 0.0021347581277053073 4.9250416534989597e-06 0.00014808383609374122 0.0019631387917845703 -0.00043345624933460573 0.00048395464995297472 0.0021794224419939001
leaf_weight=418 32831 5970 346 302 3638 287 522 321 6381 363 304 2150 1362 310
leaf_count=418 32831 5970 346 302 3638 287 522 321 6381 363 304 2150 1362 310
internal_value=-1.95605e-05 -0.000133847 2.20121e-05 -0.00112063 8.25345e-05 -0.000282412 0.000254928 0.00108257 0.000161477 9.67615e-05 0.000975335 3.92214e-05 6.86755e-05 0.000798306
internal_weight=55505 18852 12882 648 12234 3925 8309 843 7466 7048 667 36653 34503 1672
internal_count=55505 18852 12882 648 12234 3925 8309 843 7466 7048 667 36653 34503 1672
is_linear=0
shrinkage=0.03


Tree=264
num_leaves=15
num_cat=0
split_feature=2 0 4 7 7 11 24 4 0 24 11 4 17 4
split_gain=0.507617 0.356953 0.37488 0.904742 0.580633 1.14536 1.13217 0.929384 0.853762 0.514384 0.476298 0.940977 0.520522 0.453545
threshold=-0.50353529696884436 -0.18143800022349318 2.564627116290314 0.16065322896837655 0.15656469520147306 0.16885404075547197 0.0099072713201788769 1.2092156056983467 -0.033873672092815381 0.0064926792113712689 0.99675641668780735 1.6071992848305281 0.86811594202898557 1.3300066293541633
decision_type=10 2 10 10 10 8 2 10 2 2 10 10 8 10
left_child=-1 -2 4 -4 10 8 7 -7 -6 -5 11 -3 -12 -8
right_child=1 2 3 9 5 6 13 -9 -10 -11 12 -13 -14 -15
leaf_value=0.0012906440792491379 -0.00092700927117991708 1.791321317064717e-05 -0.00048812687249836628 0.0021874978640097666 0.0012863128380103477 -0.0035226452883181767 0.00079873786805754728 -0.0009536345541164337 -0.00044797726638921322 0.0004480091570508712 0.00012721408161820032 0.0015047139185601411 -0.0019142926577478646 -0.0011082120813584576
leaf_weight=278 367 51054 424 305 393 251 224 256 730 307 213 386 238 225
leaf_count=278 367 51054 424 305 393 251 224 256 730 307 213 386 238 225
internal_value=1.19127e-05 5.49285e-06 1.17145e-05 0.000576988 8.63598e-07 -0.000490739 -0.00125392 -0.00222547 0.000158947 0.00131491 2.05596e-05 2.907e-05 -0.000950122 -0.000156861
internal_weight=55651 55373 55006 1036 53970 2079 956 507 1123 612 51891 51440 451 449
internal_count=55651 55373 55006 1036 53970 2079 956 507 1123 612 51891 51440 451 449
is_linear=0
shrinkage=0.03


Tree=265
num_leaves=15
num_cat=0
split_feature=5 0 0 0 16 6 22 18 5 7 15 1 15 13
split_gain=0.291339 0.734378 0.562616 0.520773 0.353561 0.599894 0.470368 0.894874 1.0071 0.511032 0.507993 0.414997 0.406251 0.328802
threshold=-0.63973921836388492 -0.012651043794366821 -0.046995092809036181 0.042341443791802942 0.085144927536231887 0.11684705541774495 0.63484848484848488 0.66091954022988519 0.19000370305097283 0.095471912776937326 0.070197044334975381 0.012647293650501547 0.1731634182908546 0.67261904761904778
decision_type=8 2 2 2 8 8 2 10 8 8 10 10 10 10
left_child=1 2 -1 -3 5 6 9 8 11 10 -2 -8 -9 -12
right_child=4 3 -4 -5 -6 -7 7 12 -10 -11 13 -13 -14 -15
leaf_value=0.00045101293018256637 0.00079338895345424428 0.0021339325248171262 -0.0015030866967846112 0.00020988601141335835 3.4125497333835352e-05 -0.0017357500198594601 -0.000361750914010799 0.00047852276912842734 -0.0021725883670406392 -0.0018358770089521145 -0.00035439188098121855 0.0013121065449449095 0.0020505747465982237 -0.0016712404616983634
leaf_weight=386 299 302 202 218 51343 238 392 391 219 228 930 202 238 209
leaf_count=386 299 302 202 218 51343 238 392 391 219 228 930 202 238 209
internal_value=2.44102e-05 0.00050602 -0.000220293 0.00132731 1.46528e-05 -0.000284147 -0.000172989 0.000223704 -0.00043365 -0.000516345 -0.000307128 0.000207473 0.00107335 -0.000596026
internal_weight=55797 1108 588 520 54689 3346 3108 1442 813 1666 1438 594 629 1139
internal_count=55797 1108 588 520 54689 3346 3108 1442 813 1666 1438 594 629 1139
is_linear=0
shrinkage=0.03


Tree=266
num_leaves=15
num_cat=0
split_feature=12 14 1 8 13 23 24 23 23 15 22 5 24 5
split_gain=0.373003 0.983086 0.819227 0.751945 0.672193 0.687375 0.634174 0.624315 0.650937 0.642724 0.614156 0.571797 0.474129 0.480381
threshold=0.10435571687840291 0.59629629629629644 0.19228686547267762 1.5859085198407861 0.53137254901960795 0.96609195402298864 -0.024745209400107885 0.80384615384615399 0.93541666666666679 0.097619047619047633 0.83045977011494265 0.32584834083169284 -0.018557564187037041 0.11561266494658563
decision_type=2 10 8 10 10 10 2 8 8 10 2 8 2 8
left_child=1 3 4 7 5 12 -6 9 -9 10 -1 -8 -3 -14
right_child=-2 2 -4 -5 6 -7 11 8 -10 -11 -12 -13 13 -15
leaf_value=-9.3588671556281666e-05 4.4527630212857102e-05 0.0022276620887843068 0.0017575896892678708 -0.0021729743079085891 -0.0020326910653822401 -0.00080922131317065038 -0.0010212503199483586 -0.0019139620281014005 -2.4375050123834282e-05 -0.00047870463825118535 0.0019303276666588235 0.00064628723359354745 -0.00041035670019813218 0.0012744616679077202
leaf_weight=349 50111 204 286 240 202 255 349 439 262 1668 220 394 264 360
leaf_count=349 50111 204 286 240 202 255 349 439 262 1668 220 394 264 360
internal_value=1.88043e-05 -0.000215905 0.000254473 -0.000558401 4.24955e-05 0.00055269 -0.000542204 -0.00042651 -0.00120773 -0.000181703 0.000688945 -0.000136984 0.00097212 0.000561654
internal_weight=55603 5492 2314 3178 2028 1083 945 2938 701 2237 569 743 828 624
internal_count=55603 5492 2314 3178 2028 1083 945 2938 701 2237 569 743 828 624
is_linear=0
shrinkage=0.03


Tree=267
num_leaves=15
num_cat=0
split_feature=5 16 13 11 22 3 21 9 5 9 5 3 11 24
split_gain=0.338036 0.460294 0.914192 0.660734 1.03483 0.994348 0.901491 0.402599 0.465621 0.576352 0.430541 0.618227 0.669375 0.709383
threshold=14.131497260548217 0.9833333333333335 0.16333333333333336 0.82000949228330511 0.19139194139194141 0.89369762506252781 0.68166666666666675 -0.013465119999999999 5.492153930446686 0.00072498500000000015 2.9141127416389501 -0.045951493801381298 0.46583345407159488 0.012972878789680724
decision_type=10 8 10 8 2 10 2 2 10 2 10 10 10 2
left_child=1 7 -3 4 -4 -5 -6 -1 10 -10 -9 -12 -13 -14
right_child=-2 2 3 5 6 -7 -8 8 9 -11 11 12 13 -15
leaf_value=-0.0011297628951496849 -0.0011438655366214948 0.0017870374707334375 -0.0019816793652497372 0.0022395212962949946 0.0016170116666443192 -6.6977922134682163e-05 -0.0010105533546302466 1.4806528703389562e-05 -0.0021130192037898958 0.00013383791746924298 0.0018263311629080291 -0.0012342877212338471 0.0019793662339290404 -0.00024705265293289958
leaf_weight=276 222 389 265 269 246 449 225 51758 205 206 284 214 235 285
leaf_count=276 222 389 265 269 246 449 225 51758 205 206 284 214 235 285
internal_value=2.44393e-05 2.9129e-05 0.000495269 0.000149672 -0.000481976 0.000797156 0.000361805 1.306e-05 1.89903e-05 -0.000986857 2.68235e-05 0.000637801 0.000177934 0.000759117
internal_weight=55528 55306 1843 1454 736 718 471 53463 53187 411 52776 1018 734 520
internal_count=55528 55306 1843 1454 736 718 471 53463 53187 411 52776 1018 734 520
is_linear=0
shrinkage=0.03


Tree=268
num_leaves=15
num_cat=0
split_feature=7 2 12 5 0 0 2 11 5 9 13 13 5 16
split_gain=0.342793 0.458154 0.64505 0.641103 0.505957 0.601958 0.554886 0.520418 0.524909 0.753572 0.572887 0.58993 0.485947 0.443197
threshold=0.069005680037244513 -0.1833184128890499 0.22474747474747478 -0.058619145037571256 0.029469075256673086 0.14435663952729619 -0.091618947873922482 0.53370055458174526 -0.3650426798150877 0.00017632500000000002 0.9833333333333335 0.95346320346320357 0.49292615886906471 0.28285714285714292
decision_type=8 10 2 8 2 2 10 8 8 2 10 10 8 10
left_child=1 2 -1 -4 6 7 12 8 9 -6 11 -10 13 -3
right_child=-2 4 3 -5 5 -7 -8 -9 10 -11 -12 -13 -14 -15
leaf_value=0.0016073865722580473 -0.00010472298799095705 -4.9436822569022986e-05 -0.00017964552652241815 0.0014433776854096128 0.0022324055503704586 -0.0010722523273442356 2.6309383762167157e-05 0.0017763553390067546 0.00017273684925553202 -8.5126662048582065e-05 -0.0013320707938853753 0.0015651332656671001 0.00065150593223127842 -0.00071172090720110503
leaf_weight=390 20084 1494 925 287 280 296 22487 211 5575 230 216 288 396 2324
leaf_count=390 20084 1494 925 287 280 296 22487 211 5575 230 216 288 396 2324
internal_value=-5.72469e-06 5.0443e-05 0.000546166 0.000204684 2.69454e-05 0.000252108 -3.28932e-05 0.000309757 0.000262792 0.00118724 0.000185234 0.000241134 -0.000348814 -0.000452566
internal_weight=55483 35399 1602 1212 33797 7096 26701 6800 6589 510 6079 5863 4214 3818
internal_count=55483 35399 1602 1212 33797 7096 26701 6800 6589 510 6079 5863 4214 3818
is_linear=0
shrinkage=0.03


Tree=269
num_leaves=15
num_cat=0
split_feature=16 3 10 5 18 7 8 8 0 23 13 15 14 24
split_gain=0.358246 0.508358 0.989182 0.799129 0.658277 0.8097 0.890758 0.84793 1.0498 0.503404 0.762002 0.502177 0.889718 1.05227
threshold=0.085144927536231887 -0.24028246159536196 0.00028109928571428577 -0.74826575293864994 0.29814814814814822 0.076021090289940002 0.83045815332331274 0.43057989935337254 0.007723034930130491 0.12771739130434787 0.36181818181818187 0.20761494252873566 0.52086956521739147 0.017708472986501224
decision_type=8 10 2 10 10 10 10 10 2 10 10 10 10 2
left_child=-1 2 4 -3 -2 -6 7 -7 -9 -4 -11 12 -5 -14
right_child=1 3 9 11 5 6 -8 8 -10 10 -12 -13 13 -15
leaf_value=-0.00025977357644500418 -0.00084005669051201838 0.0018574356290807514 -4.1990400758787547e-05 -8.2758785986619915e-05 0.00083095568220544413 -0.00057704185724800742 -0.0014258671724274167 6.2247482773550305e-05 0.0026592038204294763 0.0028102812956028287 0.0007566733824911372 4.5130070567346878e-05 -0.0017402516756500357 0.0002548049603298795
leaf_weight=3754 534 211 203 5168 1390 577 381 374 224 292 367 41042 680 366
leaf_count=3754 534 211 203 5168 1390 577 381 374 224 292 367 41042 680 366
internal_value=2.32186e-05 4.37238e-05 0.000354433 1.53019e-05 0.000129072 0.000304739 -0.000165338 0.000243395 0.00103502 0.00126424 0.00166662 7.07674e-06 -0.000244257 -0.00104217
internal_weight=55563 51809 4342 47467 3480 2946 1556 1175 598 862 659 47256 6214 1046
internal_count=55563 51809 4342 47467 3480 2946 1556 1175 598 862 659 47256 6214 1046
is_linear=0
shrinkage=0.03


Tree=270
num_leaves=15
num_cat=0
split_feature=1 3 1 5 6 21 15 6 4 4 18 13 15 1
split_gain=0.436237 0.6816 0.430099 0.288773 0.762028 0.615646 0.402723 0.741158 1.04719 1.27436 1.38329 1.37392 0.87072 0.844745
threshold=0.41879646010168542 0.89369762506252781 0.36303508215263697 5.492153930446686 0.14491768821238762 0.54356060606060608 0.86285266457680254 0.094902312875398645 0.87268175898399036 1.2092156056983467 0.96609195402298864 0.66091954022988519 0.9833333333333335 -0.065273008220258819
decision_type=10 10 10 10 10 2 8 8 8 10 10 10 8 10
left_child=2 -2 3 6 5 -5 -1 13 -9 -10 11 -11 -12 -8
right_child=1 -3 -4 4 -6 -7 7 8 9 10 12 -13 -14 -15
leaf_value=-3.2896320170665098e-05 0.0018773452358241374 -6.7378535229516663e-05 -0.0013537401148492349 -0.001207484725358275 -0.0020798039137009429 0.00087468160624762674 0.0011923924079719568 -0.00086269477596759064 0.0020334812726538914 0.0002626259131311196 0.0023954509934848451 -0.0032277253873444398 -0.00020874661828080811 0.00021777757925853621
leaf_weight=45752 283 380 214 216 219 313 957 1226 312 203 202 203 270 4891
leaf_count=45752 283 380 214 216 219 313 957 1226 312 203 202 203 270 4891
internal_value=-2.2097e-06 0.000762722 -1.14343e-05 -6.189e-06 -0.000591602 2.44965e-05 1.91765e-06 0.000194658 -0.000247357 0.000386597 -0.000198628 -0.00148255 0.000905762 0.000377269
internal_weight=55641 663 54978 54764 748 529 54016 8264 2416 1190 878 406 472 5848
internal_count=55641 663 54978 54764 748 529 54016 8264 2416 1190 878 406 472 5848
is_linear=0
shrinkage=0.03


Tree=271
num_leaves=15
num_cat=0
split_feature=12 1 20 7 11 7 19 1 5 2 3 21 4 11
split_gain=0.324907 1.00016 0.875967 0.65869 0.70757 0.681179 0.606575 0.826241 0.963842 0.844666 0.806026 0.596374 0.490321 0.486843
threshold=0.10435571687840291 0.092183932458406517 0.73508771929824568 0.085306020669435434 -0.088614166928521462 0.079963889745306466 0.83666666666666678 -0.12259289142461859 -0.093357053130784504 0.11256168523069311 0.1397252612145389 0.78055555555555567 -0.34998579451500345 0.55282071810220457
decision_type=2 8 10 10 8 8 10 10 10 10 10 2 10 10
left_child=1 2 3 5 12 -1 7 -4 -9 -10 -8 -3 -5 -6
right_child=-2 11 6 4 13 -7 10 8 9 -11 -12 -13 -14 -15
leaf_value=-0.00021727170312574052 4.498613132226735e-05 0.0013652133043392848 0.001226048460940707 0.00045274286040857854 -0.0004903653543986326 -0.0019462068298598753 -0.0031922207282444174 0.00063715996992297819 -0.0024356019971380383 -0.0001240482434184979 -0.00086589033006435998 -0.00051481668147894649 0.0023164014479455848 0.0010971345595841579
leaf_weight=1410 50007 529 204 278 685 240 208 258 373 230 377 213 234 233
leaf_count=1410 50007 529 204 278 685 240 208 258 373 230 377 213 234 233
internal_value=2.09705e-05 -0.000198502 -0.000359142 -6.0328e-05 0.000410932 -0.000468753 -0.000916929 -0.000490619 -0.000897356 -0.00155391 -0.00169303 0.000825528 0.00130449 -8.74378e-05
internal_weight=55479 5472 4730 3080 1430 1650 1650 1065 861 603 585 742 512 918
internal_count=55479 5472 4730 3080 1430 1650 1650 1065 861 603 585 742 512 918
is_linear=0
shrinkage=0.03


Tree=272
num_leaves=15
num_cat=0
split_feature=3 13 5 0 8 0 18 9 5 10 18 1 8 5
split_gain=0.427622 0.804842 0.957577 1.33779 1.41966 0.843264 0.636158 0.529134 0.620052 0.447288 0.44116 1.39401 1.14453 0.943383
threshold=-0.049286421166059795 0.70185185185185195 0.15978161298358809 0.018997887841005204 0.50721627636980771 -0.019234718762213162 0.070197044334975381 0.0026353650000000006 2.9141127416389501 2.8087857142857153e-05 0.90238095238095251 -0.031868183702698331 0.63195909599908351 -0.084642481338989203
decision_type=10 10 8 2 10 2 8 2 10 2 8 8 10 10
left_child=1 7 6 4 -4 -6 -3 8 10 -5 -1 12 -12 -14
right_child=-2 2 3 9 5 -7 -8 -9 -10 -11 11 -13 13 -15
leaf_value=-6.1652084195671673e-05 5.7253456409844538e-05 -0.0015202298679288463 0.00018776691020679542 -0.0011670692255428153 -0.0017098108380142214 -0.0039978416155917141 -3.9502008537238505e-05 -0.0014395316251725469 0.0013337009080591938 0.00049535991641459992 0.0026454041969330338 -0.0016138242432265544 0.0015056441759224981 -0.001284142584633082
leaf_weight=15982 33505 287 213 223 347 249 2897 233 308 420 298 200 240 200
leaf_count=15982 33505 287 213 223 347 249 2897 233 308 420 298 200 240 200
internal_value=-1.03109e-05 -0.000112757 -0.000464133 -0.0011026 -0.00191443 -0.00266572 -0.000172972 -1.94641e-05 -2.58419e-07 -8.11902e-05 -2.45409e-05 0.000607774 0.00120983 0.000237559
internal_weight=55602 22097 4636 1452 809 596 3184 17461 17228 643 16920 938 738 440
internal_count=55602 22097 4636 1452 809 596 3184 17461 17228 643 16920 938 738 440
is_linear=0
shrinkage=0.03


Tree=273
num_leaves=15
num_cat=0
split_feature=10 4 0 19 13 10 10 6 8 10 24 10 1 12
split_gain=0.291883 0.578715 0.352544 0.280485 0.498901 2.34177 1.14795 1.14042 1.34387 1.10944 0.999195 0.941908 0.817711 0.723698
threshold=0.0036443392857142863 0.25444704517427158 -0.029425761523107382 0.91833333333333345 0.16954022988505749 3.2111428571428676e-05 -0.0011623321428571429 0.053876637511054794 0.77226780385025307 9.7726428571428541e-05 -0.03386568026648832 -0.00016906928571428569 -0.14593098805135038 0.63245614035087727
decision_type=2 8 2 10 10 2 2 10 10 2 2 2 10 2
left_child=3 -2 -3 -1 5 6 12 -7 -9 10 -6 13 -5 -12
right_child=1 2 -4 4 9 7 -8 8 -10 -11 11 -13 -14 -15
leaf_value=2.6622465167046683e-05 0.0019562078176247996 0.0011256752513772068 -0.00041709910637054029 -0.0013419779745945291 -0.0016864616684952639 -0.00066824237060092103 -0.0022215494471076393 0.002833286461450266 0.00028882431727408133 -0.00086037587847010539 -0.00079842419941635533 0.0019632988377877624 0.0012800640497137039 0.00086339671969010558
leaf_weight=49294 205 202 392 201 212 231 372 434 328 2054 453 314 229 492
leaf_count=49294 205 202 392 201 212 231 372 434 328 2054 453 314 229 492
internal_value=1.26156e-05 0.00058186 0.000107548 4.28762e-06 -0.000202662 0.000204455 -0.00100127 0.00117826 0.00173803 -0.000409975 0.000218933 0.000539778 5.44118e-05 6.67778e-05
internal_weight=55413 799 594 54614 5320 1795 802 993 762 3525 1471 1259 430 945
internal_count=55413 799 594 54614 5320 1795 802 993 762 3525 1471 1259 430 945
is_linear=0
shrinkage=0.03


Tree=274
num_leaves=15
num_cat=0
split_feature=11 1 3 6 2 0 22 5 1 21 13 5 3 24
split_gain=0.584455 0.735512 0.616582 0.623852 0.684627 0.744011 0.707494 0.679146 0.525654 0.942752 0.725863 0.494398 0.846954 0.876654
threshold=-0.28179613667116937 -0.28987558832872651 0.76551418814698269 0.12476546692850922 -0.16226360281573174 -0.096145145098731219 0.65707236842105277 0.69860750349517842 -0.28987558832872651 0.97500000000000009 0.86515151515151534 8.4996668019455317 1.1956447804211576 0.044670911414282047
decision_type=8 8 10 10 10 2 2 8 10 2 10 8 10 2
left_child=8 -2 3 -3 -5 -6 7 -7 -1 10 -10 12 -4 -14
right_child=1 2 11 4 5 6 -8 -9 9 -11 -12 -13 13 -15
leaf_value=0.0017330359554008901 -0.0017929069710468561 -3.688840447064133e-05 -0.00096674556068426884 -0.00074802740213621133 0.0025317072760721203 -0.0010001977573999244 0.0014571747128408175 0.00088082544837346174 0.0002210287247974073 -0.0015643797834679759 0.0016118544823002497 -0.0018334119205838622 0.00082544992856808475 -0.0014319649319956772
leaf_weight=226 216 47325 1015 297 200 345 463 346 3241 243 377 236 674 201
leaf_count=226 216 47325 1015 297 200 345 463 346 3241 243 377 236 674 201
internal_value=-1.84879e-05 -4.59852e-05 -3.86012e-05 -1.68898e-05 0.000556358 0.000842475 0.000549713 -5.83251e-05 0.000326779 0.000244465 0.000365954 -0.00053876 -0.0003771 0.000306889
internal_weight=55405 51318 51102 48976 1651 1354 1154 691 4087 3861 3618 2126 1890 875
internal_count=55405 51318 51102 48976 1651 1354 1154 691 4087 3861 3618 2126 1890 875
is_linear=0
shrinkage=0.03


Tree=275
num_leaves=15
num_cat=0
split_feature=7 10 4 1 11 4 11 0 1 10 3 6 3 4
split_gain=0.417572 0.588629 0.465478 0.499642 0.784366 0.693891 0.743213 0.695599 0.496371 0.859379 0.697761 0.806629 0.903443 1.40688
threshold=0.15656469520147306 0.0020929571428571435 2.9629961752734908 0.32067890448781072 0.70760316144411906 1.7249522508722375 0.87087827373714433 0.002720113945328229 0.073393861389905016 -0.0006992371428571428 0.20465985586566174 0.039855112434941366 -1.0000000180025095e-35 0.4170785685268073
decision_type=10 2 10 10 10 10 10 2 8 2 10 10 8 10
left_child=2 -2 3 5 -5 6 8 -7 -1 -10 11 -11 -13 -14
right_child=1 -3 -4 4 -6 7 -8 -9 9 10 -12 12 13 -15
leaf_value=5.2983329198308869e-05 -0.00019456315650467947 -0.0015266691232032564 -0.0013445887532023855 0.0018034938609368411 -0.00023189780731225511 0.0020407912208892333 -0.0015665231565362772 -5.172886151270379e-07 0.00086236763194833606 -0.00078833941950673565 -0.00067764843367031514 -0.00034397420235324493 0.0010062457339694421 -0.00094722274973118702
leaf_weight=42451 2678 336 224 357 326 303 270 298 631 1110 2695 1850 1526 424
leaf_count=42451 2678 336 224 357 326 303 270 298 631 1110 2695 1850 1526 424
internal_value=3.22471e-07 -0.000343066 2.00494e-05 2.59007e-05 0.000831989 1.52223e-05 3.26991e-06 0.00102863 1.16319e-05 -0.000201507 -0.000289778 -7.6884e-05 0.000130936 0.000581492
internal_weight=55479 3014 52465 52241 683 51558 50957 601 50687 8236 7605 4910 3800 1950
internal_count=55479 3014 52465 52241 683 51558 50957 601 50687 8236 7605 4910 3800 1950
is_linear=0
shrinkage=0.03


Tree=276
num_leaves=15
num_cat=0
split_feature=4 4 4 19 7 2 2 24 19 2 23 21 21 6
split_gain=0.446472 1.1418 1.5582 1.11245 1.05262 0.898618 0.837418 0.828679 0.968042 0.802824 0.75562 0.722194 0.716412 0.6474
threshold=0.70944281122819963 0.87268175898399036 0.94155990499420583 0.93541666666666679 0.063920869023622942 -0.013828650504069005 0.059460773956006137 0.025011684102786376 0.76568627450980398 0.41516562194170364 0.9833333333333335 0.48304597701149432 0.68857758620689669 0.12765971041764942
decision_type=8 8 8 10 10 8 10 2 10 10 10 2 2 10
left_child=3 5 11 -1 -4 -2 -6 8 -8 13 -9 -3 -5 -10
right_child=1 2 4 12 6 -7 7 10 9 -11 -12 -13 -14 -15
leaf_value=2.0301982248639812e-06 0.00017691725890141573 0.00037561086088638097 -0.0019681214637549079 0.0011965784379697716 -0.00060057672057942763 -0.0015300740693519714 0.0021665841797144994 -0.00092677669564200703 0.00042659674696973249 -0.00038779076367954825 0.0009285677100593615 0.0028177042896650397 5.2271628632625096e-05 0.0024810355021070468
leaf_weight=47385 396 204 282 1182 1677 928 315 729 427 694 271 234 844 204
leaf_count=47385 396 204 282 1182 1677 928 315 729 427 694 271 234 844 204
internal_value=1.00895e-06 -0.000235561 -2.94924e-05 3.14641e-05 -0.000192329 -0.00101952 -7.63285e-05 0.000256688 0.000671729 0.000316348 -0.000423978 0.00168029 0.000719878 0.00109079
internal_weight=55772 6361 5037 49411 4599 1324 4317 2640 1640 1325 1000 438 2026 631
internal_count=55772 6361 5037 49411 4599 1324 4317 2640 1640 1325 1000 438 2026 631
is_linear=0
shrinkage=0.03


Tree=277
num_leaves=15
num_cat=0
split_feature=16 8 4 6 0 23 20 8 11 4 8 6 24 10
split_gain=0.416633 0.573791 1.22811 0.71439 0.671837 0.507128 0.439798 0.589823 0.345408 0.583522 0.496587 0.423633 0.362624 0.434641
threshold=0.085144927536231887 0.86686101430585027 -0.16700071099466021 0.063052603334957505 -0.0075326065941276879 0.43405797101449278 0.06458333333333334 0.27584465669942443 -0.25980865348707066 -0.4099403920381538 0.5607096282287084 0.043145503260938196 0.024247100629975881 0.00030354714285714304
decision_type=10 10 10 10 2 8 10 10 10 10 10 10 2 2
left_child=1 5 3 -3 -4 6 -1 -8 9 -9 11 -10 13 -12
right_child=-2 2 4 -5 -6 -7 7 8 10 -11 12 -13 -14 -15
leaf_value=0.00060949496844998343 2.2754111037593023e-05 -0.0001538792777786232 -0.002187467239822348 0.0019186963551881121 8.0969931873222512e-05 -0.0019282847259048407 -0.0020768819505404814 -0.0003518932664509616 -0.00014686203397202405 -0.0021671594221707338 -0.00029048704402261723 0.0017115423082129735 0.00048514662190166666 -0.002061230619007762
leaf_weight=325 51616 241 203 395 279 218 212 514 242 231 314 203 209 207
leaf_count=325 51616 241 203 395 279 218 212 514 242 231 314 203 209 207
internal_value=4.53995e-07 -0.000303011 0.000267741 0.00113333 -0.000874409 -0.000541554 -0.000418514 -0.000575223 -0.000409415 -0.000914748 -8.90124e-05 0.000700904 -0.000570537 -0.000994026
internal_weight=55409 3793 1118 636 482 2675 2457 2132 1920 745 1175 445 730 521
internal_count=55409 3793 1118 636 482 2675 2457 2132 1920 745 1175 445 730 521
is_linear=0
shrinkage=0.03


Tree=278
num_leaves=15
num_cat=0
split_feature=17 1 1 0 21 7 12 22 11 16 10 10 5 2
split_gain=0.400503 0.668191 0.522144 0.555196 0.527157 0.630728 0.700778 0.595918 0.508209 0.828581 0.570325 0.78025 0.550206 0.579679
threshold=0.46547619047619054 -0.25803038464905936 -0.10491472949363949 0.14435663952729619 0.91485507246376818 0.078719253285294624 0.10435571687840291 0.20344827586206901 0.30256866635266183 0.59629629629629644 0.0015665907142857144 0.0018916757142857146 -0.7019894298287731 -0.26300394892958889
decision_type=10 8 10 2 2 10 2 2 8 10 2 2 8 10
left_child=1 -1 4 8 5 6 -3 -8 10 -10 12 -12 -4 -14
right_child=-2 2 3 -5 -6 -7 7 -9 9 -11 11 -13 13 -15
leaf_value=0.0015744621234997692 -7.1994282851903861e-05 -0.0021412432413004958 0.0013292750484657316 -0.0011000475611072035 -0.0016725906773535071 0.00060821266247270008 -0.0016194120746100161 1.6286648483031864e-05 0.00016860152725033808 0.0020844438179104495 -0.0019389751988539332 -3.8010815917957753e-05 0.0015514611046611596 0.00010300886029423574
leaf_weight=270 31299 207 346 330 241 630 243 1145 579 313 281 630 252 18814
leaf_count=270 31299 207 346 330 241 630 243 1145 579 313 281 630 252 18814
internal_value=-1.06384e-06 9.03678e-05 7.36794e-05 0.000121009 -0.000339832 -0.000195475 -0.000512919 -0.000270078 0.000140003 0.000840865 0.000109241 -0.000624368 0.000143669 0.000122153
internal_weight=55580 24281 24011 21545 2466 2225 1595 1388 21215 892 20323 911 19412 19066
internal_count=55580 24281 24011 21545 2466 2225 1595 1388 21215 892 20323 911 19412 19066
is_linear=0
shrinkage=0.03


Tree=279
num_leaves=15
num_cat=0
split_feature=8 8 19 0 21 20 24 14 4 16 6 20 11 21
split_gain=0.494125 0.57304 0.390599 0.846439 0.841362 0.780976 0.71934 0.524632 0.885729 0.504887 0.889015 1.1341 1.0141 0.361371
threshold=0.079980053865662967 0.13693656537581775 0.9833333333333335 0.030161184903708008 0.68857758620689669 0.18898809523809526 0.030650183127288289 0.86811594202898557 0.52669971117432512 0.9833333333333335 0.04677352075413635 0.47213622291021679 0.82000949228330511 0.53137254901960795
decision_type=8 8 10 2 2 10 2 10 10 8 8 10 8 2
left_child=-1 -2 9 4 7 -6 -5 8 -4 -3 -11 -12 -13 -14
right_child=1 2 3 6 5 -7 -8 -9 -10 10 11 12 13 -15
leaf_value=0.0012625969140489975 -0.0011043692683531808 4.8549072603476312e-06 0.0013303676059717706 -0.0026127745519091642 0.00026446863898983459 -0.0021473685649698562 -0.00033465766915000014 0.0019351132779847832 -0.0011045569588631306 0.002391333061885356 -0.0013534064932495893 -0.00037228690719007376 0.0010180454404263568 0.0026793697448310389
leaf_weight=279 422 51662 274 251 233 251 248 200 264 209 291 367 279 204
leaf_count=279 422 51662 274 251 233 251 248 200 264 209 291 367 279 204
internal_value=3.26063e-06 -3.10969e-06 5.38119e-06 -0.000439413 -1.42618e-05 -0.000986298 -0.00148056 0.000623225 0.000135535 1.98211e-05 0.000592551 0.000263064 0.000816467 0.00171972
internal_weight=55434 55155 54733 1721 1222 484 499 738 538 53012 1350 1141 850 483
internal_count=55434 55155 54733 1721 1222 484 499 738 538 53012 1350 1141 850 483
is_linear=0
shrinkage=0.03


Tree=280
num_leaves=15
num_cat=0
split_feature=21 4 0 0 7 22 8 5 10 5 6 23 5 22
split_gain=0.583463 0.851512 0.808414 0.522652 0.439642 0.416747 0.786797 0.648351 0.646278 0.727063 0.779345 0.817763 0.864603 0.76317
threshold=0.99166666666666681 0.87268175898399036 -0.0028038787933695737 -0.031972536601871486 0.081157529130211653 0.36754385964912284 4.3680524606586149 -0.59789997185703225 -0.00020644357142857137 0.6322319059405026 0.048755769381114082 0.87750000000000006 3.1682401427925759 0.58477011494252884
decision_type=2 10 2 2 10 2 10 10 2 8 10 8 8 2
left_child=5 2 3 -2 -4 6 7 -1 -7 -10 13 -12 -13 -11
right_child=1 -3 4 -5 -6 8 -8 -9 9 10 11 12 -14 -15
leaf_value=0.0010953313044339429 9.9060776485731036e-05 0.001988679766801451 0.0017360728561987414 -0.0018679951952537521 -2.8085661794526785e-05 -0.0010399930221070893 -0.0016572504743485701 5.2591215935025718e-05 -2.4542267667957829e-05 3.6377366556500493e-05 8.3148333855946372e-05 -0.0011639501214039509 0.00023767683052614152 -0.0014649962481013028
leaf_weight=552 310 302 307 200 217 661 237 19313 27094 442 3224 1231 584 981
leaf_count=552 310 302 307 200 217 661 237 19313 27094 442 3224 1231 584 981
internal_value=-3.21138e-05 0.000587254 0.00017794 -0.000672334 0.0010055 -4.73475e-05 6.1066e-05 8.15664e-05 -0.000111039 -9.27399e-05 -0.00037868 -0.000203602 -0.000712958 -0.000998653
internal_weight=55655 1336 1034 510 524 54319 20102 19865 34217 33556 6462 5039 1815 1423
internal_count=55655 1336 1034 510 524 54319 20102 19865 34217 33556 6462 5039 1815 1423
is_linear=0
shrinkage=0.03


Tree=281
num_leaves=15
num_cat=0
split_feature=22 0 6 2 2 0 17 21 12 7 2 5 4 19
split_gain=0.330082 0.677743 0.772928 0.747213 1.33529 0.618987 1.10118 0.655005 0.561555 0.557889 0.550084 0.503345 0.634319 0.510222
threshold=0.43405797101449278 0.10074254162367526 0.21431208850416775 0.63740410401381387 0.27439460681209865 0.057596103086980606 0.9833333333333335 0.36181818181818187 0.89827586206896559 0.19604907941981797 0.10246779740116242 0.60341691913055506 0.81318623368180876 0.68857758620689669
decision_type=2 2 10 8 10 2 8 2 2 10 10 8 10 8
left_child=1 2 5 4 8 6 -1 -8 -3 -4 -10 12 -2 -13
right_child=11 3 9 -5 -6 -7 7 -9 10 -11 -12 13 -14 -15
leaf_value=7.0874075705802033e-05 1.1033349922500178e-05 0.001523907830705866 -0.0021199583726660516 -0.00078651418482732704 0.0026550315789160769 -0.00049160173211336129 0.00065259600578560439 0.0025969924614457044 0.00070059292484074825 -0.00014815959789706183 -0.001182569222901726 4.5894556850745966e-05 -0.0014002100170553854 -0.00050183503799458953
leaf_weight=19682 24788 270 251 245 329 1646 498 227 313 266 252 2423 290 4156
leaf_count=19682 24788 270 251 245 329 1646 498 227 313 266 252 2423 290 4156
internal_value=-2.96014e-06 8.1e-05 4.11501e-05 0.000719335 0.00103629 6.80305e-05 0.00011317 0.00126139 0.000398483 -0.00110545 -0.000139331 -6.65568e-05 -5.28616e-06 -0.00030011
internal_weight=55636 23979 22570 1409 1164 22053 20407 725 835 517 565 31657 25078 6579
internal_count=55636 23979 22570 1409 1164 22053 20407 725 835 517 565 31657 25078 6579
is_linear=0
shrinkage=0.03


Tree=282
num_leaves=15
num_cat=0
split_feature=9 10 19 9 1 19 15 2 1 10 16 23 19 1
split_gain=0.358787 0.449519 0.690892 0.452991 0.323085 0.603454 0.351383 1.26462 1.08837 1.35502 1.20416 0.988246 1.05766 0.831787
threshold=0.0061650700000000008 0.0022109849999999999 0.69098143236074283 0.0014299050000000002 0.41879646010168542 0.89827586206896559 0.95916666666666683 0.57093402529140325 0.14744063246807096 -0.00089092142857142848 0.95553359683794481 0.96609195402298864 0.79057017543859665 0.027266878762331474
decision_type=2 2 10 2 8 10 10 10 10 2 10 8 10 10
left_child=1 4 -3 -4 6 -6 7 -1 11 -10 -11 12 13 -8
right_child=-2 2 3 -5 5 -7 8 -9 9 10 -12 -13 -14 -15
leaf_value=3.6393652297936113e-05 0.0011006946175239007 7.3607167740668728e-05 9.2691656195196173e-05 -0.001558017549407791 0.0018548605925298761 -5.8356715748979618e-05 0.001281756517055328 0.0021421883742292519 0.0008007669769051186 -0.00083471720077145026 -0.0036762143975480441 0.0005605264584559081 -0.0015977534615368323 -0.001174543332116389
leaf_weight=49666 278 989 203 569 250 365 312 258 206 313 235 1376 534 206
leaf_count=49666 278 989 203 569 250 365 312 258 206 313 235 1376 534 206
internal_value=2.56374e-05 2.02506e-05 -0.00045139 -0.00112396 3.57112e-05 0.000719374 2.7794e-05 4.72761e-05 -0.00027787 -0.0012735 -0.00205324 3.13164e-05 -0.000660882 0.000304927
internal_weight=55760 55482 1761 772 53721 615 53106 49924 3182 754 548 2428 1052 518
internal_count=55760 55482 1761 772 53721 615 53106 49924 3182 754 548 2428 1052 518
is_linear=0
shrinkage=0.03


Tree=283
num_leaves=15
num_cat=0
split_feature=8 1 4 18 8 19 9 24 6 8 2 19 4 12
split_gain=0.37642 0.469927 0.875706 0.739658 0.527024 1.00129 0.469664 0.663902 0.468954 0.466756 0.527205 0.618025 0.392603 0.489363
threshold=5.5091355376228206 0.294704498510935 0.3881635752052281 0.9833333333333335 2.0995605340735293 0.94590643274853814 -3.5124999999999993e-05 0.022933026217444856 0.10509668242856009 2.2891594709015415 0.36581925099586771 0.47213622291021679 0.97887648721103226 0.95553359683794481
decision_type=10 10 10 10 10 8 2 2 10 10 10 10 10 2
left_child=1 4 -3 12 -1 6 8 9 -6 -8 11 -11 -4 -14
right_child=-2 2 3 -5 5 -7 7 -9 -10 10 -12 -13 13 -15
leaf_value=1.447061898336938e-06 -0.0012636345069595547 0.0019977292021021546 0.0006424654486529189 0.0015491726949157846 -0.0018592342198639942 -0.0022515793431736528 -0.00062340593807069431 -0.00087754609237559338 2.5126538488073545e-05 0.00021151879726423193 -0.00044949706252007889 0.002151732053431981 -0.0019925053835440978 8.0772051101189054e-05
leaf_weight=51679 215 297 201 231 281 250 288 527 206 276 227 318 209 201
leaf_count=51679 215 297 201 231 281 250 288 527 206 276 227 318 209 201
internal_value=-1.07994e-05 -5.91895e-06 0.000597122 0.000103083 -1.86264e-05 -0.000455785 -0.000244316 -8.6403e-07 -0.00106215 0.000415738 0.000780261 0.00125022 -0.000443638 -0.000976094
internal_weight=55406 55191 1139 842 54052 2373 2123 1636 487 1109 821 594 611 410
internal_count=55406 55191 1139 842 54052 2373 2123 1636 487 1109 821 594 611 410
is_linear=0
shrinkage=0.03


Tree=284
num_leaves=15
num_cat=0
split_feature=8 16 21 17 3 6 15 18 24 4 18 9 13 6
split_gain=0.284036 0.575573 0.586207 1.1919 0.633658 0.634667 0.880594 0.519362 0.830333 0.617056 0.506504 0.956762 0.777378 0.879946
threshold=0.82230760435172501 0.097619047619047633 0.93541666666666679 0.96490147783251246 -0.21634881221235355 0.058391497018713677 0.56594202898550738 0.95916666666666683 -0.012678084102518243 -0.50232845506745594 0.90238095238095251 -0.0041009049999999993 0.03509852216748769 0.17616446905386554
decision_type=10 10 2 10 10 10 10 10 2 10 10 2 10 10
left_child=1 -1 7 4 -4 6 -6 9 -9 -3 11 -2 13 -12
right_child=10 2 3 -5 5 -7 -8 8 -10 -11 12 -13 -14 -15
leaf_value=-0.00036734485925273914 -0.0021515917574203964 0.0016523736879217291 0.0018096258779613499 0.0028674100055795858 -0.00039803443791481966 -0.0012561469417747878 0.0020413486004460515 0.00072448655692995451 -0.0016370215829374501 8.3828232944310797e-05 0.00046465265398602118 -0.00010330771981337812 0.00039761804998443605 -0.0020920699095586313
leaf_weight=2499 207 228 210 200 350 262 215 207 380 22588 230 24166 3532 256
leaf_count=2499 207 228 210 200 350 262 215 207 380 22588 230 24166 3532 256
internal_value=-2.91909e-06 6.64774e-05 0.000110476 0.000746945 0.000337983 -3.57105e-05 0.000530226 7.68343e-05 -0.000804258 9.95027e-05 -6.92553e-05 -0.000120704 0.000242829 -0.000882098
internal_weight=55530 27139 24640 1237 1037 827 565 23403 587 22816 28391 24373 4018 486
internal_count=55530 27139 24640 1237 1037 827 565 23403 587 22816 28391 24373 4018 486
is_linear=0
shrinkage=0.03


Tree=285
num_leaves=15
num_cat=0
split_feature=11 2 5 1 9 9 9 5 24 13 20 3 16 16
split_gain=0.455404 0.95805 0.941004 0.735429 0.689254 0.44052 0.620518 0.586979 0.877876 0.73814 1.08053 0.580448 0.665879 0.97757
threshold=1.4524763660232853 -0.1244444201935737 0.88198770095997625 0.057209521500283585 0.00016100000000000004 0.0061650700000000008 0.0026353650000000006 2.9141127416389501 -0.024745209400107885 0.93218390804597717 0.66091954022988519 -0.045951493801381298 0.71714285714285719 0.43405797101449278
decision_type=8 8 10 8 2 2 2 10 2 10 10 10 10 10
left_child=5 -2 4 -4 -3 6 7 -1 -9 10 -10 -8 13 -13
right_child=1 2 3 -5 -6 -7 11 8 9 -11 -12 12 -14 -15
leaf_value=1.074751849302247e-05 -0.0023229607890049618 0.0020093091593015116 -0.0023568172016354321 -0.00025090499434211731 -0.00023460148931586777 0.0012417170217751167 -0.0019925947474352043 0.001935164110415748 0.00044544798769286507 0.0017367639230686446 -0.0020094583159164059 -0.00071060629377062731 -0.0015065015564240773 0.0014348070450082952
leaf_weight=51168 225 231 215 488 264 263 231 350 598 221 221 496 317 311
leaf_count=51168 225 231 215 488 264 263 231 350 598 221 221 496 317 311
internal_value=2.98974e-06 -0.00052678 -0.000189434 -0.000894961 0.000812557 1.69048e-05 1.09299e-05 2.72718e-05 0.000635554 0.000198185 -0.000216987 -0.000622942 -0.000341456 0.000116189
internal_weight=55599 1423 1198 703 495 54176 53913 52558 1390 1040 819 1355 1124 807
internal_count=55599 1423 1198 703 495 54176 53913 52558 1390 1040 819 1355 1124 807
is_linear=0
shrinkage=0.03


Tree=286
num_leaves=15
num_cat=0
split_feature=22 15 8 5 5 5 3 15 12 15 8 1 1 17
split_gain=0.331755 0.686544 0.806777 0.975052 0.762671 0.843744 0.584457 0.625637 0.570136 0.740824 0.671364 0.621512 1.16109 0.962403
threshold=0.36754385964912284 0.9833333333333335 2.3664408264748014 0.071419649959566747 2.6943594588000299 0.6322319059405026 0.2979845985210941 0.86811594202898557 0.63484848484848488 0.10172413793103451 2.0995605340735293 -0.034297162996447743 -0.0020297595837129308 0.63484848484848488
decision_type=2 10 10 8 10 8 10 10 2 10 10 10 10 8
left_child=-1 2 8 -4 5 -3 -5 -8 10 -10 -2 -11 13 -13
right_child=1 4 3 6 -6 -7 7 -9 9 11 -12 12 -14 -15
leaf_value=7.438116681477848e-05 2.9566074369925726e-05 -0.00039223987611245598 -0.00082426652486208786 0.0026452317725317682 0.00067615084633405507 -0.0025781755198936718 -0.0004431149751568834 0.0016670893312844097 -0.001114104077328786 -0.00060797830448539134 -0.0014387787609610339 0.00012101477370938361 -0.00024179630639440072 0.0015958573239971882
leaf_weight=20340 21221 333 252 217 203 304 216 305 828 2429 284 1184 6882 600
leaf_count=20340 21221 333 252 217 203 304 216 305 828 2429 284 1184 6882 600
internal_value=-2.21025e-05 -7.7763e-05 -5.70819e-05 0.000786919 -0.000925146 -0.00143545 0.00133708 0.000792225 -8.20778e-05 -0.00024847 1.01748e-05 -0.000183869 -6.4995e-05 0.000617038
internal_weight=55598 35258 34418 990 840 637 738 521 33428 11923 21505 11095 8666 1784
internal_count=55598 35258 34418 990 840 637 738 521 33428 11923 21505 11095 8666 1784
is_linear=0
shrinkage=0.03


Tree=287
num_leaves=15
num_cat=0
split_feature=8 12 1 16 16 5 1 24 8 17 10 12 10 17
split_gain=0.370832 0.418281 0.973502 0.725785 1.16877 0.731341 1.06177 0.956068 0.692388 0.840537 0.553321 0.544047 0.919334 1.02293
threshold=0.079980053865662967 0.10435571687840291 0.19228686547267762 0.9110671936758894 0.96490147783251246 -0.37188294778969661 -0.042308178055841576 -0.023383372992669498 0.44904293812708396 0.22474747474747478 0.00027729571428571439 0.63484848484848488 -0.0027157142857142853 0.93218390804597717
decision_type=8 2 10 10 10 10 10 2 10 10 2 2 2 8
left_child=-1 2 3 5 -5 10 -7 -8 -9 -10 -2 -3 13 -13
right_child=1 11 -4 4 -6 6 7 8 9 -11 -12 12 -14 -15
leaf_value=0.0010814528288449056 -0.00054898259332774419 7.6711503088909376e-05 0.0013212143077523768 -0.0024166142536948122 -0.00035707204082826389 0.00059487555792792448 -0.0024337320377223774 -0.0018468840352327991 0.0016589658371148443 -0.000327799489001367 -0.0023783785947552412 -0.00025728202062444845 -0.00016041264991795978 0.0021957638768295299
leaf_weight=270 565 29467 321 378 721 1478 202 211 229 1175 202 294 19758 319
leaf_count=270 565 29467 321 378 721 1478 202 211 229 1175 202 294 19758 319
internal_value=-2.76478e-05 -3.3061e-05 -0.000281789 -0.000381492 -0.00106545 -0.000196442 -2.22809e-06 -0.000487929 -0.000244553 -3.74731e-06 -0.00103078 -5.70182e-06 -0.000124914 0.00101926
internal_weight=55590 55320 5482 5161 1099 4062 3295 1817 1615 1404 767 49838 20371 613
internal_count=55590 55320 5482 5161 1099 4062 3295 1817 1615 1404 767 49838 20371 613
is_linear=0
shrinkage=0.03


Tree=288
num_leaves=15
num_cat=0
split_feature=10 16 2 4 10 2 24 18 6 7 21 8 7 3
split_gain=0.336426 0.873134 0.79502 0.76225 0.774682 0.579328 0.567139 0.55138 0.548503 0.791514 1.29893 0.597605 1.18313 1.09176
threshold=1.0000000180025095e-35 0.36754385964912284 0.27439460681209865 -0.2137549059588931 -1.0000000180025095e-35 -0.015868351479731143 -0.085026221903339319 0.31142241379310348 0.30320176025903683 0.2554968686308271 0.84807692307692317 0.31358683573282981 0.12998426685746123 0.61041262446471822
decision_type=2 10 10 10 2 8 2 8 8 8 2 10 10 10
left_child=3 2 6 5 8 -1 -2 -7 9 10 11 -5 13 -13
right_child=1 -3 -4 4 -6 7 -8 -9 -10 -11 -12 12 -14 -15
leaf_value=-1.7628344680576302e-06 -0.0012395035261755709 0.00014217375161460104 -0.0019609513164663287 0.00071440458719915798 -0.0018706338068097299 0.0021822570185592799 -8.8811115806250386e-05 0.00047650874912826495 -0.001651822823524192 0.0012079591897383936 -0.0018426130069985796 -0.0001995177201684698 -0.0012679257248622269 0.0013638077457681955
leaf_weight=3040 396 25537 214 644 264 210 14525 908 237 351 436 7442 892 425
leaf_count=3040 396 25537 214 644 264 210 14525 908 237 351 436 7442 892 425
internal_value=-9.45612e-06 3.51648e-05 -0.000145389 -0.000131675 -0.000265721 0.000212983 -0.00011935 0.000796909 -0.000225086 -0.000191903 -0.000241842 -0.000167617 -0.000232467 -0.000115062
internal_weight=55521 40672 15135 14849 10691 4158 14921 1118 10427 10190 9839 9403 8759 7867
internal_count=55521 40672 15135 14849 10691 4158 14921 1118 10427 10190 9839 9403 8759 7867
is_linear=0
shrinkage=0.03


Tree=289
num_leaves=15
num_cat=0
split_feature=2 16 18 20 24 3 3 12 17 17 3 24 18 21
split_gain=0.453147 0.817915 0.361807 0.783439 1.10651 1.10688 1.05429 1.04728 0.831913 0.749991 0.814315 0.809758 0.502558 0.833335
threshold=1.0591758866709191 0.9833333333333335 0.96362433862433872 0.89827586206896559 -0.0032292125043751393 -0.18780714219215658 0.12085063410763654 0.83045977011494265 0.88675213675213682 0.70185185185185195 0.22044508084190242 0.0036080083309252557 0.90238095238095251 0.43095238095238103
decision_type=8 8 10 8 2 10 10 2 8 10 10 2 10 2
left_child=2 -2 12 4 5 -4 -7 -6 9 10 -5 -11 -1 -14
right_child=1 -3 3 8 7 6 -8 -9 -10 11 -12 -13 13 -15
leaf_value=-6.1418947557025521e-06 -0.00018500632576908525 0.0023055171999181818 0.0019645834033401436 -0.00064085272700616319 -0.0022580586052056034 -0.0021066467779022194 0.00060832296613283379 -0.00012754508834282233 0.00092313068923481308 -0.0027598393170698197 0.0017718052323471055 -9.9063400516807325e-05 0.0012221511061788716 -3.5891176862105804e-05
leaf_weight=49810 268 213 204 319 572 239 279 326 709 201 208 211 808 1146
leaf_count=49810 268 213 204 319 572 239 279 326 709 201 208 211 808 1146
internal_value=1.05786e-06 0.000917866 -6.95538e-06 -0.000313099 -0.000781593 9.28096e-05 -0.000644337 -0.00148462 0.000147435 -0.000438261 0.000311392 -0.00139716 1.23723e-05 0.000484323
internal_weight=55513 481 55032 3268 1620 722 518 898 1648 939 527 412 51764 1954
internal_count=55513 481 55032 3268 1620 722 518 898 1648 939 527 412 51764 1954
is_linear=0
shrinkage=0.03


Tree=290
num_leaves=15
num_cat=0
split_feature=0 7 11 5 5 22 13 5 16 9 11 15 22 2
split_gain=0.487265 0.366668 0.684034 0.808903 0.483238 0.80777 0.84206 0.452113 1.26732 0.722865 0.428881 0.346739 0.698204 0.640503
threshold=-0.18143800022349318 0.23003404646775683 1.2891877047245912 5.492153930446686 3.8777567974521618 0.43095238095238103 0.36181818181818187 2.6943594588000299 0.89827586206896559 0.00047605000000000005 -0.53700991567737077 0.95916666666666683 0.033908045977011504 0.026744187947965629
decision_type=2 10 10 10 10 2 10 10 10 2 8 8 2 10
left_child=-1 2 4 -4 10 -6 -7 8 9 -3 -2 -12 -13 -14
right_child=1 7 3 -5 5 6 -8 -9 -10 -11 11 12 13 -15
leaf_value=-0.0010500072892093628 -0.0010381060323515466 0.0022758621956693028 -0.00024462769388660678 -0.0025316076807156912 0.0019174650597313257 0.0013782982544959237 -0.00090820149413939615 0.0014161273474459194 -0.0011631532660392149 -4.8991622901776436e-05 -6.8879835318966517e-06 0.0010479296055599685 -0.0012413902660285978 -0.00019391450499684463
leaf_weight=417 379 249 409 211 307 245 355 344 381 233 49166 287 758 1712
leaf_count=417 379 249 409 211 307 245 355 344 381 233 49166 287 758 1712
internal_value=-2.83696e-05 -2.06288e-05 -3.2224e-05 -0.00102294 -2.068e-05 0.000665858 2.54526e-05 0.000496488 0.000129911 0.00115202 -3.25857e-05 -2.52461e-05 -0.00035263 -0.000515367
internal_weight=55453 55036 53829 620 53209 907 600 1207 863 482 52302 51923 2757 2470
internal_count=55453 55036 53829 620 53209 907 600 1207 863 482 52302 51923 2757 2470
is_linear=0
shrinkage=0.03


Tree=291
num_leaves=15
num_cat=0
split_feature=7 0 19 0 3 1 10 21 16 0 9 7 20 3
split_gain=0.28892 0.550484 0.50024 0.541736 0.425752 0.472598 1.07744 0.542132 0.644947 0.474997 0.497937 0.463293 0.425965 0.448479
threshold=0.069005680037244513 0.14435663952729619 0.88117647058823534 -0.0066701244056975853 -0.35640993123397452 -0.018867181970982413 -0.00097156999999999994 0.18090909090909094 0.36754385964912284 -0.072241742532525507 -0.0017640499999999999 0.067983047489352882 0.74537037037037046 -0.035269201722770253
decision_type=10 2 10 2 10 10 2 2 10 2 2 10 10 10
left_child=1 2 4 -4 -1 6 -6 8 -8 -7 -11 -9 13 -10
right_child=-2 -3 3 -5 5 9 7 11 12 10 -12 -13 -14 -15
leaf_value=0.0012595791630269474 -7.0739481367042623e-05 -0.0012139681735278266 0.0022420346910465012 0.00010061875422124131 -0.0016304714493620236 -0.001282420177485092 -0.00013694078772605482 -0.00012803018869865041 0.0014495158551431672 0.0014980473479021558 0.00014598271788236874 0.0012941250451424691 0.0022702381892416336 -0.00025514528007737061
leaf_weight=269 19624 297 200 227 391 207 724 11274 308 248 21291 210 208 253
leaf_count=269 19624 297 200 227 391 207 724 11274 308 248 21291 210 208 253
internal_value=2.19144e-05 7.22713e-05 8.29391e-05 0.00110362 7.06216e-05 6.15132e-05 -7.88597e-05 -3.21093e-05 0.000505669 0.000147805 0.00016155 -0.000102024 0.00111067 0.000680747
internal_weight=55731 36107 35810 427 35383 35114 13368 12977 1493 21746 21539 11484 769 561
internal_count=55731 36107 35810 427 35383 35114 13368 12977 1493 21746 21539 11484 769 561
is_linear=0
shrinkage=0.03


Tree=292
num_leaves=15
num_cat=0
split_feature=11 19 24 23 1 19 22 24 13 1 15 17 15 7
split_gain=0.45106 0.436418 0.667123 0.962491 0.616245 0.585338 0.559586 0.447534 0.447506 0.521201 0.59629 0.42691 0.394662 0.546589
threshold=-0.28179613667116937 0.85960591133004927 -0.00026283469688452105 0.06458333333333334 -0.16047950444428519 0.76794871794871811 0.12771739130434787 -0.023076940171052999 0.73508771929824568 0.006221235838155704 0.27681992337164757 0.16333333333333336 0.54356060606060608 0.058161223209178166
decision_type=10 10 2 10 10 10 2 2 8 10 8 10 10 8
left_child=1 5 4 -4 -3 6 -1 -6 9 12 -11 -7 13 -8
right_child=-2 2 3 -5 7 11 8 -9 -10 10 -12 -13 -14 -15
leaf_value=-0.00099099717865721074 -1.6154246459294862e-05 -0.00086913540431465689 -0.0022487293164128938 0.00019340322261450054 0.0001988162515280252 0.00057216442038475967 -0.00028370946745021281 0.0020855204272304632 -0.00037282064471734282 0.00027188226043054945 0.0024243590811488165 0.0024255159360796418 -0.00056599188217660407 0.00092568654251535827
leaf_weight=273 50846 217 271 313 244 232 474 211 517 204 268 216 328 1158
leaf_count=273 50846 217 271 313 244 232 474 211 517 204 268 216 328 1158
internal_value=1.04009e-05 0.000284503 -0.000198182 -0.000939847 0.00044636 0.000449694 0.000308418 0.00107375 0.00042871 0.000599101 0.00149405 0.00146574 0.000383582 0.000574428
internal_weight=55772 4926 1256 584 672 3670 3222 455 2949 2432 472 448 1960 1632
internal_count=55772 4926 1256 584 672 3670 3222 455 2949 2432 472 448 1960 1632
is_linear=0
shrinkage=0.03


Tree=293
num_leaves=15
num_cat=0
split_feature=24 1 13 19 15 21 17 6 1 23 13 4 18 4
split_gain=0.364127 1.21152 0.9205 0.911905 0.853134 1.02819 0.698511 0.793051 0.605372 0.785365 0.595043 0.595748 0.594154 0.580523
threshold=0.030650183127288289 0.12619788104092969 0.9833333333333335 0.9833333333333335 0.95916666666666683 0.24068965517241384 0.20761494252873566 0.019353353237602497 0.092183932458406517 0.27681992337164757 0.89827586206896559 0.44959921592176616 0.92450142450142458 1.4059905805384201
decision_type=2 10 10 8 8 2 8 10 10 8 10 8 10 10
left_child=1 8 4 13 6 -6 -2 -8 -1 -10 12 -12 -9 -3
right_child=2 3 -4 -5 5 -7 7 10 9 -11 11 -13 -14 -15
leaf_value=-1.128317222883968e-05 0.00062317645918803116 -0.0006315210797504388 0.0015687137563247233 -0.0023375939358452175 0.00071188512609102 -0.0018463664314738917 -0.0011984933437911836 8.0982426012123925e-05 -0.00097081999013590322 0.00086002154581270058 0.0014851506299425829 -0.0001047402051388955 -0.0011764586170984457 0.00051359652013419879
leaf_weight=38563 2369 2472 400 249 215 413 440 7144 249 1377 527 355 355 475
leaf_count=38563 2369 2472 400 249 215 413 440 7144 249 1377 527 355 355 475
internal_value=8.66008e-06 -3.20807e-05 0.000153327 -0.00059425 0.000105421 -0.000970532 0.000165805 4.29713e-05 1.26254e-05 0.000579653 0.000108148 0.000845229 2.14556e-05 -0.00044695
internal_weight=55603 43385 12218 3196 11818 628 11190 8821 40189 1626 8381 882 7499 2947
internal_count=55603 43385 12218 3196 11818 628 11190 8821 40189 1626 8381 882 7499 2947
is_linear=0
shrinkage=0.03


Tree=294
num_leaves=15
num_cat=0
split_feature=4 11 11 18 18 5 9 0 13 5 5 23 11 6
split_gain=0.317231 0.691899 0.966131 0.969986 0.736382 0.914758 0.592112 0.542123 0.441433 1.05993 1.1518 0.92414 0.903851 0.579095
threshold=1.7249522508722375 0.70760316144411906 1.2891877047245912 0.9833333333333335 0.69782608695652182 3.5063029459644932 0.00031867500000000009 0.059120970789931955 0.96609195402298864 -0.0671580002076234 -0.16374786769506858 0.43405797101449278 -0.035136313314001792 0.43558118509279825
decision_type=10 10 10 10 10 10 2 2 10 10 8 8 8 8
left_child=8 -2 4 7 -3 6 -6 -4 13 10 11 -10 -11 -1
right_child=1 2 3 -5 5 -7 -8 -9 9 12 -12 -13 -14 -15
leaf_value=8.4032839401311921e-06 -0.00097902697467361572 -0.00022034061893950714 -0.0018352381688653216 0.0011690883759603091 -0.00020684434436951104 0.0032269121080718607 0.0020761420551843462 0.00015046510004021872 0.0013933444982042395 -0.0025226656398888072 0.002544196018693037 -0.00098823861435362939 -0.00049685744073388024 0.0016139419718182145
leaf_weight=50407 288 215 278 317 206 251 203 223 238 220 200 382 2002 203
leaf_count=50407 288 215 278 317 206 251 203 223 238 220 200 382 2002 203
internal_value=7.51164e-06 0.000380327 0.000611569 -0.000129635 0.00130449 0.00180121 0.000926276 -0.000951382 -6.25387e-06 -0.000357248 0.000564571 -7.4018e-05 -0.000697433 1.48432e-05
internal_weight=55633 1981 1693 818 875 660 409 501 53652 3042 820 620 2222 50610
internal_count=55633 1981 1693 818 875 660 409 501 53652 3042 820 620 2222 50610
is_linear=0
shrinkage=0.03


Tree=295
num_leaves=15
num_cat=0
split_feature=18 8 13 4 3 3 22 11 11 11 20 4 6 12
split_gain=0.302827 0.657377 0.730211 0.624838 0.638872 0.564769 0.684847 0.682949 0.587993 0.488172 0.480027 0.589377 0.536092 0.476175
threshold=0.33908045977011497 0.87099395350248077 0.9298029556650248 -0.068057374980590543 0.098429134040785252 -0.35640993123397452 0.19139194139194141 -0.088614166928521462 -0.36252240524543394 0.38116176458434053 0.29520697167755999 0.33833791116261097 0.013631852055288789 0.13484848484848486
decision_type=10 10 10 8 8 10 2 8 8 8 10 8 10 2
left_child=1 3 10 4 -1 6 8 13 -2 -5 -3 12 -12 -8
right_child=5 2 -4 9 -6 -7 7 -9 -10 -11 11 -13 -14 -15
leaf_value=5.0595004193611691e-05 0.00061106438238316314 -0.00095101419938937862 -0.0013450641488780874 0.00036682877044284643 -0.0016775840445796945 -8.6188961784400137e-05 0.0015905241880491104 0.0024478638150364587 -0.0016085239149823919 0.0014795126865600836 -0.00094018551059087997 -0.00076199335943020661 0.00019235516301677511 0.00010857604785159898
leaf_weight=4564 209 502 419 5800 201 35481 274 204 221 378 404 783 5459 678
leaf_count=4564 209 502 419 5800 201 35481 274 204 221 378 404 783 5459 678
internal_value=-1.19451e-05 8.7152e-05 -0.000127845 0.000235821 -2.2304e-05 -6.14309e-05 0.000492441 0.000872649 -0.000529701 0.000434908 -5.64939e-05 1.1073e-05 0.000114316 0.000535103
internal_weight=55577 18510 7567 10943 4765 37067 1586 1156 430 6178 7148 6646 5863 952
internal_count=55577 18510 7567 10943 4765 37067 1586 1156 430 6178 7148 6646 5863 952
is_linear=0
shrinkage=0.03


Tree=296
num_leaves=15
num_cat=0
split_feature=12 10 10 16 14 6 6 14 2 1 1 22 7 5
split_gain=0.362867 0.59463 0.548909 0.655665 1.1555 0.765625 0.744286 0.72694 0.789125 0.645474 1.05443 0.90084 0.577052 0.556456
threshold=0.4188596491228071 0.00048180928571428565 0.00076664214285714299 0.87750000000000006 0.87750000000000006 0.10683697826545253 0.073650054805790802 0.48074074074074075 0.040909183190167127 -0.037609091853650682 0.022246917999817709 0.43095238095238103 0.045616892984902853 1.2575146869473151
decision_type=2 2 2 10 10 10 10 10 10 10 10 2 10 10
left_child=1 -1 -2 5 -5 6 7 8 -4 -9 -11 -12 -13 -8
right_child=2 -3 3 4 -6 -7 13 9 -10 10 11 12 -14 -15
leaf_value=-0.00020106521229028802 8.0843880326621372e-05 0.00018260169808978881 -0.00044564784072740932 -0.00066239321327118787 0.0019664191161032343 -0.0016647337603646873 -2.3055216126962547e-05 -0.0025401512295328255 0.0012194964015625614 0.00086973672036768149 0.00030663392262093744 -0.0006773085814202204 -0.0027048347226351515 0.0017421052890465229
leaf_weight=17782 28968 4570 1048 304 298 402 471 213 339 274 223 200 343 244
leaf_count=17782 28968 4570 1048 304 298 402 471 213 339 274 223 200 343 244
internal_value=-2.91055e-05 -0.000122622 3.3615e-05 -0.000280247 0.000638913 -0.000427528 -0.000279285 -0.000511824 -3.86659e-05 -0.00103558 -0.000727435 -0.00129875 -0.00195805 0.000579321
internal_weight=55679 22352 33327 4359 602 3757 3355 2640 1387 1253 1040 766 543 715
internal_count=55679 22352 33327 4359 602 3757 3355 2640 1387 1253 1040 766 543 715
is_linear=0
shrinkage=0.03


Tree=297
num_leaves=15
num_cat=0
split_feature=5 21 8 5 10 18 15 11 12 4 19 4 4 4
split_gain=0.350419 0.7657 0.882079 0.490882 1.5405 1.01878 0.777184 0.804584 0.859343 0.760411 0.709821 1.00555 0.587217 1.23938
threshold=3.8777567974521618 0.26120857699805072 0.53551249562420766 1.4908321239722151 0.00029059642857142857 0.53452380952380962 0.9833333333333335 0.1187598128960813 0.26491228070175443 2.0582441697857234 0.86811594202898557 1.2664759848587881 0.3881635752052281 1.2664759848587881
decision_type=10 2 10 8 2 8 10 8 2 10 10 10 10 10
left_child=3 -2 -3 -1 5 -5 7 -7 -9 10 12 -12 -6 -14
right_child=1 2 -4 4 9 6 -8 8 -10 -11 11 -13 13 -15
leaf_value=-5.4489536787302878e-06 0.0015328999638048748 0.0014107765630123558 -0.0005113544359757762 0.00061355682352928406 -0.00061566992572301788 -0.00054741123029296952 7.2479324548372194e-05 -0.0038842910690302102 -0.0016378744433476892 0.0014178272235365638 -0.0022330360532706152 0.00046363083434231375 0.0014017152480441653 -0.00095620860699708243
leaf_weight=50609 414 296 784 245 486 280 224 243 415 344 290 218 646 291
leaf_count=50609 414 296 784 245 486 280 224 243 415 344 290 218 646 291
internal_value=-1.73078e-05 0.00043595 1.54518e-05 -2.97807e-05 -0.00036422 -0.00114451 -0.00151518 -0.00189432 -0.00246748 0.000118356 -0.00011314 -0.0010758 0.000230524 0.000669425
internal_weight=55785 1494 1080 54291 3682 1407 1162 938 658 2275 1931 508 1423 937
internal_count=55785 1494 1080 54291 3682 1407 1162 938 658 2275 1931 508 1423 937
is_linear=0
shrinkage=0.03


Tree=298
num_leaves=15
num_cat=0
split_feature=4 14 1 12 8 22 16 0 10 12 5 3 3 20
split_gain=0.268734 0.48146 0.822545 0.722266 0.689654 0.652723 0.627643 0.978544 0.551825 0.534334 0.55909 0.599503 0.580048 0.551215
threshold=0.01861894137270104 0.86285266457680254 0.13856313353363617 0.40370370370370373 1.525768596095082 0.52128623188405809 0.43405797101449278 0.034568881373377332 8.6132142857143007e-05 0.36181818181818187 -0.41270006578394053 -0.13536646304814973 -0.38912270350765776 0.24568965517241384
decision_type=10 8 8 2 8 2 8 2 2 2 8 10 8 8
left_child=1 9 3 -3 6 -4 -5 8 -8 13 11 12 -11 -1
right_child=-2 2 5 4 -6 -7 7 -9 -10 10 -12 -13 -14 -15
leaf_value=-0.0005932988901152219 7.4658328321108814e-05 0.00010651838638650302 0.001840080847133599 -0.0017636829716608906 -0.0026754357488102559 -0.00047038620519915253 -0.001904526099121753 0.0014693179521596104 -0.00012795416132044675 0.0014517300780772634 6.0482281166700529e-06 0.00098934537622108725 -0.0001801074400854419 -5.7544160778484754e-05
leaf_weight=2427 27851 698 230 411 206 211 282 205 356 233 14066 1168 1236 6004
leaf_count=2427 27851 698 230 411 206 211 282 205 356 233 14066 1168 1236 6004
internal_value=8.83408e-06 -5.72703e-05 -0.000445985 -0.000687248 -0.00106673 0.000734619 -0.000802465 -0.000333829 -0.00091321 -1.70749e-05 8.11992e-05 0.000482061 7.87204e-05 -0.00021177
internal_weight=55584 27733 2599 2158 1460 441 1254 843 638 25134 16703 2637 1469 8431
internal_count=55584 27733 2599 2158 1460 441 1254 843 638 25134 16703 2637 1469 8431
is_linear=0
shrinkage=0.03


Tree=299
num_leaves=15
num_cat=0
split_feature=1 14 9 3 3 12 11 10 22 2 15 7 17 15
split_gain=0.486582 0.795958 0.629347 0.895343 1.03344 0.936053 0.68914 0.504023 0.675603 0.614258 0.864684 0.658456 0.609238 0.753624
threshold=0.073393861389905016 0.13484848484848486 -0.00038009999999999997 1.1956447804211576 0.2150849855858982 0.85960591133004927 0.57332986430852073 -3.3120000000000123e-05 0.76794871794871811 0.12962893937382783 0.72111111111111115 0.078154482057991748 0.76794871794871811 0.93218390804597717
decision_type=8 10 2 8 10 2 8 2 2 10 10 10 10 8
left_child=-1 -2 3 4 5 -3 -6 9 12 10 -4 -11 13 -9
right_child=1 2 7 -5 6 -7 -8 8 -10 11 -12 -13 -14 -15
leaf_value=4.1132907766540158e-05 -0.0014553422508221468 0.0011472361086540118 -0.00094071381671273545 -0.0012542725656293071 0.00084926013632714425 -0.0013226823463471998 0.0032457324597550533 -6.6916554551490707e-06 -0.00053456927225073968 -0.0024031812430475837 0.0013204096901343432 -0.00038745746291034034 0.00062442755533812389 -0.0016798598830984242
leaf_weight=45330 427 307 439 213 227 251 206 3378 2454 320 233 268 1326 261
leaf_count=45330 427 307 439 213 227 251 206 3378 2454 320 233 268 1326 261
internal_value=-1.17703e-06 -0.000187201 -0.000132411 0.000510341 0.000889618 3.62154e-05 0.00198938 -0.000221577 -0.000127361 -0.000776329 -0.000156723 -0.00148445 7.3906e-05 -0.000126696
internal_weight=55640 10310 9883 1204 991 558 433 8679 7419 1260 672 588 4965 3639
internal_count=55640 10310 9883 1204 991 558 433 8679 7419 1260 672 588 4965 3639
is_linear=0
shrinkage=0.03


end of trees

feature_importances:
mkt1=247
r3=243
r14=230
f7=213
r30=204
vol30=198
r1_rk=198
r7=194
r60=191
vchg=187
vol30_rk=184
ma50=183
r1=171
f7_rk=158
r3_rk=154
vol7_rk=148
r60_rk=143
f1=140
f1_rk=140
ma50_rk=128
vol7=124
r30_rk=124
r14_rk=114
vchg_rk=94
r7_rk=90

parameters:
[boosting: gbdt]
[objective: regression]
[metric: l2]
[tree_learner: serial]
[device_type: cpu]
[data_sample_strategy: bagging]
[data: ]
[valid: ]
[num_iterations: 300]
[learning_rate: 0.03]
[num_leaves: 15]
[num_threads: 4]
[seed: 7]
[deterministic: 0]
[force_col_wise: 0]
[force_row_wise: 0]
[histogram_pool_size: -1]
[max_depth: -1]
[min_data_in_leaf: 200]
[min_sum_hessian_in_leaf: 0.001]
[bagging_fraction: 0.8]
[pos_bagging_fraction: 1]
[neg_bagging_fraction: 1]
[bagging_freq: 1]
[bagging_seed: 17422]
[bagging_by_query: 0]
[feature_fraction: 0.8]
[feature_fraction_bynode: 1]
[feature_fraction_seed: 7040]
[extra_trees: 0]
[extra_seed: 6516]
[early_stopping_round: 0]
[early_stopping_min_delta: 0]
[first_metric_only: 0]
[max_delta_step: 0]
[lambda_l1: 0]
[lambda_l2: 0]
[linear_lambda: 0]
[min_gain_to_split: 0]
[drop_rate: 0.1]
[max_drop: 50]
[skip_drop: 0.5]
[xgboost_dart_mode: 0]
[uniform_drop: 0]
[drop_seed: 15215]
[top_rate: 0.2]
[other_rate: 0.1]
[min_data_per_group: 100]
[max_cat_threshold: 32]
[cat_l2: 10]
[cat_smooth: 10]
[max_cat_to_onehot: 4]
[top_k: 20]
[monotone_constraints: ]
[monotone_constraints_method: basic]
[monotone_penalty: 0]
[feature_contri: ]
[forcedsplits_filename: ]
[refit_decay_rate: 0.9]
[cegb_tradeoff: 1]
[cegb_penalty_split: 0]
[cegb_penalty_feature_lazy: ]
[cegb_penalty_feature_coupled: ]
[path_smooth: 0]
[interaction_constraints: ]
[verbosity: -1]
[saved_feature_importance_type: 0]
[use_quantized_grad: 0]
[num_grad_quant_bins: 4]
[quant_train_renew_leaf: 0]
[stochastic_rounding: 1]
[linear_tree: 0]
[max_bin: 255]
[max_bin_by_feature: ]
[min_data_in_bin: 3]
[bin_construct_sample_cnt: 200000]
[data_random_seed: 61]
[is_enable_sparse: 1]
[enable_bundle: 1]
[use_missing: 1]
[zero_as_missing: 0]
[feature_pre_filter: 1]
[pre_partition: 0]
[two_round: 0]
[header: 0]
[label_column: ]
[weight_column: ]
[group_column: ]
[ignore_column: ]
[categorical_feature: ]
[forcedbins_filename: ]
[precise_float_parser: 0]
[parser_config_file: ]
[objective_seed: 15521]
[num_class: 1]
[is_unbalance: 0]
[scale_pos_weight: 1]
[sigmoid: 1]
[boost_from_average: 1]
[reg_sqrt: 0]
[alpha: 0.9]
[fair_c: 1]
[poisson_max_delta_step: 0.7]
[tweedie_variance_power: 1.5]
[lambdarank_truncation_level: 30]
[lambdarank_norm: 1]
[label_gain: ]
[lambdarank_position_bias_regularization: 0]
[eval_at: ]
[multi_error_top_k: 1]
[auc_mu_weights: ]
[num_machines: 1]
[local_listen_port: 12400]
[time_out: 120]
[machine_list_filename: ]
[machines: ]
[gpu_platform_id: -1]
[gpu_device_id: -1]
[gpu_device_id_list: ]
[gpu_use_dp: 0]
[num_gpu: 1]

end of parameters

pandas_categorical:[]
