day,coin,change
2025-01-01,AAVE,-0.0173
2025-01-01,ADA,0.0065
2025-01-01,ARB,0.0288
2025-01-01,AVAX,0.0078
2025-01-01,BCH,0.0537
2025-01-01,BNB,0.0886
2025-01-01,BTC,0.1046
2025-01-01,CRV,-0.0277
2025-01-01,DOGE,0.0457
2025-01-01,ENA,-0.0282
2025-01-01,ETH,0.0915
2025-01-01,GRASS,-0.0248
2025-01-01,INJ,0.0201
2025-01-01,JUP,0.017
2025-01-01,LDO,-0.0126
2025-01-01,LINK,-0.0245
2025-01-01,LTC,0.0354
2025-01-01,NEAR,0.0136
2025-01-01,ONDO,-0.0275
2025-01-01,SOL,0.0717
2025-01-01,SUI,0.0016
2025-01-01,TAO,-0.0135
2025-01-01,UNI,0.0048
2025-01-01,WLD,-0.0225
2025-01-01,XRP,-0.0076
2025-01-01,ZRO,0.0088
2025-01-01,kPEPE,-0.0081
2025-01-02,AAVE,-0.0073
2025-01-02,ADA,0.0156
2025-01-02,ARB,-0.0047
2025-01-02,AVAX,0.0047
2025-01-02,BCH,-0.0024
2025-01-02,BNB,0.0161
2025-01-02,BTC,0.0325
2025-01-02,CRV,0.001
2025-01-02,DOGE,0.0083
2025-01-02,ENA,0.0032
2025-01-02,ETH,0.0063
2025-01-02,GRASS,-0.0027
2025-01-02,INJ,-0.0218
2025-01-02,JUP,-0.0295
2025-01-02,LDO,-0.0054
2025-01-02,LINK,0.0085
2025-01-02,LTC,0.0069
2025-01-02,NEAR,0.0145
2025-01-02,ONDO,0.0094
2025-01-02,SOL,-0.0278
2025-01-02,SUI,0.0126
2025-01-02,TAO,-0.003
2025-01-02,UNI,-0.0095
2025-01-02,WLD,0.0152
2025-01-02,XRP,0.027
2025-01-02,ZRO,0.0032
2025-01-02,kPEPE,-0.0152
2025-01-03,ADA,-0.0182
2025-01-03,ARB,0.0038
2025-01-03,AVAX,0.0011
2025-01-03,BCH,-0.0056
2025-01-03,BNB,0.0219
2025-01-03,BTC,-0.0066
2025-01-03,CRV,-0.0061
2025-01-03,DOGE,-0.0326
2025-01-03,ENA,0.0101
2025-01-03,ETH,-0.0012
2025-01-03,GRASS,0.0018
2025-01-03,INJ,0.0173
2025-01-03,JUP,0.0424
2025-01-03,LDO,-0.0052
2025-01-03,LINK,0.0097
2025-01-03,LTC,-0.0108
2025-01-03,NEAR,-0.0154
2025-01-03,ONDO,-0.015
2025-01-03,SOL,0.0236
2025-01-03,SUI,-0.0361
2025-01-03,TAO,0.022
2025-01-03,UNI,0.0032
2025-01-03,WLD,-0.0056
2025-01-03,XRP,0.0197
2025-01-03,ZRO,-0.017
2025-01-03,kPEPE,0.0124
2025-01-04,AAVE,0.0131
2025-01-04,ADA,0.0029
2025-01-04,ARB,-0.0545
2025-01-04,AVAX,0.0099
2025-01-04,BCH,-0.0008
2025-01-04,BNB,0.0008
2025-01-04,BTC,0.0117
2025-01-04,CRV,0.0006
2025-01-04,DOGE,-0.0317
2025-01-04,ENA,-0.0066
2025-01-04,ETH,-0.0075
2025-01-04,GRASS,-0.0002
2025-01-04,INJ,-0.0071
2025-01-04,JUP,-0.0105
2025-01-04,LDO,-0.0049
2025-01-04,LINK,0.0057
2025-01-04,LTC,0.0118
2025-01-04,NEAR,0.0141
2025-01-04,ONDO,0.0129
2025-01-04,SOL,-0.0022
2025-01-04,SUI,-0.0042
2025-01-04,TAO,-0.0037
2025-01-04,UNI,0.0061
2025-01-04,WLD,0.0264
2025-01-04,XRP,-0.0014
2025-01-04,ZRO,0.0034
2025-01-04,kPEPE,0.0063
2025-01-05,AAVE,-0.0002
2025-01-05,ADA,-0.0045
2025-01-05,ARB,0.0072
2025-01-05,AVAX,-0.0176
2025-01-05,BCH,0.0051
2025-01-05,BNB,-0.0145
2025-01-05,BTC,0.0096
2025-01-05,CRV,0.0002
2025-01-05,DOGE,0.0272
2025-01-05,ENA,-0.0064
2025-01-05,ETH,0.0031
2025-01-05,GRASS,0.0022
2025-01-05,INJ,-0.0391
2025-01-05,JUP,0.0098
2025-01-05,LDO,0.0079
2025-01-05,LINK,0.003
2025-01-05,LTC,-0.0321
2025-01-05,NEAR,-0.0109
2025-01-05,ONDO,0.0002
2025-01-05,SOL,-0.0082
2025-01-05,SUI,0.0007
2025-01-05,TAO,0.0071
2025-01-05,UNI,0.0141
2025-01-05,WLD,-0.012
2025-01-05,XRP,0.0008
2025-01-05,ZRO,0.0282
2025-01-05,kPEPE,0.0151
2025-01-06,AAVE,-0.0028
2025-01-06,ADA,0.0101
2025-01-06,ARB,0.014
2025-01-06,AVAX,-0.0086
2025-01-06,BCH,-0.0093
2025-01-06,BNB,0.0066
2025-01-06,BTC,-0.0158
2025-01-06,CRV,0.0135
2025-01-06,DOGE,0.0081
2025-01-06,ENA,0.0045
2025-01-06,ETH,0.0131
2025-01-06,GRASS,0.002
2025-01-06,INJ,-0.0069
2025-01-06,JUP,-0.01
2025-01-06,LDO,-0.003
2025-01-06,LINK,-0.013
2025-01-06,LTC,0.0263
2025-01-06,NEAR,-0.0105
2025-01-06,ONDO,0.0089
2025-01-06,SOL,0.0043
2025-01-06,SUI,0.0179
2025-01-06,TAO,0.0001
2025-01-06,UNI,-0.0031
2025-01-06,WLD,-0.0379
2025-01-06,XRP,0.0168
2025-01-06,ZRO,-0.0028
2025-01-06,kPEPE,-0.0088
2025-01-07,AAVE,0.0073
2025-01-07,ADA,-0.036
2025-01-07,ARB,0.0265
2025-01-07,AVAX,0.0109
2025-01-07,BCH,0.0178
2025-01-07,BNB,-0.0685
2025-01-07,BTC,-0.082
2025-01-07,CRV,0.0169
2025-01-07,DOGE,0.0335
2025-01-07,ENA,0.0002
2025-01-07,ETH,-0.0091
2025-01-07,GRASS,-0.0103
2025-01-07,INJ,-0.0003
2025-01-07,JUP,0.0054
2025-01-07,LDO,0.0474
2025-01-07,LINK,0.0117
2025-01-07,LTC,0.0088
2025-01-07,NEAR,0.0004
2025-01-07,ONDO,0.0196
2025-01-07,SOL,-0.0855
2025-01-07,SUI,-0.0042
2025-01-07,TAO,0.028
2025-01-07,UNI,0.0127
2025-01-07,WLD,-0.0002
2025-01-07,XRP,-0.081
2025-01-07,ZRO,-0.0449
2025-01-07,kPEPE,0.0301
2025-01-08,AAVE,-0.0065
2025-01-08,ADA,0.0631
2025-01-08,ARB,-0.0002
2025-01-08,AVAX,0.0076
2025-01-08,BCH,-0.0946
2025-01-08,BNB,0.0554
2025-01-08,BTC,0.0481
2025-01-08,CRV,-0.0081
2025-01-08,DOGE,-0.0768
2025-01-08,ENA,0.0036
2025-01-08,ETH,-0.0211
2025-01-08,GRASS,0.0038
2025-01-08,INJ,0.0027
2025-01-08,JUP,-0.0072
2025-01-08,LDO,0.0066
2025-01-08,LINK,-0.0089
2025-01-08,LTC,-0.0324
2025-01-08,NEAR,0.0301
2025-01-08,ONDO,-0.0101
2025-01-08,SOL,0.0627
2025-01-08,SUI,-0.0135
2025-01-08,TAO,-0.0089
2025-01-08,UNI,-0.016
2025-01-08,WLD,-0.0015
2025-01-08,XRP,0.0973
2025-01-08,ZRO,0.0229
2025-01-08,kPEPE,-0.0366
2025-01-09,AAVE,-0.01
2025-01-09,ADA,0.0072
2025-01-09,ARB,0.0356
2025-01-09,AVAX,-0.0297
2025-01-09,BCH,0.0111
2025-01-09,BNB,-0.1193
2025-01-09,BTC,-0.1416
2025-01-09,CRV,0.0173
2025-01-09,DOGE,0.0466
2025-01-09,ENA,-0.0096
2025-01-09,ETH,-0.0734
2025-01-09,GRASS,0.0294
2025-01-09,INJ,0.0632
2025-01-09,JUP,0.0106
2025-01-09,LDO,0.0199
2025-01-09,LINK,0.0048
2025-01-09,LTC,-0.0583
2025-01-09,NEAR,-0.0295
2025-01-09,ONDO,-0.004
2025-01-09,SOL,-0.013
2025-01-09,SUI,-0.0097
2025-01-09,TAO,0.0068
2025-01-09,UNI,-0.042
2025-01-09,WLD,0.0029
2025-01-09,XRP,-0.0061
2025-01-09,ZRO,0.0424
2025-01-09,kPEPE,0.0513
2025-01-10,AAVE,0.0005
2025-01-10,ADA,-0.0323
2025-01-10,ARB,-0.0398
2025-01-10,AVAX,0.03
2025-01-10,BCH,0.0086
2025-01-10,BNB,0.1332
2025-01-10,BTC,0.1531
2025-01-10,CRV,-0.0142
2025-01-10,DOGE,-0.0198
2025-01-10,ENA,0.0028
2025-01-10,ETH,0.074
2025-01-10,GRASS,-0.0024
2025-01-10,INJ,-0.0428
2025-01-10,JUP,0.0126
2025-01-10,LDO,-0.0648
2025-01-10,LINK,-0.0144
2025-01-10,LTC,0.072
2025-01-10,NEAR,0.0253
2025-01-10,ONDO,-0.027
2025-01-10,SOL,0.0256
2025-01-10,SUI,-0.0017
2025-01-10,TAO,-0.0081
2025-01-10,UNI,0.0064
2025-01-10,WLD,0.0097
2025-01-10,XRP,-0.0224
2025-01-10,ZRO,-0.0318
2025-01-10,kPEPE,-0.0514
2025-01-11,AAVE,0.0105
2025-01-11,ADA,-0.0436
2025-01-11,ARB,0.0143
2025-01-11,AVAX,0.0117
2025-01-11,BCH,0.0325
2025-01-11,BNB,0.0007
2025-01-11,BTC,-0.0023
2025-01-11,CRV,-0.0233
2025-01-11,DOGE,-0.0249
2025-01-11,ENA,0.0151
2025-01-11,ETH,-0.0015
2025-01-11,GRASS,0.0043
2025-01-11,INJ,-0.0092
2025-01-11,JUP,-0.0162
2025-01-11,LDO,0.0125
2025-01-11,LINK,0.0344
2025-01-11,LTC,0.0069
2025-01-11,NEAR,0.0028
2025-01-11,ONDO,0.034
2025-01-11,SOL,0.0032
2025-01-11,SUI,0.0038
2025-01-11,TAO,-0.0319
2025-01-11,UNI,0.011
2025-01-11,WLD,-0.0058
2025-01-11,XRP,-0.003
2025-01-11,ZRO,-0.0209
2025-01-11,kPEPE,-0.0223
2025-01-12,AAVE,-0.0232
2025-01-12,ADA,0.0095
2025-01-12,ARB,0.0116
2025-01-12,AVAX,0.0148
2025-01-12,BCH,-0.0645
2025-01-12,BNB,0.001
2025-01-12,BTC,0.0022
2025-01-12,CRV,0.0153
2025-01-12,DOGE,0.0052
2025-01-12,ENA,0.0061
2025-01-12,ETH,-0.0282
2025-01-12,GRASS,-0.0197
2025-01-12,INJ,0.0385
2025-01-12,JUP,0.0042
2025-01-12,LDO,0.0172
2025-01-12,LINK,0.0001
2025-01-12,LTC,0.0124
2025-01-12,NEAR,-0.0032
2025-01-12,ONDO,-0.0065
2025-01-12,SOL,-0.0306
2025-01-12,SUI,-0.0033
2025-01-12,TAO,0.0034
2025-01-12,UNI,-0.0109
2025-01-12,WLD,0.0029
2025-01-12,XRP,-0.0119
2025-01-12,ZRO,0.0103
2025-01-12,kPEPE,0.0156
2025-01-13,AAVE,0.0042
2025-01-13,ADA,0.0042
2025-01-13,ARB,0.0062
2025-01-13,AVAX,0.0082
2025-01-13,BCH,0.0461
2025-01-13,BNB,0.002
2025-01-13,BTC,-0.023
2025-01-13,CRV,-0.009
2025-01-13,DOGE,-0.0122
2025-01-13,ENA,-0.0004
2025-01-13,ETH,-0.0198
2025-01-13,GRASS,-0.0115
2025-01-13,INJ,0.0043
2025-01-13,JUP,-0.0106
2025-01-13,LDO,-0.05
2025-01-13,LINK,-0.0012
2025-01-13,LTC,-0.0075
2025-01-13,NEAR,0.0091
2025-01-13,ONDO,-0.0285
2025-01-13,SOL,0.0173
2025-01-13,SUI,0.0243
2025-01-13,TAO,0.0255
2025-01-13,UNI,0.0176
2025-01-13,WLD,0.0095
2025-01-13,XRP,-0.0289
2025-01-13,kPEPE,0.0167
2025-01-14,AAVE,0.0128
2025-01-14,ADA,-0.0008
2025-01-14,ARB,-0.0284
2025-01-14,AVAX,-0.0115
2025-01-14,BCH,0.0322
2025-01-14,BNB,-0.0056
2025-01-14,BTC,0.0374
2025-01-14,CRV,-0.0039
2025-01-14,DOGE,0.0333
2025-01-14,ENA,-0.0134
2025-01-14,ETH,0.0479
2025-01-14,GRASS,-0.0004
2025-01-14,INJ,-0.0336
2025-01-14,JUP,0.0107
2025-01-14,LDO,0.0031
2025-01-14,LINK,0.0044
2025-01-14,LTC,0.0039
2025-01-14,NEAR,-0.0457
2025-01-14,ONDO,0.0318
2025-01-14,SOL,0.014
2025-01-14,SUI,-0.0197
2025-01-14,TAO,-0.0149
2025-01-14,UNI,0.0109
2025-01-14,WLD,0.0007
2025-01-14,XRP,0.0083
2025-01-14,ZRO,0.0145
2025-01-14,kPEPE,-0.0136
2025-01-15,AAVE,0.0054
2025-01-15,ADA,0.0065
2025-01-15,ARB,0.0152
2025-01-15,AVAX,0.0041
2025-01-15,BCH,0.0241
2025-01-15,BNB,-0.0055
2025-01-15,BTC,-0.0016
2025-01-15,CRV,-0.0031
2025-01-15,DOGE,0.0043
2025-01-15,ENA,-0.0092
2025-01-15,ETH,0.0153
2025-01-15,GRASS,0.0053
2025-01-15,INJ,0.0098
2025-01-15,JUP,-0.0028
2025-01-15,LDO,0.008
2025-01-15,LINK,-0.003
2025-01-15,LTC,-0.0528
2025-01-15,NEAR,0.0333
2025-01-15,ONDO,0.0144
2025-01-15,SOL,-0.0164
2025-01-15,SUI,0.0297
2025-01-15,TAO,-0.0177
2025-01-15,UNI,0.0036
2025-01-15,WLD,0.0064
2025-01-15,XRP,-0.0263
2025-01-15,ZRO,0.0003
2025-01-15,kPEPE,-0.0101
2025-01-16,AAVE,0.0119
2025-01-16,ADA,0.0038
2025-01-16,ARB,-0.0189
2025-01-16,AVAX,0.003
2025-01-16,BCH,-0.0056
2025-01-16,BNB,0.007
2025-01-16,BTC,0.0092
2025-01-16,CRV,0.0084
2025-01-16,DOGE,0.0283
2025-01-16,ENA,0.0048
2025-01-16,ETH,-0.0158
2025-01-16,GRASS,0.0094
2025-01-16,INJ,-0.0065
2025-01-16,JUP,-0.0125
2025-01-16,LDO,0.0031
2025-01-16,LINK,-0.0364
2025-01-16,LTC,-0.0154
2025-01-16,NEAR,-0.0005
2025-01-16,ONDO,-0.0178
2025-01-16,SOL,-0.0174
2025-01-16,SUI,0.0238
2025-01-16,TAO,0.0176
2025-01-16,UNI,-0.0072
2025-01-16,WLD,0.0034
2025-01-16,XRP,-0.0061
2025-01-16,ZRO,0.0033
2025-01-16,kPEPE,0.0037
2025-01-17,AAVE,-0.0113
2025-01-17,ADA,0.0276
2025-01-17,ARB,0.0144
2025-01-17,AVAX,0.004
2025-01-17,BCH,0.0014
2025-01-17,BNB,0.0178
2025-01-17,BTC,0.0108
2025-01-17,CRV,-0.005
2025-01-17,DOGE,-0.0239
2025-01-17,ENA,-0.0037
2025-01-17,ETH,0.0051
2025-01-17,GRASS,-0.007
2025-01-17,INJ,0.0067
2025-01-17,JUP,0.0157
2025-01-17,LDO,-0.0113
2025-01-17,LINK,0.0428
2025-01-17,LTC,0.0173
2025-01-17,NEAR,-0.0116
2025-01-17,ONDO,-0.0064
2025-01-17,SOL,0.0224
2025-01-17,SUI,-0.0101
2025-01-17,TAO,-0.0268
2025-01-17,UNI,0.0175
2025-01-17,WLD,-0.0001
2025-01-17,XRP,0.0154
2025-01-17,ZRO,-0.0217
2025-01-17,kPEPE,-0.0163
2025-01-18,AAVE,0.0029
2025-01-18,ADA,0.0228
2025-01-18,ARB,-0.0142
2025-01-18,AVAX,-0.0016
2025-01-18,BCH,0.0028
2025-01-18,BNB,-0.0008
2025-01-18,BTC,-0.005
2025-01-18,CRV,0.0379
2025-01-18,DOGE,0.0188
2025-01-18,ENA,0.0108
2025-01-18,ETH,-0.0066
2025-01-18,GRASS,-0.0031
2025-01-18,INJ,-0.0136
2025-01-18,JUP,-0.0551
2025-01-18,LDO,0.0133
2025-01-18,LINK,-0.0028
2025-01-18,LTC,0.0293
2025-01-18,NEAR,0.0111
2025-01-18,ONDO,-0.0165
2025-01-18,SOL,-0.0694
2025-01-18,SUI,-0.0102
2025-01-18,TAO,0.03
2025-01-18,UNI,0.0062
2025-01-18,WLD,0.0067
2025-01-18,XRP,0.0201
2025-01-18,ZRO,-0.0138
2025-01-18,kPEPE,0.0226
2025-01-19,AAVE,-0.0157
2025-01-19,ADA,-0.0155
2025-01-19,ARB,0.0114
2025-01-19,AVAX,-0.0233
2025-01-19,BCH,-0.0403
2025-01-19,BNB,-0.0179
2025-01-19,BTC,0.002
2025-01-19,CRV,0.0307
2025-01-19,DOGE,-0.0298
2025-01-19,ENA,-0.0146
2025-01-19,ETH,-0.0189
2025-01-19,GRASS,0.0146
2025-01-19,INJ,-0.0121
2025-01-19,JUP,0.0025
2025-01-19,LDO,0.0517
2025-01-19,LINK,-0.0218
2025-01-19,LTC,0.0233
2025-01-19,NEAR,-0.036
2025-01-19,ONDO,-0.0152
2025-01-19,SOL,0.0228
2025-01-19,SUI,0.0113
2025-01-19,TAO,-0.0352
2025-01-19,UNI,-0.0233
2025-01-19,WLD,-0.0036
2025-01-19,XRP,0.0382
2025-01-19,ZRO,0.0386
2025-01-19,kPEPE,0.0215
2025-01-20,AAVE,0.0095
2025-01-20,ADA,-0.0057
2025-01-20,ARB,-0.004
2025-01-20,AVAX,0.0194
2025-01-20,BCH,0.028
2025-01-20,BNB,0.0066
2025-01-20,BTC,-0.0117
2025-01-20,CRV,-0.0353
2025-01-20,DOGE,0.0056
2025-01-20,ENA,0.0129
2025-01-20,ETH,0.0183
2025-01-20,GRASS,-0.002
2025-01-20,INJ,0.0004
2025-01-20,JUP,0.0005
2025-01-20,LDO,-0.0646
2025-01-20,LINK,0.0369
2025-01-20,LTC,-0.0432
2025-01-20,NEAR,0.0181
2025-01-20,ONDO,0.0179
2025-01-20,SOL,0.0046
2025-01-20,SUI,0.0143
2025-01-20,TAO,0.0181
2025-01-20,UNI,0.0406
2025-01-20,WLD,0.007
2025-01-20,XRP,-0.0658
2025-01-20,ZRO,-0.0076
2025-01-20,kPEPE,0.0228
2025-01-21,AAVE,-0.0086
2025-01-21,ADA,0.0183
2025-01-21,ARB,-0.0074
2025-01-21,AVAX,-0.0129
2025-01-21,BCH,0.0097
2025-01-21,BNB,-0.0019
2025-01-21,BTC,-0.0127
2025-01-21,CRV,-0.0329
2025-01-21,DOGE,0.0067
2025-01-21,ENA,-0.0138
2025-01-21,ETH,0.0149
2025-01-21,GRASS,-0.0001
2025-01-21,INJ,0.0095
2025-01-21,JUP,-0.0045
2025-01-21,LDO,0.016
2025-01-21,LINK,-0.0222
2025-01-21,LTC,0.0141
2025-01-21,NEAR,0.0183
2025-01-21,ONDO,0.0136
2025-01-21,SOL,0.0125
2025-01-21,SUI,-0.0073
2025-01-21,UNI,-0.003
2025-01-21,WLD,-0.0327
2025-01-21,XRP,0.0045
2025-01-21,ZRO,-0.0033
2025-01-21,kPEPE,-0.0064
2025-01-22,AAVE,0.0029
2025-01-22,ADA,-0.0021
2025-01-22,ARB,-0.0037
2025-01-22,AVAX,-0.0017
2025-01-22,BCH,-0.0151
2025-01-22,BNB,0.0194
2025-01-22,BTC,0.0135
2025-01-22,CRV,0.0122
2025-01-22,DOGE,-0.0053
2025-01-22,ENA,0.0093
2025-01-22,ETH,-0.0255
2025-01-22,GRASS,-0.0142
2025-01-22,INJ,-0.0041
2025-01-22,JUP,0.0032
2025-01-22,LDO,-0.0102
2025-01-22,LINK,0.0415
2025-01-22,LTC,0.0369
2025-01-22,NEAR,-0.0181
2025-01-22,ONDO,0.0003
2025-01-22,SOL,-0.0089
2025-01-22,SUI,0.0039
2025-01-22,TAO,-0.0102
2025-01-22,UNI,-0.0216
2025-01-22,WLD,-0.0076
2025-01-22,XRP,0.0242
2025-01-22,ZRO,-0.0104
2025-01-22,kPEPE,-0.0341
2025-01-23,AAVE,0.0072
2025-01-23,ADA,0.0007
2025-01-23,ARB,-0.0404
2025-01-23,AVAX,0.0137
2025-01-23,BCH,-0.0009
2025-01-23,BNB,-0.0121
2025-01-23,BTC,0.0023
2025-01-23,CRV,-0.0156
2025-01-23,DOGE,0.0017
2025-01-23,ENA,0.016
2025-01-23,ETH,0.0112
2025-01-23,GRASS,0.022
2025-01-23,INJ,0.0136
2025-01-23,JUP,-0.0014
2025-01-23,LDO,0.0107
2025-01-23,LINK,-0.0241
2025-01-23,LTC,-0.0301
2025-01-23,NEAR,0.0139
2025-01-23,ONDO,-0.0185
2025-01-23,SOL,0.0154
2025-01-23,SUI,-0.0221
2025-01-23,TAO,-0.0062
2025-01-23,UNI,0.0231
2025-01-23,WLD,0.0132
2025-01-23,XRP,0.0195
2025-01-23,ZRO,-0.0034
2025-01-23,kPEPE,-0.0273
2025-01-24,AAVE,-0.0038
2025-01-24,ADA,0.0044
2025-01-24,ARB,0.0441
2025-01-24,AVAX,0.007
2025-01-24,BCH,0.0056
2025-01-24,BNB,-0.0068
2025-01-24,BTC,0.0064
2025-01-24,CRV,0.0072
2025-01-24,DOGE,0.0018
2025-01-24,ENA,-0.0134
2025-01-24,ETH,-0.0131
2025-01-24,GRASS,-0.0025
2025-01-24,INJ,-0.0103
2025-01-24,JUP,-0.0005
2025-01-24,LDO,-0.0157
2025-01-24,LINK,0.0307
2025-01-24,LTC,-0.0157
2025-01-24,NEAR,-0.0249
2025-01-24,ONDO,-0.0043
2025-01-24,SOL,-0.0223
2025-01-24,SUI,-0.0145
2025-01-24,TAO,0.0268
2025-01-24,UNI,-0.0146
2025-01-24,WLD,-0.0034
2025-01-24,XRP,-0.0009
2025-01-24,ZRO,0.0035
2025-01-24,kPEPE,0.043
2025-01-25,AAVE,0.0033
2025-01-25,ADA,-0.0034
2025-01-25,ARB,0.0073
2025-01-25,AVAX,-0.0239
2025-01-25,BCH,0.0045
2025-01-25,BNB,0.0203
2025-01-25,BTC,-0.0083
2025-01-25,CRV,0.0004
2025-01-25,DOGE,0.0107
2025-01-25,ENA,0.0053
2025-01-25,ETH,0.0123
2025-01-25,GRASS,-0.0204
2025-01-25,INJ,0.0133
2025-01-25,JUP,0.0017
2025-01-25,LDO,0.0133
2025-01-25,LINK,-0.0027
2025-01-25,LTC,0.0226
2025-01-25,NEAR,0.0291
2025-01-25,ONDO,-0.0007
2025-01-25,SOL,0.0158
2025-01-25,SUI,0.0218
2025-01-25,TAO,-0.0352
2025-01-25,UNI,-0.0245
2025-01-25,WLD,0.0066
2025-01-25,XRP,-0.013
2025-01-25,ZRO,-0.0136
2025-01-25,kPEPE,-0.0156
2025-01-26,AAVE,0.0099
2025-01-26,ADA,-0.0101
2025-01-26,ARB,0.0043
2025-01-26,AVAX,0.0229
2025-01-26,BCH,-0.0138
2025-01-26,BNB,-0.0369
2025-01-26,BTC,0.0099
2025-01-26,CRV,0.013
2025-01-26,DOGE,-0.0067
2025-01-26,ENA,-0.0053
2025-01-26,ETH,0.0096
2025-01-26,GRASS,0.0039
2025-01-26,INJ,-0.0136
2025-01-26,JUP,-0.0005
2025-01-26,LDO,-0.0114
2025-01-26,LINK,-0.0292
2025-01-26,LTC,-0.0261
2025-01-26,NEAR,0.0042
2025-01-26,ONDO,0.0062
2025-01-26,SOL,-0.0035
2025-01-26,SUI,-0.0036
2025-01-26,TAO,-0.0065
2025-01-26,UNI,0.008
2025-01-26,WLD,0.0057
2025-01-26,XRP,0.0325
2025-01-26,ZRO,0.0136
2025-01-26,kPEPE,-0.0094
2025-01-27,AAVE,0.0249
2025-01-27,ADA,0.0051
2025-01-27,ARB,-0.0338
2025-01-27,AVAX,-0.0049
2025-01-27,BCH,-0.0325
2025-01-27,BNB,0.0156
2025-01-27,BTC,-0.0063
2025-01-27,CRV,0.0024
2025-01-27,DOGE,-0.0052
2025-01-27,ENA,0.0107
2025-01-27,ETH,-0.0064
2025-01-27,GRASS,0.0053
2025-01-27,INJ,0.0072
2025-01-27,JUP,0.0007
2025-01-27,LDO,0.004
2025-01-27,LINK,0.0093
2025-01-27,LTC,0.0107
2025-01-27,NEAR,-0.004
2025-01-27,ONDO,0.0105
2025-01-27,SOL,0.0104
2025-01-27,SUI,-0.0358
2025-01-27,TAO,0.001
2025-01-27,UNI,0.0075
2025-01-27,WLD,-0.0025
2025-01-27,XRP,-0.0043
2025-01-27,ZRO,-0.0375
2025-01-27,kPEPE,0.0156
2025-01-28,AAVE,0.0162
2025-01-28,ADA,-0.0553
2025-01-28,ARB,-0.0008
2025-01-28,AVAX,-0.0329
2025-01-28,BCH,-0.0165
2025-01-28,BNB,-0.2046
2025-01-28,BTC,-0.1024
2025-01-28,CRV,0.0055
2025-01-28,DOGE,-0.0222
2025-01-28,ENA,0.0803
2025-01-28,ETH,-0.1052
2025-01-28,GRASS,0.053
2025-01-28,INJ,0.0277
2025-01-28,JUP,-0.0047
2025-01-28,LDO,-0.0074
2025-01-28,LINK,-0.0013
2025-01-28,LTC,-0.0263
2025-01-28,NEAR,-0.0042
2025-01-28,ONDO,-0.0204
2025-01-28,SUI,0.061
2025-01-28,TAO,-0.0068
2025-01-28,UNI,-0.0525
2025-01-28,WLD,0.0905
2025-01-28,XRP,0.0065
2025-01-28,ZRO,0.0532
2025-01-28,kPEPE,0.0787
2025-01-29,AAVE,-0.0024
2025-01-29,ADA,0.0567
2025-01-29,ARB,0.0221
2025-01-29,AVAX,0.0183
2025-01-29,BCH,0.066
2025-01-29,BNB,0.2227
2025-01-29,BTC,0.1018
2025-01-29,CRV,-0.0053
2025-01-29,DOGE,0.0236
2025-01-29,ENA,-0.0423
2025-01-29,ETH,0.1005
2025-01-29,GRASS,-0.0478
2025-01-29,INJ,-0.0271
2025-01-29,JUP,0.0048
2025-01-29,LDO,0.0028
2025-01-29,LINK,-0.0054
2025-01-29,LTC,0.0161
2025-01-29,NEAR,0.0031
2025-01-29,ONDO,0.0081
2025-01-29,SOL,-0.0084
2025-01-29,SUI,-0.0255
2025-01-29,TAO,0.01
2025-01-29,UNI,0.0102
2025-01-29,WLD,-0.0566
2025-01-29,XRP,-0.0296
2025-01-29,ZRO,-0.019
2025-01-29,kPEPE,-0.0635
2025-01-30,AAVE,-0.0283
2025-01-30,ADA,0.0062
2025-01-30,ARB,-0.0033
2025-01-30,AVAX,0.0059
2025-01-30,BCH,-0.0087
2025-01-30,BNB,0.0018
2025-01-30,BTC,0.0068
2025-01-30,CRV,-0.0188
2025-01-30,DOGE,0.0038
2025-01-30,ENA,-0.0192
2025-01-30,ETH,-0.0033
2025-01-30,GRASS,-0.0053
2025-01-30,JUP,-0.0007
2025-01-30,LDO,0.0021
2025-01-30,LINK,0.0255
2025-01-30,LTC,-0.0011
2025-01-30,NEAR,-0.0067
2025-01-30,ONDO,0.0029
2025-01-30,SOL,0.0084
2025-01-30,SUI,-0.0264
2025-01-30,TAO,0.0244
2025-01-30,UNI,0.0229
2025-01-30,WLD,0.0076
2025-01-30,XRP,0.0141
2025-01-30,ZRO,0.0032
2025-01-30,kPEPE,0.0164
2025-01-31,AAVE,-0.021
2025-01-31,ADA,0.0062
2025-01-31,ARB,-0.0107
2025-01-31,AVAX,-0.0115
2025-01-31,BCH,0.0005
2025-01-31,BNB,0.0046
2025-01-31,BTC,-0.0173
2025-01-31,CRV,0.0021
2025-01-31,DOGE,0.0122
2025-01-31,ENA,-0.0403
2025-01-31,ETH,0.0018
2025-01-31,GRASS,0.0209
2025-01-31,INJ,-0.0064
2025-01-31,JUP,0.006
2025-01-31,LDO,0.0005
2025-01-31,LINK,-0.0298
2025-01-31,LTC,-0.0064
2025-01-31,NEAR,-0.0028
2025-01-31,ONDO,0.016
2025-01-31,SOL,0.0102
2025-01-31,SUI,0.0163
2025-01-31,TAO,0.0063
2025-01-31,UNI,0.0277
2025-01-31,WLD,-0.0295
2025-01-31,XRP,0.0268
2025-01-31,ZRO,-0.0264
2025-01-31,kPEPE,-0.0659
2025-02-01,AAVE,-0.007
2025-02-01,ADA,-0.0814
2025-02-01,ARB,0.0369
2025-02-01,AVAX,-0.0287
2025-02-01,BCH,-0.0799
2025-02-01,BNB,-0.1705
2025-02-01,BTC,0.0033
2025-02-01,CRV,0.0713
2025-02-01,DOGE,-0.0571
2025-02-01,ENA,0.0421
2025-02-01,ETH,-0.1311
2025-02-01,GRASS,0.0391
2025-02-01,INJ,0.0187
2025-02-01,JUP,0.0198
2025-02-01,LDO,-0.0031
2025-02-01,LINK,0.0081
2025-02-01,LTC,-0.02
2025-02-01,NEAR,-0.0227
2025-02-01,ONDO,0.037
2025-02-01,SOL,0.0105
2025-02-01,SUI,-0.0137
2025-02-01,TAO,0.0237
2025-02-01,UNI,0.0096
2025-02-01,WLD,0.0406
2025-02-01,XRP,-0.0324
2025-02-01,ZRO,0.0298
2025-02-01,kPEPE,0.0402
2025-02-02,AAVE,0.0829
2025-02-02,ADA,0.0326
2025-02-02,ARB,-0.0182
2025-02-02,AVAX,0.0614
2025-02-02,BCH,0.0322
2025-02-02,BNB,-0.0876
2025-02-02,BTC,-0.1776
2025-02-02,CRV,0.0187
2025-02-02,DOGE,0.0636
2025-02-02,ENA,0.0613
2025-02-02,ETH,0.0037
2025-02-02,GRASS,0.0005
2025-02-02,HYPE,-0.0179
2025-02-02,INJ,0.0373
2025-02-02,JUP,-0.0237
2025-02-02,LDO,0.0067
2025-02-02,LINK,-0.0396
2025-02-02,LTC,0.0063
2025-02-02,NEAR,0.0095
2025-02-02,ONDO,-0.0428
2025-02-02,SOL,-0.0697
2025-02-02,SUI,0.0294
2025-02-02,TAO,0.0222
2025-02-02,UNI,-0.0501
2025-02-02,WLD,0.0261
2025-02-02,XRP,0.0136
2025-02-02,ZRO,0.0245
2025-02-02,kPEPE,0.0444
2025-02-03,AAVE,-0.0395
2025-02-03,ADA,0.0612
2025-02-03,ARB,0.0242
2025-02-03,AVAX,0.0415
2025-02-03,BCH,0.0318
2025-02-03,BNB,0.1372
2025-02-03,BTC,0.1532
2025-02-03,CRV,-0.0342
2025-02-03,DOGE,0.0342
2025-02-03,ENA,-0.0663
2025-02-03,ETH,0.103
2025-02-03,GRASS,-0.0725
2025-02-03,HYPE,-0.0208
2025-02-03,INJ,-0.0232
2025-02-03,JUP,0.0034
2025-02-03,LDO,-0.0067
2025-02-03,LINK,0.0212
2025-02-03,LTC,0.0089
2025-02-03,NEAR,0.0275
2025-02-03,ONDO,-0.0063
2025-02-03,SOL,0.0258
2025-02-03,SUI,-0.0326
2025-02-03,TAO,-0.0322
2025-02-03,UNI,0.0111
2025-02-03,WLD,-0.0221
2025-02-03,XRP,0.0039
2025-02-03,ZRO,-0.0088
2025-02-03,kPEPE,-0.0113
2025-02-04,AAVE,-0.0257
2025-02-04,ADA,-0.0421
2025-02-04,ARB,0.0024
2025-02-04,AVAX,-0.014
2025-02-04,BCH,0.008
2025-02-04,BNB,-0.0298
2025-02-04,BTC,-0.0756
2025-02-04,CRV,0.0114
2025-02-04,DOGE,-0.0114
2025-02-04,ENA,0.0105
2025-02-04,ETH,-0.0626
2025-02-04,GRASS,0.0526
2025-02-04,HYPE,0.0078
2025-02-04,INJ,0.0308
2025-02-04,JUP,-0.0126
2025-02-04,LDO,-0.0008
2025-02-04,LINK,-0.0234
2025-02-04,LTC,-0.0111
2025-02-04,NEAR,-0.0139
2025-02-04,ONDO,-0.0074
2025-02-04,SOL,-0.0115
2025-02-04,SUI,-0.0284
2025-02-04,TAO,-0.0191
2025-02-04,UNI,0.0119
2025-02-04,WLD,0.0432
2025-02-04,XRP,0.0021
2025-02-04,ZRO,-0.0207
2025-02-04,kPEPE,0.0244
2025-02-05,AAVE,-0.0061
2025-02-05,ADA,0.0333
2025-02-05,ARB,-0.0223
2025-02-05,AVAX,-0.0297
2025-02-05,BCH,-0.021
2025-02-05,BNB,0.0037
2025-02-05,BTC,0.0222
2025-02-05,CRV,-0.0344
2025-02-05,DOGE,-0.03
2025-02-05,ENA,0.0193
2025-02-05,ETH,-0.0111
2025-02-05,GRASS,-0.0552
2025-02-05,HYPE,0.0011
2025-02-05,INJ,-0.0154
2025-02-05,JUP,0.0062
2025-02-05,LDO,-0.0077
2025-02-05,LINK,0.0171
2025-02-05,LTC,-0.0201
2025-02-05,NEAR,0.0036
2025-02-05,ONDO,0.0125
2025-02-05,SOL,0.0195
2025-02-05,SUI,0.0226
2025-02-05,TAO,0.0003
2025-02-05,UNI,-0.0398
2025-02-05,WLD,-0.0341
2025-02-05,XRP,-0.0094
2025-02-05,ZRO,0.0459
2025-02-05,kPEPE,-0.0781
2025-02-06,AAVE,0.0044
2025-02-06,ADA,-0.039
2025-02-06,ARB,0.0019
2025-02-06,AVAX,-0.0321
2025-02-06,BCH,-0.0053
2025-02-06,BNB,-0.0697
2025-02-06,BTC,-0.1267
2025-02-06,CRV,0.0258
2025-02-06,DOGE,-0.0325
2025-02-06,ENA,0.0354
2025-02-06,ETH,-0.009
2025-02-06,GRASS,0.0655
2025-02-06,HYPE,0.009
2025-02-06,INJ,0.0065
2025-02-06,JUP,0.0131
2025-02-06,LDO,0.0027
2025-02-06,LINK,-0.017
2025-02-06,LTC,0.0068
2025-02-06,NEAR,0.0102
2025-02-06,ONDO,-0.023
2025-02-06,SOL,-0.0144
2025-02-06,SUI,0.0276
2025-02-06,TAO,0.0161
2025-02-06,UNI,0.0133
2025-02-06,WLD,-0.0163
2025-02-06,XRP,-0.0176
2025-02-06,ZRO,-0.0247
2025-02-06,kPEPE,0.04
2025-02-07,AAVE,0.0067
2025-02-07,ADA,0.0253
2025-02-07,ARB,0.0226
2025-02-07,AVAX,0.0286
2025-02-07,BCH,0.0054
2025-02-07,BNB,0.0514
2025-02-07,BTC,0.1239
2025-02-07,CRV,-0.0233
2025-02-07,DOGE,0.0369
2025-02-07,ENA,-0.0498
2025-02-07,ETH,0.0335
2025-02-07,GRASS,0.0086
2025-02-07,HYPE,-0.0112
2025-02-07,INJ,-0.0616
2025-02-07,JUP,-0.0077
2025-02-07,LDO,0.0206
2025-02-07,LINK,0.0513
2025-02-07,LTC,-0.0103
2025-02-07,NEAR,-0.0062
2025-02-07,ONDO,-0.0033
2025-02-07,SOL,0.0004
2025-02-07,SUI,0.0189
2025-02-07,TAO,-0.0059
2025-02-07,UNI,0.0143
2025-02-07,WLD,0.0121
2025-02-07,XRP,-0.0588
2025-02-07,ZRO,-0.0478
2025-02-07,kPEPE,0.0084
2025-02-08,AAVE,-0.0097
2025-02-08,ADA,0.01
2025-02-08,ARB,-0.0203
2025-02-08,AVAX,-0.0008
2025-02-08,BCH,0.0441
2025-02-08,BNB,0.0292
2025-02-08,BTC,0.0976
2025-02-08,CRV,-0.0341
2025-02-08,DOGE,-0.0069
2025-02-08,ENA,0.0018
2025-02-08,ETH,0.084
2025-02-08,GRASS,-0.0706
2025-02-08,HYPE,0.0112
2025-02-08,INJ,0.0212
2025-02-08,JUP,-0.0038
2025-02-08,LDO,0.0015
2025-02-08,LINK,-0.0151
2025-02-08,LTC,0.0351
2025-02-08,NEAR,0.0082
2025-02-08,ONDO,0.0072
2025-02-08,SOL,0.0299
2025-02-08,SUI,-0.0122
2025-02-08,TAO,-0.0266
2025-02-08,UNI,0.0074
2025-02-08,WLD,-0.0337
2025-02-08,XRP,0.0425
2025-02-08,ZRO,0.0434
2025-02-08,kPEPE,-0.0629
2025-02-09,AAVE,-0.0257
2025-02-09,ADA,-0.0309
2025-02-09,ARB,0.0071
2025-02-09,AVAX,-0.0204
2025-02-09,BCH,-0.0163
2025-02-09,BNB,0.0372
2025-02-09,BTC,0.0021
2025-02-09,CRV,-0.0073
2025-02-09,DOGE,0.019
2025-02-09,ENA,0.0058
2025-02-09,ETH,-0.011
2025-02-09,GRASS,0.0067
2025-02-09,HYPE,0.009
2025-02-09,INJ,0.006
2025-02-09,JUP,0.0061
2025-02-09,LDO,0.0104
2025-02-09,LINK,0.0038
2025-02-09,LTC,-0.013
2025-02-09,NEAR,-0.0148
2025-02-09,ONDO,0.0205
2025-02-09,SOL,-0.0358
2025-02-09,SUI,-0.0137
2025-02-09,TAO,-0.014
2025-02-09,UNI,0.0293
2025-02-09,WLD,-0.0029
2025-02-09,XRP,0.0035
2025-02-09,ZRO,-0.027
2025-02-09,kPEPE,0.011
2025-02-10,AAVE,0.0171
2025-02-10,ADA,0.0177
2025-02-10,ARB,-0.036
2025-02-10,AVAX,0.0217
2025-02-10,BCH,0.012
2025-02-10,BNB,0.0313
2025-02-10,BTC,-0.0055
2025-02-10,CRV,0.0131
2025-02-10,DOGE,-0.0091
2025-02-10,ENA,-0.0381
2025-02-10,ETH,0.0079
2025-02-10,GRASS,-0.0052
2025-02-10,HYPE,0.009
2025-02-10,INJ,-0.0227
2025-02-10,JUP,-0.0012
2025-02-10,LDO,-0.0195
2025-02-10,LINK,0.0024
2025-02-10,LTC,-0.0026
2025-02-10,NEAR,0.0028
2025-02-10,ONDO,0.0238
2025-02-10,SOL,0.028
2025-02-10,SUI,-0.0027
2025-02-10,TAO,0.0047
2025-02-10,UNI,-0.019
2025-02-10,WLD,0.0025
2025-02-10,XRP,0.0147
2025-02-10,ZRO,0.0038
2025-02-10,kPEPE,0.0033
2025-02-11,AAVE,0.0029
2025-02-11,ADA,-0.0546
2025-02-11,ARB,0.0137
2025-02-11,AVAX,0.0047
2025-02-11,BCH,-0.0036
2025-02-11,BNB,-0.024
2025-02-11,BTC,-0.0035
2025-02-11,CRV,-0.0028
2025-02-11,DOGE,0.0096
2025-02-11,ENA,0.0087
2025-02-11,ETH,-0.0204
2025-02-11,GRASS,-0.0003
2025-02-11,HYPE,-0.0058
2025-02-11,INJ,0.0255
2025-02-11,JUP,0.0074
2025-02-11,LDO,-0.0004
2025-02-11,LINK,0.0132
2025-02-11,LTC,0.0051
2025-02-11,NEAR,0.0004
2025-02-11,ONDO,0.0036
2025-02-11,SOL,0.0004
2025-02-11,SUI,-0.0262
2025-02-11,UNI,0.0108
2025-02-11,WLD,-0.011
2025-02-11,XRP,0.0113
2025-02-11,ZRO,-0.0065
2025-02-11,kPEPE,0.0079
2025-02-12,AAVE,0.0091
2025-02-12,ADA,0.016
2025-02-12,ARB,-0.0068
2025-02-12,AVAX,0.0008
2025-02-12,BCH,-0.0035
2025-02-12,BNB,-0.007
2025-02-12,BTC,0.0057
2025-02-12,CRV,0.0095
2025-02-12,DOGE,-0.003
2025-02-12,ENA,-0.0138
2025-02-12,ETH,0.0207
2025-02-12,GRASS,-0.0018
2025-02-12,HYPE,-0.0259
2025-02-12,INJ,-0.0058
2025-02-12,JUP,-0.0065
2025-02-12,LDO,-0.0053
2025-02-12,LINK,-0.0025
2025-02-12,LTC,0.0069
2025-02-12,NEAR,-0.0215
2025-02-12,ONDO,0.0037
2025-02-12,SOL,0.0131
2025-02-12,SUI,0.0098
2025-02-12,TAO,0.0042
2025-02-12,UNI,0.0004
2025-02-12,WLD,0.0057
2025-02-12,XRP,0.0009
2025-02-12,ZRO,0.0226
2025-02-12,kPEPE,-0.0085
2025-02-13,AAVE,-0.0121
2025-02-13,ADA,-0.0354
2025-02-13,ARB,0.0169
2025-02-13,AVAX,-0.0129
2025-02-13,BCH,0.0174
2025-02-13,BNB,-0.0512
2025-02-13,BTC,-0.0068
2025-02-13,CRV,0.01
2025-02-13,DOGE,-0.0002
2025-02-13,ENA,0.016
2025-02-13,ETH,-0.0061
2025-02-13,GRASS,0.0007
2025-02-13,HYPE,0.0036
2025-02-13,INJ,-0.0086
2025-02-13,JUP,0.0045
2025-02-13,LDO,0.002
2025-02-13,LINK,-0.0099
2025-02-13,LTC,0.0082
2025-02-13,NEAR,0.0179
2025-02-13,ONDO,-0.0173
2025-02-13,SOL,-0.0007
2025-02-13,SUI,0.0009
2025-02-13,TAO,0.0039
2025-02-13,UNI,0.0064
2025-02-13,WLD,-0.0086
2025-02-13,XRP,-0.0139
2025-02-13,ZRO,0.0029
2025-02-13,kPEPE,0.0193
2025-02-14,AAVE,0.0259
2025-02-14,ADA,0.0514
2025-02-14,ARB,-0.0024
2025-02-14,AVAX,0.0078
2025-02-14,BNB,0.023
2025-02-14,BTC,0.0135
2025-02-14,CRV,-0.0061
2025-02-14,DOGE,0.0028
2025-02-14,ENA,-0.0272
2025-02-14,ETH,0.0089
2025-02-14,GRASS,0.0028
2025-02-14,HYPE,0.011
2025-02-14,INJ,0.0073
2025-02-14,JUP,-0.0033
2025-02-14,LINK,0.0067
2025-02-14,LTC,-0.0117
2025-02-14,NEAR,-0.0062
2025-02-14,ONDO,0.0179
2025-02-14,PENGU,-0.0303
2025-02-14,SOL,0.0068
2025-02-14,SUI,0.0147
2025-02-14,TAO,0.0073
2025-02-14,UNI,-0.0019
2025-02-14,WLD,-0.0065
2025-02-14,XRP,0.0158
2025-02-14,ZRO,-0.0143
2025-02-14,kPEPE,-0.0196
2025-02-15,AAVE,-0.0118
2025-02-15,ADA,-0.0312
2025-02-15,ARB,-0.01
2025-02-15,AVAX,-0.0138
2025-02-15,BCH,-0.0053
2025-02-15,BNB,0.0027
2025-02-15,BTC,-0.0016
2025-02-15,CRV,0.0049
2025-02-15,DOGE,-0.0362
2025-02-15,ENA,0.0047
2025-02-15,ETH,0.0034
2025-02-15,GRASS,0.0004
2025-02-15,HYPE,0.0107
2025-02-15,INJ,-0.0166
2025-02-15,JUP,0.0019
2025-02-15,LDO,0.0001
2025-02-15,LINK,0.0002
2025-02-15,LTC,-0.0103
2025-02-15,NEAR,0.013
2025-02-15,ONDO,0.0064
2025-02-15,PENGU,0.0027
2025-02-15,SOL,0.0082
2025-02-15,SUI,-0.0057
2025-02-15,TAO,0.0107
2025-02-15,UNI,0.01
2025-02-15,WLD,0.0002
2025-02-15,XRP,-0.0149
2025-02-15,ZRO,0.0178
2025-02-15,kPEPE,0.0257
2025-02-16,AAVE,-0.0143
2025-02-16,ADA,0.0356
2025-02-16,ARB,-0.0065
2025-02-16,AVAX,-0.0156
2025-02-16,BCH,0.0005
2025-02-16,BNB,0.0248
2025-02-16,BTC,-0.0132
2025-02-16,CRV,-0.0097
2025-02-16,DOGE,0.0355
2025-02-16,ENA,0.0048
2025-02-16,ETH,0.0035
2025-02-16,GRASS,0.0011
2025-02-16,HYPE,0.018
2025-02-16,INJ,0.0195
2025-02-16,JUP,-0.0042
2025-02-16,LDO,-0.0033
2025-02-16,LINK,0.0072
2025-02-16,LTC,0.0117
2025-02-16,NEAR,-0.0336
2025-02-16,ONDO,-0.0257
2025-02-16,PENGU,0.0037
2025-02-16,SOL,-0.0145
2025-02-16,SUI,0.0009
2025-02-16,TAO,-0.0024
2025-02-16,UNI,-0.0107
2025-02-16,WLD,-0.0128
2025-02-16,XRP,0.0302
2025-02-16,ZRO,0.0002
2025-02-16,kPEPE,-0.0102
2025-02-17,AAVE,0.005
2025-02-17,ADA,-0.0459
2025-02-17,ARB,-0.0263
2025-02-17,AVAX,0.0117
2025-02-17,BCH,0.0003
2025-02-17,BNB,0.0082
2025-02-17,BTC,-0.0012
2025-02-17,CRV,0.0133
2025-02-17,ENA,-0.0103
2025-02-17,ETH,-0.0133
2025-02-17,FARTCOIN,0.0524
2025-02-17,HYPE,-0.0135
2025-02-17,INJ,0.0093
2025-02-17,JUP,-0.0072
2025-02-17,LDO,0.0037
2025-02-17,LINK,-0.0123
2025-02-17,LTC,0.005
2025-02-17,NEAR,0.029
2025-02-17,ONDO,0.0047
2025-02-17,PENGU,0.0042
2025-02-17,SOL,-0.0002
2025-02-17,SUI,0.0046
2025-02-17,TAO,0.0016
2025-02-17,UNI,-0.0127
2025-02-17,WLD,0.0299
2025-02-17,XRP,-0.0022
2025-02-17,ZRO,-0.0194
2025-02-17,kPEPE,-0.0214
2025-02-18,AAVE,-0.0105
2025-02-18,ADA,0.0692
2025-02-18,ARB,0.0307
2025-02-18,AVAX,-0.0044
2025-02-18,BCH,-0.0653
2025-02-18,BNB,0.0222
2025-02-18,BTC,-0.0121
2025-02-18,DOGE,-0.0045
2025-02-18,ENA,0.0042
2025-02-18,ETH,-0.0008
2025-02-18,FARTCOIN,0.0009
2025-02-18,GRASS,-0.0002
2025-02-18,HYPE,0.0024
2025-02-18,INJ,-0.0023
2025-02-18,JUP,-0.0009
2025-02-18,LDO,0.0022
2025-02-18,LINK,-0.0187
2025-02-18,LTC,-0.0045
2025-02-18,NEAR,-0.0028
2025-02-18,ONDO,-0.0211
2025-02-18,PENGU,0.0443
2025-02-18,SOL,0.0149
2025-02-18,SUI,-0.0003
2025-02-18,TAO,-0.0244
2025-02-18,UNI,-0.0356
2025-02-18,WLD,-0.005
2025-02-18,XRP,-0.0166
2025-02-18,ZRO,-0.0122
2025-02-18,kPEPE,0.0123
2025-02-19,AAVE,0.0243
2025-02-19,ADA,-0.024
2025-02-19,ARB,-0.0063
2025-02-19,AVAX,-0.0041
2025-02-19,BCH,0.063
2025-02-19,BNB,-0.0206
2025-02-19,BTC,0.0194
2025-02-19,CRV,-0.0146
2025-02-19,DOGE,0.0047
2025-02-19,ENA,0.0023
2025-02-19,ETH,0.0018
2025-02-19,FARTCOIN,-0.0001
2025-02-19,GRASS,0.0002
2025-02-19,HYPE,-0.0023
2025-02-19,INJ,-0.0216
2025-02-19,JUP,0.0028
2025-02-19,LDO,0.0015
2025-02-19,LTC,-0.0096
2025-02-19,NEAR,0.0067
2025-02-19,ONDO,0.0271
2025-02-19,PENGU,-0.0421
2025-02-19,SOL,0.0021
2025-02-19,SUI,-0.0075
2025-02-19,TAO,0.0022
2025-02-19,UNI,0.0483
2025-02-19,WLD,-0.0101
2025-02-19,XRP,-0.0032
2025-02-19,ZRO,0.0122
2025-02-19,kPEPE,0.0002
2025-02-20,AAVE,0.0114
2025-02-20,ADA,0.0248
2025-02-20,ARB,-0.0001
2025-02-20,AVAX,0.0068
2025-02-20,BCH,0.0038
2025-02-20,BNB,0.0075
2025-02-20,BTC,0.0266
2025-02-20,CRV,0.0121
2025-02-20,DOGE,0.0002
2025-02-20,ENA,0.0026
2025-02-20,ETH,0.0073
2025-02-20,FARTCOIN,-0.0666
2025-02-20,GRASS,0.0035
2025-02-20,HYPE,-0.0001
2025-02-20,INJ,0.0058
2025-02-20,JUP,0.0037
2025-02-20,LDO,0.0031
2025-02-20,LINK,0.0248
2025-02-20,LTC,0.014
2025-02-20,NEAR,-0.0392
2025-02-20,ONDO,0.0028
2025-02-20,PENGU,-0.0065
2025-02-20,SOL,-0.0101
2025-02-20,SUI,0.0035
2025-02-20,TAO,0.0064
2025-02-20,UNI,-0.0073
2025-02-20,WLD,0.0023
2025-02-20,XRP,0.0016
2025-02-20,ZRO,0.0086
2025-02-20,kPEPE,0.0052
2025-02-21,AAVE,-0.0055
2025-02-21,ADA,-0.0036
2025-02-21,ARB,0.0179
2025-02-21,AVAX,-0.0313
2025-02-21,BCH,-0.0074
2025-02-21,BNB,-0.0007
2025-02-21,BTC,-0.0088
2025-02-21,CRV,-0.0073
2025-02-21,DOGE,-0.0284
2025-02-21,ENA,-0.0096
2025-02-21,ETH,-0.0073
2025-02-21,FARTCOIN,0.0658
2025-02-21,GRASS,-0.0008
2025-02-21,HYPE,-0.0102
2025-02-21,INJ,-0.0167
2025-02-21,JUP,-0.0059
2025-02-21,LDO,0.0023
2025-02-21,LINK,-0.0166
2025-02-21,LTC,0.0269
2025-02-21,NEAR,0.0151
2025-02-21,ONDO,-0.0204
2025-02-21,PENGU,0.0051
2025-02-21,SOL,-0.003
2025-02-21,SUI,0.0021
2025-02-21,TAO,-0.001
2025-02-21,UNI,-0.0184
2025-02-21,WLD,-0.0154
2025-02-21,XRP,0.0155
2025-02-21,ZRO,0.0178
2025-02-22,AAVE,0.0028
2025-02-22,ADA,-0.0078
2025-02-22,ARB,-0.009
2025-02-22,AVAX,0.0084
2025-02-22,BCH,0.0031
2025-02-22,BNB,0.02
2025-02-22,BTC,-0.006
2025-02-22,CRV,0.0121
2025-02-22,DOGE,0.02
2025-02-22,ENA,0.0059
2025-02-22,ETH,0.0136
2025-02-22,FARTCOIN,-0.0281
2025-02-22,GRASS,0.0005
2025-02-22,HYPE,0.0098
2025-02-22,INJ,0.019
2025-02-22,JUP,0.0071
2025-02-22,LDO,-0.0018
2025-02-22,LINK,0.0191
2025-02-22,LTC,-0.0261
2025-02-22,NEAR,0.003
2025-02-22,ONDO,0.0088
2025-02-22,PENGU,-0.0052
2025-02-22,SOL,0.0119
2025-02-22,SUI,-0.0047
2025-02-22,TAO,0.0023
2025-02-22,UNI,0.0274
2025-02-22,WLD,0.0095
2025-02-22,XRP,-0.016
2025-02-22,ZRO,-0.0091
2025-02-22,kPEPE,-0.0072
2025-02-23,AAVE,-0.0116
2025-02-23,ADA,0.007
2025-02-23,ARB,-0.0059
2025-02-23,AVAX,0.0092
2025-02-23,BCH,-0.0488
2025-02-23,BNB,-0.0127
2025-02-23,BTC,0.014
2025-02-23,CRV,-0.0285
2025-02-23,DOGE,0.0072
2025-02-23,ENA,-0.0036
2025-02-23,ETH,-0.0345
2025-02-23,FARTCOIN,0.0133
2025-02-23,GRASS,-0.001
2025-02-23,HYPE,-0.0101
2025-02-23,INJ,-0.0205
2025-02-23,JUP,0.0043
2025-02-23,LDO,-0.01
2025-02-23,LINK,0.0052
2025-02-23,LTC,0.0344
2025-02-23,NEAR,0.012
2025-02-23,ONDO,-0.0059
2025-02-23,PENGU,0.0061
2025-02-23,SOL,-0.0235
2025-02-23,SUI,0.0051
2025-02-23,TAO,0.0044
2025-02-23,UNI,0.0121
2025-02-23,WLD,0.0027
2025-02-23,XRP,0.0153
2025-02-23,ZRO,0.0089
2025-02-23,kPEPE,0.0049
2025-02-24,AAVE,0.0466
2025-02-24,ADA,-0.044
2025-02-24,ARB,0.0065
2025-02-24,AVAX,0.0242
2025-02-24,BCH,-0.0539
2025-02-24,BNB,-0.115
2025-02-24,BTC,-0.268
2025-02-24,CRV,0.052
2025-02-24,DOGE,0.0063
2025-02-24,ENA,0.0772
2025-02-24,ETH,-0.0906
2025-02-24,FARTCOIN,0.0077
2025-02-24,GRASS,-0.0034
2025-02-24,HYPE,0.0656
2025-02-24,INJ,0.0147
2025-02-24,JUP,-0.0062
2025-02-24,LDO,0.0544
2025-02-24,LINK,0.0054
2025-02-24,LTC,-0.0207
2025-02-24,NEAR,-0.0574
2025-02-24,ONDO,0.0686
2025-02-24,PENGU,0.0668
2025-02-24,SOL,0.0662
2025-02-24,SUI,0.031
2025-02-24,TAO,0.0023
2025-02-24,UNI,-0.0655
2025-02-24,WLD,0.0052
2025-02-24,XRP,-0.0378
2025-02-24,ZRO,-0.0173
2025-02-24,kPEPE,0.0697
2025-02-25,AAVE,-0.0087
2025-02-25,ADA,0.0522
2025-02-25,ARB,0.0036
2025-02-25,AVAX,0.022
2025-02-25,BCH,0.078
2025-02-25,BNB,0.0995
2025-02-25,BTC,0.0936
2025-02-25,CRV,-0.0467
2025-02-25,DOGE,0.0284
2025-02-25,ENA,-0.0496
2025-02-25,ETH,0.117
2025-02-25,FARTCOIN,-0.0255
2025-02-25,GRASS,-0.0011
2025-02-25,HYPE,-0.0327
2025-02-25,INJ,0.0138
2025-02-25,JUP,0.0187
2025-02-25,LDO,-0.0103
2025-02-25,LINK,0.0193
2025-02-25,LTC,0.0131
2025-02-25,NEAR,0.0662
2025-02-25,ONDO,-0.0213
2025-02-25,PENGU,-0.0487
2025-02-25,SOL,-0.0182
2025-02-25,SUI,-0.0167
2025-02-25,TAO,-0.0139
2025-02-25,UNI,0.0027
2025-02-25,WLD,-0.0031
2025-02-25,XRP,0.0532
2025-02-25,ZRO,-0.0029
2025-02-25,kPEPE,-0.0599
2025-02-26,AAVE,0.0206
2025-02-26,ADA,0.0109
2025-02-26,ARB,-0.0193
2025-02-26,AVAX,0.0122
2025-02-26,BCH,0.0073
2025-02-26,BNB,-0.0351
2025-02-26,BTC,0.0367
2025-02-26,CRV,0.0014
2025-02-26,DOGE,0.0079
2025-02-26,ENA,-0.0039
2025-02-26,ETH,-0.0869
2025-02-26,FARTCOIN,-0.0077
2025-02-26,GRASS,0.0019
2025-02-26,HYPE,0.002
2025-02-26,INJ,0.0185
2025-02-26,JUP,-0.0321
2025-02-26,LDO,0.0407
2025-02-26,LINK,0.0171
2025-02-26,LTC,-0.0272
2025-02-26,NEAR,-0.0092
2025-02-26,ONDO,0.0077
2025-02-26,PENGU,0.0044
2025-02-26,SOL,-0.0288
2025-02-26,SUI,0.0154
2025-02-26,TAO,0.0038
2025-02-26,UNI,0.0529
2025-02-26,WLD,-0.0167
2025-02-26,XRP,-0.0052
2025-02-26,ZRO,-0.0031
2025-02-26,kPEPE,0.0037
2025-02-27,AAVE,-0.0496
2025-02-27,ADA,-0.0007
2025-02-27,ARB,0.0159
2025-02-27,AVAX,-0.0718
2025-02-27,BCH,0.0187
2025-02-27,BNB,0.0385
2025-02-27,BTC,0.0308
2025-02-27,CRV,0.0195
2025-02-27,DOGE,-0.0523
2025-02-27,ENA,-0.0202
2025-02-27,ETH,0.0469
2025-02-27,FARTCOIN,-0.0207
2025-02-27,GRASS,-0.0015
2025-02-27,HYPE,-0.0544
2025-02-27,INJ,-0.0434
2025-02-27,JUP,0.0209
2025-02-27,LDO,-0.0618
2025-02-27,LINK,-0.0344
2025-02-27,LTC,-0.0042
2025-02-27,NEAR,0.0185
2025-02-27,ONDO,-0.0247
2025-02-27,PENGU,-0.0366
2025-02-27,SOL,-0.0544
2025-02-27,SUI,-0.0197
2025-02-27,TAO,0.0326
2025-02-27,UNI,-0.0166
2025-02-27,WLD,-0.008
2025-02-27,XRP,-0.0003
2025-02-27,ZRO,-0.0093
2025-02-27,kPEPE,-0.0195
2025-02-28,AAVE,-0.003
2025-02-28,ADA,0.0053
2025-02-28,ARB,0.0035
2025-02-28,AVAX,0.0072
2025-02-28,BCH,-0.0413
2025-02-28,BNB,-0.0147
2025-02-28,BTC,0.0075
2025-02-28,CRV,-0.0026
2025-02-28,DOGE,0.0199
2025-02-28,ENA,-0.0025
2025-02-28,ETH,0.0075
2025-02-28,FARTCOIN,0.0005
2025-02-28,GRASS,0.0021
2025-02-28,HYPE,0.021
2025-02-28,INJ,0.0135
2025-02-28,JUP,-0.0197
2025-02-28,LDO,0.0153
2025-02-28,LINK,-0.0048
2025-02-28,LTC,-0.0067
2025-02-28,NEAR,0.0043
2025-02-28,ONDO,-0.0282
2025-02-28,PENGU,-0.0031
2025-02-28,SOL,-0.005
2025-02-28,SUI,-0.0242
2025-02-28,TAO,0.0101
2025-02-28,UNI,0.0173
2025-02-28,WLD,0.0241
2025-02-28,XRP,-0.003
2025-02-28,ZRO,-0.0097
2025-02-28,kPEPE,0.0079
2025-03-01,AAVE,0.02
2025-03-01,ADA,-0.0604
2025-03-01,ARB,-0.006
2025-03-01,AVAX,0.0344
2025-03-01,BCH,-0.0038
2025-03-01,BNB,0.008
2025-03-01,BTC,-0.0177
2025-03-01,CRV,-0.0088
2025-03-01,DOGE,-0.0298
2025-03-01,ENA,0.0028
2025-03-01,ETH,0.018
2025-03-01,FARTCOIN,0.0637
2025-03-01,GRASS,-0.0023
2025-03-01,HYPE,0.0138
2025-03-01,INJ,-0.0039
2025-03-01,JUP,0.0106
2025-03-01,LDO,0.0038
2025-03-01,LINK,0.0064
2025-03-01,LTC,0.0218
2025-03-01,NEAR,-0.0822
2025-03-01,ONDO,-0.0287
2025-03-01,PENGU,0.0069
2025-03-01,SOL,0.0063
2025-03-01,SUI,0.0151
2025-03-01,TAO,-0.0481
2025-03-01,UNI,-0.0058
2025-03-01,WLD,0.0128
2025-03-01,XRP,0.0052
2025-03-01,ZRO,-0.004
2025-03-01,kPEPE,0.0325
2025-03-02,AAVE,-0.0199
2025-03-02,ADA,-0.0131
2025-03-02,ARB,0.0166
2025-03-02,AVAX,-0.0033
2025-03-02,BCH,0.0603
2025-03-02,BNB,0.0215
2025-03-02,BTC,0.0675
2025-03-02,CRV,0.0004
2025-03-02,DOGE,-0.0101
2025-03-02,ENA,0.0006
2025-03-02,ETH,-0.0166
2025-03-02,FARTCOIN,-0.0344
2025-03-02,GRASS,0.0029
2025-03-02,HYPE,0.0201
2025-03-02,INJ,0.0246
2025-03-02,JUP,0.0173
2025-03-02,LDO,-0.0141
2025-03-02,LINK,-0.0744
2025-03-02,LTC,0.0255
2025-03-02,NEAR,0.0901
2025-03-02,ONDO,0.0194
2025-03-02,PENGU,0.0258
2025-03-02,SOL,-0.0075
2025-03-02,SUI,0.0002
2025-03-02,TAO,0.0144
2025-03-02,UNI,0.01
2025-03-02,WLD,0.0099
2025-03-02,XRP,-0.0762
2025-03-02,ZRO,0.0466
2025-03-02,kPEPE,-0.0525
2025-03-03,AAVE,0.0446
2025-03-03,ADA,0.017
2025-03-03,ARB,-0.0156
2025-03-03,AVAX,-0.0041
2025-03-03,BCH,-0.0586
2025-03-03,BNB,-0.1045
2025-03-03,BTC,-0.1848
2025-03-03,CRV,0.024
2025-03-03,DOGE,0.0304
2025-03-03,ENA,0.038
2025-03-03,ETH,-0.0308
2025-03-03,FARTCOIN,0.0177
2025-03-03,GRASS,-0.0039
2025-03-03,HYPE,-0.0351
2025-03-03,INJ,0.0381
2025-03-03,JUP,0.0047
2025-03-03,LDO,0.0692
2025-03-03,LINK,0.0415
2025-03-03,LTC,-0.0135
2025-03-03,NEAR,-0.0195
2025-03-03,ONDO,0.0027
2025-03-03,PENGU,0.0281
2025-03-03,SOL,0.024
2025-03-03,SUI,0.0325
2025-03-03,TAO,0.074
2025-03-03,UNI,-0.0566
2025-03-03,WLD,-0.0281
2025-03-03,XRP,0.0074
2025-03-03,ZRO,0.0176
2025-03-03,kPEPE,0.0751
2025-03-04,AAVE,-0.0645
2025-03-04,ADA,0.0006
2025-03-04,ARB,0.0284
2025-03-04,AVAX,0.009
2025-03-04,BCH,0.0609
2025-03-04,BNB,0.0842
2025-03-04,BTC,0.1665
2025-03-04,CRV,-0.0188
2025-03-04,DOGE,-0.0207
2025-03-04,ENA,-0.0212
2025-03-04,ETH,0.0275
2025-03-04,FARTCOIN,-0.0257
2025-03-04,GRASS,0.0088
2025-03-04,HYPE,0.0465
2025-03-04,INJ,-0.0474
2025-03-04,JUP,0.0081
2025-03-04,LDO,-0.005
2025-03-04,LINK,-0.0311
2025-03-04,LTC,-0.0017
2025-03-04,NEAR,-0.0051
2025-03-04,ONDO,0.028
2025-03-04,PENGU,-0.0353
2025-03-04,SOL,-0.0049
2025-03-04,SUI,0.0115
2025-03-04,TAO,-0.0143
2025-03-04,UNI,0.0643
2025-03-04,WLD,-0.0092
2025-03-04,XRP,0.0056
2025-03-04,ZRO,-0.0064
2025-03-04,kPEPE,-0.0256
2025-03-05,AAVE,0.0048
2025-03-05,ADA,0.0011
2025-03-05,ARB,-0.0358
2025-03-05,AVAX,-0.0269
2025-03-05,BCH,-0.1017
2025-03-05,BNB,0.0147
2025-03-05,BTC,-0.0212
2025-03-05,CRV,0.0194
2025-03-05,DOGE,0.0249
2025-03-05,ENA,0.0142
2025-03-05,ETH,0.0432
2025-03-05,FARTCOIN,-0.009
2025-03-05,GRASS,-0.0076
2025-03-05,HYPE,0.026
2025-03-05,INJ,-0.0064
2025-03-05,JUP,0.0139
2025-03-05,LDO,-0.0577
2025-03-05,LINK,0.0059
2025-03-05,LTC,0.0422
2025-03-05,NEAR,-0.0104
2025-03-05,ONDO,-0.021
2025-03-05,PENGU,0.0022
2025-03-05,SOL,0.01
2025-03-05,SUI,-0.0054
2025-03-05,TAO,-0.0101
2025-03-05,UNI,0.0024
2025-03-05,WLD,0.0698
2025-03-05,XRP,0.004
2025-03-05,ZRO,0.0153
2025-03-05,kPEPE,0.0122
2025-03-06,AAVE,-0.0076
2025-03-06,ADA,-0.0209
2025-03-06,ARB,-0.0001
2025-03-06,AVAX,-0.0206
2025-03-06,BCH,-0.0138
2025-03-06,BNB,0.025
2025-03-06,BTC,0.0288
2025-03-06,CRV,0.009
2025-03-06,DOGE,-0.0109
2025-03-06,ENA,-0.0315
2025-03-06,ETH,-0.0312
2025-03-06,FARTCOIN,-0.0203
2025-03-06,GRASS,0.0219
2025-03-06,HYPE,-0.0173
2025-03-06,INJ,0.0191
2025-03-06,JUP,-0.0066
2025-03-06,LDO,-0.0065
2025-03-06,LINK,-0.0297
2025-03-06,LTC,-0.0434
2025-03-06,NEAR,-0.0209
2025-03-06,ONDO,-0.0222
2025-03-06,PENGU,-0.002
2025-03-06,SOL,-0.0162
2025-03-06,SUI,-0.0444
2025-03-06,TAO,-0.0241
2025-03-06,UNI,-0.0013
2025-03-06,WLD,-0.0254
2025-03-06,XRP,-0.0139
2025-03-06,ZRO,-0.0193
2025-03-06,kPEPE,-0.0187
2025-03-07,AAVE,0.0054
2025-03-07,ADA,-0.0002
2025-03-07,ARB,-0.0069
2025-03-07,AVAX,0.0087
2025-03-07,BCH,-0.0007
2025-03-07,BNB,0.0016
2025-03-07,BTC,-0.0057
2025-03-07,CRV,-0.0381
2025-03-07,DOGE,-0.0136
2025-03-07,ENA,-0.0078
2025-03-07,ETH,-0.0047
2025-03-07,FARTCOIN,0.0407
2025-03-07,GRASS,-0.0125
2025-03-07,HYPE,0.0081
2025-03-07,INJ,-0.003
2025-03-07,JUP,0.0092
2025-03-07,LDO,0.0139
2025-03-07,LINK,0.0141
2025-03-07,LTC,0.0075
2025-03-07,NEAR,0.0139
2025-03-07,ONDO,0.003
2025-03-07,PENGU,-0.0181
2025-03-07,SOL,0.0122
2025-03-07,SUI,0.0114
2025-03-07,TAO,0.0248
2025-03-07,UNI,-0.0108
2025-03-07,WLD,0.0142
2025-03-07,XRP,0.0012
2025-03-07,ZRO,-0.0065
2025-03-07,kPEPE,-0.0289
2025-03-08,AAVE,-0.0147
2025-03-08,ADA,-0.0007
2025-03-08,ARB,-0.0177
2025-03-08,AVAX,-0.0466
2025-03-08,BCH,0.0293
2025-03-08,BNB,-0.0198
2025-03-08,BTC,0.0042
2025-03-08,CRV,-0.0038
2025-03-08,DOGE,0.013
2025-03-08,ENA,-0.0013
2025-03-08,ETH,-0.0265
2025-03-08,FARTCOIN,-0.0015
2025-03-08,GRASS,0.0313
2025-03-08,HYPE,0.004
2025-03-08,INJ,0.0199
2025-03-08,JUP,0.0151
2025-03-08,LDO,-0.0389
2025-03-08,LINK,-0.0077
2025-03-08,NEAR,0.025
2025-03-08,ONDO,0.0255
2025-03-08,PENGU,0.0305
2025-03-08,SOL,-0.0027
2025-03-08,TAO,-0.0276
2025-03-08,UNI,-0.0476
2025-03-08,WLD,0.004
2025-03-08,XRP,-0.0011
2025-03-08,ZRO,-0.0138
2025-03-08,kPEPE,0.0266
2025-03-09,AAVE,0.0289
2025-03-09,ADA,0.0152
2025-03-09,ARB,0.0347
2025-03-09,AVAX,0.0923
2025-03-09,BCH,-0.0148
2025-03-09,BNB,-0.1461
2025-03-09,BTC,-0.1613
2025-03-09,CRV,0.0198
2025-03-09,DOGE,0.01
2025-03-09,ENA,-0.0032
2025-03-09,ETH,-0.0581
2025-03-09,FARTCOIN,0.0049
2025-03-09,GRASS,0.0061
2025-03-09,HYPE,-0.0985
2025-03-09,INJ,0.0135
2025-03-09,LDO,0.0136
2025-03-09,LINK,0.0458
2025-03-09,LTC,-0.0569
2025-03-09,NEAR,-0.0216
2025-03-09,ONDO,0.0173
2025-03-09,PENGU,0.0263
2025-03-09,SOL,-0.0124
2025-03-09,SUI,0.003
2025-03-09,TAO,0.0184
2025-03-09,UNI,0.0004
2025-03-09,WLD,-0.0074
2025-03-09,XRP,0.0011
2025-03-09,ZRO,0.0383
2025-03-09,kPEPE,0.0549
2025-03-10,AAVE,-0.0428
2025-03-10,ADA,-0.0111
2025-03-10,ARB,0.0075
2025-03-10,AVAX,0.0273
2025-03-10,BCH,0.0222
2025-03-10,BNB,0.0123
2025-03-10,BTC,-0.0093
2025-03-10,CRV,-0.024
2025-03-10,DOGE,0.0168
2025-03-10,ENA,0.0005
2025-03-10,ETH,0.0237
2025-03-10,FARTCOIN,-0.0357
2025-03-10,GRASS,0.0008
2025-03-10,HYPE,0.0462
2025-03-10,INJ,0.0049
2025-03-10,JUP,-0.0606
2025-03-10,LDO,0.0321
2025-03-10,LINK,-0.0137
2025-03-10,LTC,0.048
2025-03-10,NEAR,0.0105
2025-03-10,ONDO,0.0186
2025-03-10,PENGU,-0.0622
2025-03-10,SOL,0.011
2025-03-10,SUI,0.0345
2025-03-10,TAO,0.022
2025-03-10,UNI,0.0275
2025-03-10,WLD,-0.0275
2025-03-10,XRP,-0.0057
2025-03-10,ZRO,-0.0119
2025-03-10,kPEPE,-0.048
2025-03-11,AAVE,0.0242
2025-03-11,ADA,-0.0053
2025-03-11,ARB,0.014
2025-03-11,AVAX,-0.0495
2025-03-11,BCH,0.0037
2025-03-11,BNB,0.1515
2025-03-11,BTC,0.117
2025-03-11,CRV,0.0107
2025-03-11,DOGE,0.0008
2025-03-11,ENA,0.0017
2025-03-11,ETH,0.0616
2025-03-11,FARTCOIN,-0.0134
2025-03-11,GRASS,-0.0384
2025-03-11,HYPE,0.0242
2025-03-11,INJ,-0.0126
2025-03-11,JUP,0.0221
2025-03-11,LDO,-0.0176
2025-03-11,LINK,-0.002
2025-03-11,LTC,0.0129
2025-03-11,NEAR,-0.0071
2025-03-11,ONDO,-0.0509
2025-03-11,PENGU,0.0089
2025-03-11,SOL,-0.0077
2025-03-11,SUI,-0.0189
2025-03-11,TAO,-0.0776
2025-03-11,UNI,0.036
2025-03-11,WLD,0.0506
2025-03-11,XRP,-0.0067
2025-03-11,ZRO,-0.0067
2025-03-11,kPEPE,-0.0117
2025-03-12,AAVE,0.0066
2025-03-12,ADA,0.0007
2025-03-12,ARB,-0.0011
2025-03-12,AVAX,-0.0465
2025-03-12,BCH,0.0331
2025-03-12,BNB,-0.0048
2025-03-12,BTC,0.0463
2025-03-12,CRV,0.0036
2025-03-12,DOGE,-0.0456
2025-03-12,ENA,0.0061
2025-03-12,ETH,-0.0042
2025-03-12,FARTCOIN,0.0005
2025-03-12,GRASS,-0.004
2025-03-12,HYPE,0.0108
2025-03-12,INJ,-0.0354
2025-03-12,JUP,0.003
2025-03-12,LDO,0.0057
2025-03-12,LINK,0.0079
2025-03-12,LTC,0.0336
2025-03-12,NEAR,0.0028
2025-03-12,ONDO,-0.0077
2025-03-12,PENGU,0.0088
2025-03-12,SOL,0.0033
2025-03-12,SUI,0.0089
2025-03-12,TAO,0.0097
2025-03-12,UNI,-0.0053
2025-03-12,WLD,-0.0474
2025-03-12,XRP,0.0011
2025-03-12,ZRO,-0.0336
2025-03-12,kPEPE,-0.0469
2025-03-13,AAVE,0.0391
2025-03-13,ADA,0.0039
2025-03-13,ARB,-0.0271
2025-03-13,AVAX,-0.0191
2025-03-13,BCH,0.0101
2025-03-13,BNB,0.0049
2025-03-13,BTC,-0.066
2025-03-13,CRV,-0.0066
2025-03-13,DOGE,-0.01
2025-03-13,ENA,0.0263
2025-03-13,ETH,0.0045
2025-03-13,FARTCOIN,0.0536
2025-03-13,GRASS,0.009
2025-03-13,HYPE,0.0235
2025-03-13,INJ,0.0218
2025-03-13,JUP,-0.0242
2025-03-13,LDO,-0.0263
2025-03-13,LINK,0.0255
2025-03-13,LTC,-0.028
2025-03-13,NEAR,-0.0428
2025-03-13,ONDO,0.0169
2025-03-13,PENGU,-0.0187
2025-03-13,SOL,0.0056
2025-03-13,SUI,0.0095
2025-03-13,TAO,0.0211
2025-03-13,UNI,-0.027
2025-03-13,WLD,-0.0347
2025-03-13,XRP,-0.0067
2025-03-13,ZRO,0.029
2025-03-13,kPEPE,-0.0003
2025-03-14,AAVE,-0.0416
2025-03-14,ADA,-0.0037
2025-03-14,ARB,0.0238
2025-03-14,AVAX,0.0173
2025-03-14,BCH,-0.0007
2025-03-14,BNB,0.0103
2025-03-14,BTC,0.0677
2025-03-14,CRV,0.0355
2025-03-14,DOGE,0.0163
2025-03-14,ETH,0.0038
2025-03-14,FARTCOIN,-0.015
2025-03-14,GRASS,-0.0152
2025-03-14,HYPE,-0.0511
2025-03-14,INJ,-0.0278
2025-03-14,JUP,0.0094
2025-03-14,LDO,0.0146
2025-03-14,LINK,-0.0388
2025-03-14,LTC,0.0149
2025-03-14,NEAR,0.0463
2025-03-14,ONDO,-0.0027
2025-03-14,PENGU,0.0116
2025-03-14,SOL,-0.021
2025-03-14,SUI,-0.0219
2025-03-14,TAO,-0.0204
2025-03-14,UNI,0.0277
2025-03-14,WLD,0.0413
2025-03-14,XRP,0.009
2025-03-14,ZRO,-0.0067
2025-03-14,kPEPE,0.0119
2025-03-15,AAVE,0.0175
2025-03-15,ADA,-0.0002
2025-03-15,ARB,0.0002
2025-03-15,AVAX,0.0149
2025-03-15,BCH,0.0038
2025-03-15,BNB,0.0097
2025-03-15,BTC,-0.0028
2025-03-15,CRV,-0.003
2025-03-15,DOGE,-0.0072
2025-03-15,ENA,-0.0118
2025-03-15,ETH,-0.0077
2025-03-15,GRASS,0.002
2025-03-15,HYPE,-0.0332
2025-03-15,INJ,0.0151
2025-03-15,JUP,-0.006
2025-03-15,LDO,0.0089
2025-03-15,LINK,-0.0143
2025-03-15,LTC,0.004
2025-03-15,NEAR,0.0068
2025-03-15,ONDO,0.0055
2025-03-15,PENGU,-0.0027
2025-03-15,SOL,0.0052
2025-03-15,SUI,0.0031
2025-03-15,TAO,0.0204
2025-03-15,UNI,-0.0161
2025-03-15,WLD,0.0311
2025-03-15,XRP,0.0055
2025-03-15,ZRO,-0.0489
2025-03-15,kPEPE,0.0138
2025-03-16,ADA,0.0007
2025-03-16,ARB,0.0106
2025-03-16,AVAX,0.0038
2025-03-16,BCH,-0.0104
2025-03-16,BNB,-0.0029
2025-03-16,BTC,-0.0099
2025-03-16,CRV,-0.0227
2025-03-16,DOGE,0.0191
2025-03-16,ENA,-0.0123
2025-03-16,ETH,-0.0278
2025-03-16,FARTCOIN,-0.0361
2025-03-16,GRASS,0.0369
2025-03-16,HYPE,0.0005
2025-03-16,INJ,-0.003
2025-03-16,JUP,0.0369
2025-03-16,LDO,0.0035
2025-03-16,LINK,0.0036
2025-03-16,LTC,-0.0028
2025-03-16,NEAR,0.0038
2025-03-16,ONDO,-0.0113
2025-03-16,PENGU,-0.0005
2025-03-16,SOL,-0.0022
2025-03-16,SUI,-0.0184
2025-03-16,TAO,-0.0178
2025-03-16,UNI,-0.0035
2025-03-16,WLD,0.0046
2025-03-16,XRP,-0.0062
2025-03-16,ZRO,-0.0057
2025-03-16,kPEPE,-0.0029
2025-03-17,AAVE,-0.0205
2025-03-17,ADA,-0.0009
2025-03-17,ARB,-0.0143
2025-03-17,AVAX,0.0063
2025-03-17,BCH,-0.0142
2025-03-17,BNB,-0.0145
2025-03-17,BTC,0.0078
2025-03-17,CRV,0.0065
2025-03-17,DOGE,-0.0157
2025-03-17,ENA,0.0168
2025-03-17,ETH,0.0298
2025-03-17,FARTCOIN,-0.0015
2025-03-17,GRASS,-0.032
2025-03-17,HYPE,0.036
2025-03-17,INJ,-0.0061
2025-03-17,JUP,-0.0283
2025-03-17,LDO,0.0123
2025-03-17,LINK,0.023
2025-03-17,LTC,0.0245
2025-03-17,NEAR,0.0032
2025-03-17,ONDO,0.0029
2025-03-17,PENGU,0.0083
2025-03-17,SOL,0.0082
2025-03-17,SUI,0.0031
2025-03-17,TAO,-0.0144
2025-03-17,UNI,0.0195
2025-03-17,WLD,-0.0144
2025-03-17,XRP,0.0015
2025-03-17,ZRO,0.0053
2025-03-17,kPEPE,-0.013
2025-03-18,AAVE,-0.0055
2025-03-18,ADA,-0.0003
2025-03-18,ARB,-0.0071
2025-03-18,AVAX,-0.0268
2025-03-18,BCH,0.021
2025-03-18,BNB,0.0093
2025-03-18,BTC,-0.0057
2025-03-18,CRV,-0.0318
2025-03-18,DOGE,-0.0062
2025-03-18,ENA,-0.0047
2025-03-18,ETH,-0.0046
2025-03-18,FARTCOIN,0.0044
2025-03-18,GRASS,0.0298
2025-03-18,HYPE,-0.0315
2025-03-18,JUP,0.0124
2025-03-18,LDO,0.0028
2025-03-18,LINK,0.0078
2025-03-18,LTC,-0.0114
2025-03-18,NEAR,0.0096
2025-03-18,ONDO,0.0057
2025-03-18,PENGU,0.0103
2025-03-18,SOL,0.018
2025-03-18,TAO,0.0177
2025-03-18,UNI,-0.0356
2025-03-18,WLD,-0.004
2025-03-18,XRP,-0.0006
2025-03-18,ZRO,-0.0046
2025-03-18,kPEPE,-0.0077
2025-03-19,AAVE,0.0027
2025-03-19,ADA,0.0007
2025-03-19,ARB,0.0178
2025-03-19,AVAX,0.043
2025-03-19,BCH,-0.0065
2025-03-19,BNB,-0.0133
2025-03-19,BTC,0.0109
2025-03-19,CRV,0.0448
2025-03-19,DOGE,0.0137
2025-03-19,ENA,-0.0121
2025-03-19,ETH,0.0124
2025-03-19,FARTCOIN,-0.0033
2025-03-19,GRASS,-0.0173
2025-03-19,HYPE,-0.0194
2025-03-19,INJ,0.009
2025-03-19,JUP,0.0094
2025-03-19,LDO,-0.0429
2025-03-19,LINK,-0.015
2025-03-19,LTC,0.006
2025-03-19,NEAR,-0.0167
2025-03-19,ONDO,-0.0168
2025-03-19,PENGU,0.0074
2025-03-19,SOL,-0.0132
2025-03-19,SUI,-0.0119
2025-03-19,TAO,0.0086
2025-03-19,UNI,-0.0041
2025-03-19,WLD,0.0032
2025-03-19,XRP,0.0028
2025-03-19,ZRO,0.007
2025-03-19,kPEPE,0.0294
2025-03-20,AAVE,0.0059
2025-03-20,ADA,0.0044
2025-03-20,ARB,-0.0033
2025-03-20,AVAX,0.0024
2025-03-20,BCH,0.01
2025-03-20,BNB,0.0118
2025-03-20,BTC,-0.0056
2025-03-20,CRV,-0.0035
2025-03-20,DOGE,-0.0063
2025-03-20,ENA,0.0121
2025-03-20,ETH,-0.0079
2025-03-20,FARTCOIN,0.0015
2025-03-20,GRASS,-0.0147
2025-03-20,HYPE,0.0208
2025-03-20,JUP,0.0035
2025-03-20,LDO,-0.0059
2025-03-20,LINK,-0.0115
2025-03-20,LTC,-0.0013
2025-03-20,NEAR,-0.0035
2025-03-20,ONDO,0.0223
2025-03-20,PENGU,0.0025
2025-03-20,SOL,0.0061
2025-03-20,SUI,0.0061
2025-03-20,TAO,0.0116
2025-03-20,UNI,-0.0334
2025-03-20,WLD,-0.0037
2025-03-20,XRP,-0.0011
2025-03-20,ZRO,-0.0069
2025-03-20,kPEPE,-0.0302
2025-03-21,AAVE,-0.0119
2025-03-21,ADA,0.0044
2025-03-21,ARB,0.0038
2025-03-21,AVAX,-0.028
2025-03-21,BCH,-0.0353
2025-03-21,BNB,0.0084
2025-03-21,BTC,-0.0034
2025-03-21,CRV,0.0163
2025-03-21,DOGE,0.0102
2025-03-21,ENA,-0.0072
2025-03-21,ETH,0.0031
2025-03-21,FARTCOIN,-0.0013
2025-03-21,GRASS,0.0222
2025-03-21,HYPE,-0.017
2025-03-21,INJ,0.0065
2025-03-21,JUP,0.0066
2025-03-21,LDO,0.015
2025-03-21,LINK,0.0294
2025-03-21,NEAR,-0.0164
2025-03-21,ONDO,-0.0055
2025-03-21,PENGU,-0.0228
2025-03-21,SOL,-0.0243
2025-03-21,SUI,-0.0031
2025-03-21,TAO,0.0066
2025-03-21,UNI,0.0371
2025-03-21,WLD,-0.01
2025-03-21,XRP,-0.0023
2025-03-21,ZRO,0.005
2025-03-21,kPEPE,0.0192
2025-03-22,AAVE,0.0175
2025-03-22,ADA,-0.0014
2025-03-22,ARB,-0.0068
2025-03-22,AVAX,0.0266
2025-03-22,BCH,0.0035
2025-03-22,BNB,-0.0221
2025-03-22,BTC,-0.0021
2025-03-22,CRV,-0.0593
2025-03-22,DOGE,-0.0165
2025-03-22,ENA,-0.0025
2025-03-22,ETH,0.0037
2025-03-22,FARTCOIN,-0.0003
2025-03-22,GRASS,-0.0291
2025-03-22,HYPE,0.0091
2025-03-22,INJ,-0.0123
2025-03-22,JUP,-0.0024
2025-03-22,LDO,-0.0031
2025-03-22,LINK,-0.0233
2025-03-22,LTC,0.0103
2025-03-22,NEAR,0.0243
2025-03-22,PENGU,0.0048
2025-03-22,SOL,0.0253
2025-03-22,SUI,0.018
2025-03-22,TAO,0.0007
2025-03-22,UNI,0.0297
2025-03-22,WLD,0.0141
2025-03-22,XRP,-0.0033
2025-03-22,ZRO,0.0001
2025-03-23,ADA,0.0005
2025-03-23,ARB,0.0072
2025-03-23,AVAX,-0.0083
2025-03-23,BCH,0.0072
2025-03-23,BNB,0.0128
2025-03-23,BTC,0.0091
2025-03-23,CRV,0.015
2025-03-23,DOGE,0.0124
2025-03-23,ENA,-0.0101
2025-03-23,ETH,-0.0025
2025-03-23,FARTCOIN,0.0016
2025-03-23,GRASS,0.0081
2025-03-23,HYPE,-0.0027
2025-03-23,INJ,0.0186
2025-03-23,JUP,-0.0202
2025-03-23,LDO,0.0184
2025-03-23,LINK,0.0092
2025-03-23,LTC,-0.0106
2025-03-23,NEAR,0.007
2025-03-23,ONDO,0.0027
2025-03-23,PENGU,0.0052
2025-03-23,SOL,-0.0124
2025-03-23,SUI,-0.0122
2025-03-23,TAO,-0.0099
2025-03-23,UNI,-0.0182
2025-03-23,WLD,-0.0035
2025-03-23,XRP,0.0033
2025-03-23,ZRO,-0.0012
2025-03-23,kPEPE,-0.011
2025-03-24,AAVE,0.003
2025-03-24,ADA,0.0044
2025-03-24,ARB,-0.0041
2025-03-24,AVAX,-0.0209
2025-03-24,BCH,0.0107
2025-03-24,BNB,0.0061
2025-03-24,BTC,-0.0094
2025-03-24,CRV,-0.0123
2025-03-24,DOGE,-0.0024
2025-03-24,ENA,0.0031
2025-03-24,ETH,0.0031
2025-03-24,FARTCOIN,-0.0002
2025-03-24,GRASS,-0.0051
2025-03-24,HYPE,0.0061
2025-03-24,INJ,-0.0126
2025-03-24,JUP,0.0199
2025-03-24,LDO,0.0063
2025-03-24,LINK,-0.0068
2025-03-24,LTC,0.0151
2025-03-24,NEAR,0.0035
2025-03-24,PENGU,-0.0071
2025-03-24,SOL,0.0065
2025-03-24,SUI,0.0122
2025-03-24,TAO,0.0127
2025-03-24,UNI,0.0109
2025-03-24,WLD,-0.0275
2025-03-24,XRP,-0.0006
2025-03-24,kPEPE,0.0085
2025-03-25,AAVE,0.0088
2025-03-25,ADA,-0.0009
2025-03-25,ARB,0.0035
2025-03-25,AVAX,-0.016
2025-03-25,BNB,0.0002
2025-03-25,CRV,0.0215
2025-03-25,DOGE,-0.0227
2025-03-25,ENA,-0.0023
2025-03-25,ETH,-0.0012
2025-03-25,FARTCOIN,-0.0014
2025-03-25,GRASS,-0.0032
2025-03-25,HYPE,0.0149
2025-03-25,INJ,0.0094
2025-03-25,JUP,-0.0033
2025-03-25,LDO,0.0095
2025-03-25,LINK,-0.0152
2025-03-25,LTC,0.0008
2025-03-25,NEAR,-0.0071
2025-03-25,ONDO,-0.0167
2025-03-25,PENGU,0.0149
2025-03-25,SOL,-0.0107
2025-03-25,TAO,-0.0032
2025-03-25,UNI,0.0037
2025-03-25,WLD,0.0067
2025-03-25,XRP,0.0039
2025-03-25,ZRO,0.0024
2025-03-25,kPEPE,0.0054
2025-03-26,AAVE,0.0055
2025-03-26,ADA,0.0073
2025-03-26,ARB,-0.0108
2025-03-26,AVAX,0.0153
2025-03-26,BCH,-0.0355
2025-03-26,BNB,-0.0036
2025-03-26,BTC,-0.0043
2025-03-26,CRV,-0.0114
2025-03-26,DOGE,-0.0271
2025-03-26,ENA,0.0218
2025-03-26,ETH,-0.0047
2025-03-26,FARTCOIN,0.0052
2025-03-26,GRASS,0.0122
2025-03-26,HYPE,0.0246
2025-03-26,INJ,-0.0007
2025-03-26,JUP,0.0053
2025-03-26,LDO,0.0063
2025-03-26,LINK,0.0291
2025-03-26,LTC,-0.012
2025-03-26,NEAR,0.005
2025-03-26,ONDO,0.0169
2025-03-26,PENGU,-0.0096
2025-03-26,SOL,0.0221
2025-03-26,SUI,-0.0445
2025-03-26,TAO,-0.0011
2025-03-26,UNI,-0.0015
2025-03-26,WLD,-0.05
2025-03-26,XRP,0.026
2025-03-26,ZRO,0.0077
2025-03-26,kPEPE,-0.0256
2025-03-27,AAVE,-0.0172
2025-03-27,ADA,-0.0078
2025-03-27,ARB,0.008
2025-03-27,AVAX,0.0074
2025-03-27,BCH,0.0246
2025-03-27,BNB,0.0069
2025-03-27,BTC,0.0035
2025-03-27,CRV,-0.0096
2025-03-27,DOGE,0.0314
2025-03-27,ENA,-0.0215
2025-03-27,ETH,0.0015
2025-03-27,FARTCOIN,-0.0042
2025-03-27,GRASS,-0.0006
2025-03-27,HYPE,-0.0062
2025-03-27,INJ,-0.0056
2025-03-27,JUP,0.0039
2025-03-27,LDO,-0.0056
2025-03-27,LINK,0.0035
2025-03-27,LTC,0.0018
2025-03-27,NEAR,0.0012
2025-03-27,ONDO,0.0054
2025-03-27,PENGU,0.0069
2025-03-27,SOL,-0.0026
2025-03-27,SUI,0.0051
2025-03-27,TAO,-0.0027
2025-03-27,UNI,-0.002
2025-03-27,WLD,0.0227
2025-03-27,XRP,-0.0138
2025-03-27,ZRO,-0.0071
2025-03-27,kPEPE,0.0148
2025-03-28,AAVE,-0.0091
2025-03-28,ADA,-0.0121
2025-03-28,ARB,-0.011
2025-03-28,AVAX,0.0275
2025-03-28,BCH,-0.0463
2025-03-28,BNB,-0.0035
2025-03-28,BTC,-0.0007
2025-03-28,CRV,-0.0017
2025-03-28,DOGE,0.0053
2025-03-28,ENA,0.033
2025-03-28,ETH,-0.0382
2025-03-28,FARTCOIN,0.0033
2025-03-28,GRASS,-0.0158
2025-03-28,HYPE,0.0225
2025-03-28,INJ,-0.0124
2025-03-28,JUP,-0.029
2025-03-28,LDO,0.0133
2025-03-28,LINK,0.0082
2025-03-28,LTC,0.0026
2025-03-28,NEAR,-0.0105
2025-03-28,PENGU,-0.0076
2025-03-28,SOL,-0.0212
2025-03-28,SUI,0.0063
2025-03-28,TAO,0.0063
2025-03-28,UNI,0.0114
2025-03-28,WLD,0.0072
2025-03-28,XRP,-0.0203
2025-03-28,ZRO,0.0407
2025-03-28,kPEPE,0.0107
2025-03-29,AAVE,0.0296
2025-03-29,ADA,0.0075
2025-03-29,ARB,0.0207
2025-03-29,AVAX,-0.0242
2025-03-29,BCH,-0.0073
2025-03-29,BNB,-0.0034
2025-03-29,CRV,-0.003
2025-03-29,DOGE,-0.0047
2025-03-29,ENA,-0.0166
2025-03-29,ETH,0.0122
2025-03-29,FARTCOIN,-0.0039
2025-03-29,GRASS,-0.0008
2025-03-29,HYPE,-0.0172
2025-03-29,INJ,0.0062
2025-03-29,JUP,0.0423
2025-03-29,LDO,-0.0001
2025-03-29,LINK,-0.0092
2025-03-29,LTC,-0.0999
2025-03-29,NEAR,-0.0003
2025-03-29,ONDO,-0.0055
2025-03-29,PENGU,0.0078
2025-03-29,SOL,-0.0055
2025-03-29,SUI,0.0271
2025-03-29,TAO,0.0156
2025-03-29,UNI,-0.0113
2025-03-29,WLD,-0.0033
2025-03-29,ZRO,-0.0256
2025-03-29,kPEPE,0.0028
2025-03-30,AAVE,-0.0058
2025-03-30,ADA,0.004
2025-03-30,ARB,-0.0135
2025-03-30,AVAX,-0.0073
2025-03-30,BCH,0.0471
2025-03-30,BNB,-0.0026
2025-03-30,BTC,-0.0106
2025-03-30,CRV,0.0144
2025-03-30,DOGE,0.0099
2025-03-30,ENA,-0.0145
2025-03-30,ETH,0.021
2025-03-30,FARTCOIN,-0.0002
2025-03-30,GRASS,0.0063
2025-03-30,HYPE,0.0091
2025-03-30,INJ,-0.028
2025-03-30,JUP,-0.0523
2025-03-30,LDO,0.0074
2025-03-30,LINK,-0.0059
2025-03-30,LTC,0.0577
2025-03-30,NEAR,-0.0231
2025-03-30,ONDO,0.0028
2025-03-30,PENGU,-0.0269
2025-03-30,SOL,0.0189
2025-03-30,SUI,-0.027
2025-03-30,TAO,-0.0091
2025-03-30,UNI,0.0198
2025-03-30,WLD,0.0473
2025-03-30,XRP,0.0103
2025-03-30,ZRO,-0.0145
2025-03-31,AAVE,0.012
2025-03-31,ADA,-0.0048
2025-03-31,ARB,0.0068
2025-03-31,AVAX,0.0182
2025-03-31,BCH,-0.0295
2025-03-31,BNB,-0.0053
2025-03-31,BTC,0.0082
2025-03-31,CRV,-0.0111
2025-03-31,DOGE,0.0143
2025-03-31,ENA,0.0193
2025-03-31,ETH,0.0177
2025-03-31,FARTCOIN,-0.0003
2025-03-31,GRASS,-0.0087
2025-03-31,HYPE,-0.047
2025-03-31,INJ,0.025
2025-03-31,JUP,0.0887
2025-03-31,LDO,-0.0301
2025-03-31,LINK,-0.02
2025-03-31,LTC,0.0129
2025-03-31,NEAR,0.0237
2025-03-31,PENGU,0.0163
2025-03-31,SOL,0.0039
2025-03-31,SUI,0.0151
2025-03-31,TAO,-0.0125
2025-03-31,UNI,-0.0462
2025-03-31,WLD,-0.0036
2025-03-31,XRP,0.0025
2025-03-31,ZRO,0.0042
2025-03-31,kPEPE,-0.0244
2025-04-01,AAVE,-0.0121
2025-04-01,ADA,0.0058
2025-04-01,ARB,-0.0113
2025-04-01,AVAX,-0.0164
2025-04-01,BCH,0.0356
2025-04-01,BNB,-0.0054
2025-04-01,BTC,0.0208
2025-04-01,CRV,0.0012
2025-04-01,DOGE,0.0128
2025-04-01,ENA,-0.0205
2025-04-01,ETH,-0.0057
2025-04-01,FARTCOIN,0.0001
2025-04-01,GRASS,0.0114
2025-04-01,HYPE,0.0153
2025-04-01,INJ,-0.0178
2025-04-01,JUP,-0.0439
2025-04-01,LDO,0.0088
2025-04-01,LINK,0.019
2025-04-01,LTC,0.0173
2025-04-01,NEAR,-0.0239
2025-04-01,ONDO,-0.0193
2025-04-01,PENGU,0.0013
2025-04-01,SOL,0.0382
2025-04-01,SUI,-0.0109
2025-04-01,TAO,-0.0094
2025-04-01,UNI,0.007
2025-04-01,WLD,-0.0017
2025-04-01,XRP,0.0393
2025-04-01,ZRO,-0.0018
2025-04-01,kPEPE,0.0035
2025-04-02,AAVE,0.0133
2025-04-02,ADA,0.0104
2025-04-02,ARB,0.0155
2025-04-02,AVAX,0.0082
2025-04-02,BCH,-0.0236
2025-04-02,BNB,-0.071
2025-04-02,BTC,-0.1616
2025-04-02,CRV,0.0044
2025-04-02,DOGE,-0.0273
2025-04-02,ENA,0.0251
2025-04-02,ETH,-0.0858
2025-04-02,FARTCOIN,0.0381
2025-04-02,GRASS,0.028
2025-04-02,HYPE,0.0003
2025-04-02,INJ,0.0549
2025-04-02,JUP,0.0425
2025-04-02,LDO,-0.0044
2025-04-02,LINK,0.0157
2025-04-02,LTC,-0.1
2025-04-02,NEAR,0.0201
2025-04-02,ONDO,-0.0162
2025-04-02,PENGU,0.0534
2025-04-02,SOL,-0.003
2025-04-02,SUI,-0.0084
2025-04-02,TAO,0.0292
2025-04-02,UNI,-0.0299
2025-04-02,WLD,0.0155
2025-04-02,XRP,-0.0434
2025-04-02,kPEPE,0.0151
2025-04-03,AAVE,0.0347
2025-04-03,ADA,0.0469
2025-04-03,ARB,-0.0117
2025-04-03,AVAX,-0.0045
2025-04-03,BCH,-0.0028
2025-04-03,BNB,0.0667
2025-04-03,BTC,0.1033
2025-04-03,CRV,-0.007
2025-04-03,DOGE,0.0066
2025-04-03,ENA,-0.0192
2025-04-03,ETH,0.0698
2025-04-03,FARTCOIN,0.0018
2025-04-03,GRASS,-0.039
2025-04-03,HYPE,0.0027
2025-04-03,INJ,-0.028
2025-04-03,JUP,-0.0739
2025-04-03,LDO,-0.0109
2025-04-03,LINK,-0.014
2025-04-03,LTC,0.0437
2025-04-03,NEAR,-0.0426
2025-04-03,ONDO,0.0072
2025-04-03,PENGU,-0.0492
2025-04-03,SOL,0.0105
2025-04-03,SUI,0.0161
2025-04-03,TAO,-0.0208
2025-04-03,UNI,0.0521
2025-04-03,WLD,-0.0662
2025-04-03,XRP,0.0632
2025-04-03,ZRO,0.0026
2025-04-03,kPEPE,-0.0074
2025-04-04,AAVE,-0.0225
2025-04-04,ADA,-0.0185
2025-04-04,ARB,0.0067
2025-04-04,AVAX,-0.0127
2025-04-04,BCH,0.0703
2025-04-04,BNB,0.0032
2025-04-04,BTC,0.0371
2025-04-04,CRV,0.0024
2025-04-04,DOGE,-0.0232
2025-04-04,ENA,0.0055
2025-04-04,ETH,0.0271
2025-04-04,FARTCOIN,0.0003
2025-04-04,GRASS,0.0079
2025-04-04,HYPE,-0.0087
2025-04-04,INJ,-0.0152
2025-04-04,JUP,-0.0259
2025-04-04,LDO,0.0099
2025-04-04,LINK,-0.0044
2025-04-04,LTC,0.0426
2025-04-04,NEAR,0.0132
2025-04-04,ONDO,0.0346
2025-04-04,PENGU,-0.0086
2025-04-04,SOL,-0.0232
2025-04-04,SUI,0.0066
2025-04-04,TAO,-0.0215
2025-04-04,UNI,-0.0013
2025-04-04,WLD,0.025
2025-04-04,XRP,-0.0259
2025-04-04,ZRO,0.0002
2025-04-04,kPEPE,-0.0027
2025-04-05,AAVE,-0.0315
2025-04-05,ADA,0.0116
2025-04-05,ARB,-0.0035
2025-04-05,AVAX,0.0058
2025-04-05,BCH,-0.0796
2025-04-05,BNB,-0.0005
2025-04-05,BTC,0.0055
2025-04-05,CRV,0.0125
2025-04-05,DOGE,0.016
2025-04-05,ENA,-0.0142
2025-04-05,ETH,-0.0091
2025-04-05,FARTCOIN,-0.0375
2025-04-05,GRASS,0.0065
2025-04-05,HYPE,-0.0121
2025-04-05,INJ,0.0089
2025-04-05,JUP,0.0373
2025-04-05,LDO,0.0066
2025-04-05,LINK,0.0169
2025-04-05,LTC,0.0289
2025-04-05,NEAR,-0.0092
2025-04-05,ONDO,0.022
2025-04-05,PENGU,-0.0048
2025-04-05,SUI,0.0056
2025-04-05,TAO,-0.0052
2025-04-05,UNI,-0.0246
2025-04-05,XRP,-0.0418
2025-04-05,ZRO,0.0017
2025-04-05,kPEPE,0.0167
2025-04-06,AAVE,0.0714
2025-04-06,ADA,0.0099
2025-04-06,ARB,-0.0103
2025-04-06,AVAX,-0.0126
2025-04-06,BCH,-0.0087
2025-04-06,BNB,-0.1697
2025-04-06,BTC,-0.1648
2025-04-06,CRV,0.0467
2025-04-06,DOGE,-0.0424
2025-04-06,ENA,0.0978
2025-04-06,ETH,-0.0099
2025-04-06,FARTCOIN,0.0019
2025-04-06,GRASS,0.0167
2025-04-06,HYPE,0.0935
2025-04-06,INJ,-0.003
2025-04-06,JUP,0.0676
2025-04-06,LDO,0.0091
2025-04-06,LINK,0.0123
2025-04-06,LTC,-0.006
2025-04-06,NEAR,0.0026
2025-04-06,ONDO,-0.0557
2025-04-06,PENGU,0.0554
2025-04-06,SOL,-0.0225
2025-04-06,SUI,0.0544
2025-04-06,TAO,0.0262
2025-04-06,UNI,-0.0214
2025-04-06,WLD,0.0573
2025-04-06,XRP,-0.0117
2025-04-06,ZRO,0.0044
2025-04-06,kPEPE,-0.0233
2025-04-07,AAVE,-0.0051
2025-04-07,ADA,0.0328
2025-04-07,ARB,-0.0022
2025-04-07,AVAX,-0.0026
2025-04-07,BCH,0.0997
2025-04-07,BNB,0.0934
2025-04-07,BTC,0.1117
2025-04-07,CRV,-0.029
2025-04-07,DOGE,0.0263
2025-04-07,ENA,-0.0566
2025-04-07,ETH,0.0149
2025-04-07,FARTCOIN,-0.0029
2025-04-07,GRASS,-0.0311
2025-04-07,HYPE,-0.058
2025-04-07,INJ,-0.003
2025-04-07,JUP,-0.0098
2025-04-07,LDO,-0.0048
2025-04-07,LINK,0.0372
2025-04-07,LTC,0.0289
2025-04-07,NEAR,0.006
2025-04-07,ONDO,0.0384
2025-04-07,PENGU,-0.0424
2025-04-07,SOL,0.0365
2025-04-07,SUI,-0.0389
2025-04-07,TAO,-0.0316
2025-04-07,UNI,0.0257
2025-04-07,WLD,-0.0354
2025-04-07,XRP,0.0337
2025-04-07,ZRO,-0.0048
2025-04-07,kPEPE,0.0169
2025-04-08,AAVE,0.0054
2025-04-08,ADA,-0.0158
2025-04-08,ARB,-0.0106
2025-04-08,AVAX,-0.0029
2025-04-08,BCH,-0.1099
2025-04-08,BNB,-0.0967
2025-04-08,BTC,-0.0958
2025-04-08,CRV,0.003
2025-04-08,DOGE,0.0003
2025-04-08,ENA,0.0502
2025-04-08,ETH,-0.001
2025-04-08,FARTCOIN,0.0013
2025-04-08,GRASS,0.0138
2025-04-08,HYPE,-0.0028
2025-04-08,INJ,0.0166
2025-04-08,JUP,-0.0507
2025-04-08,LDO,0.0197
2025-04-08,LINK,-0.035
2025-04-08,LTC,-0.065
2025-04-08,NEAR,0.0483
2025-04-08,ONDO,-0.0249
2025-04-08,PENGU,0.0446
2025-04-08,SOL,-0.0558
2025-04-08,SUI,0.0214
2025-04-08,TAO,0.0186
2025-04-08,UNI,-0.0004
2025-04-08,WLD,0.045
2025-04-08,XRP,-0.0073
2025-04-08,ZRO,0.0315
2025-04-08,kPEPE,0.0346
2025-04-09,AAVE,-0.0625
2025-04-09,ADA,-0.0359
2025-04-09,ARB,0.0314
2025-04-09,AVAX,0.0373
2025-04-09,BCH,0.1012
2025-04-09,BNB,0.1797
2025-04-09,BTC,0.1434
2025-04-09,CRV,-0.0331
2025-04-09,DOGE,0.0316
2025-04-09,ENA,-0.0861
2025-04-09,ETH,-0.032
2025-04-09,FARTCOIN,0.009
2025-04-09,GRASS,0.0007
2025-04-09,HYPE,-0.0341
2025-04-09,INJ,-0.0135
2025-04-09,JUP,-0.0185
2025-04-09,LDO,-0.0725
2025-04-09,LINK,-0.0436
2025-04-09,LTC,0.018
2025-04-09,NEAR,-0.035
2025-04-09,ONDO,0.0052
2025-04-09,PENGU,-0.0506
2025-04-09,SOL,0.0454
2025-04-09,SUI,-0.048
2025-04-09,TAO,-0.0236
2025-04-09,UNI,0.0023
2025-04-09,WLD,-0.0754
2025-04-09,XRP,0.033
2025-04-09,ZRO,-0.0363
2025-04-09,kPEPE,-0.031
2025-04-10,AAVE,-0.0003
2025-04-10,ADA,0.0054
2025-04-10,ARB,-0.01
2025-04-10,AVAX,-0.0217
2025-04-10,BCH,-0.0004
2025-04-10,BNB,-0.0039
2025-04-10,BTC,0.0057
2025-04-10,CRV,-0.0003
2025-04-10,DOGE,-0.0063
2025-04-10,ENA,0.02
2025-04-10,ETH,-0.0498
2025-04-10,FARTCOIN,-0.0075
2025-04-10,GRASS,-0.0073
2025-04-10,HYPE,-0.0019
2025-04-10,INJ,-0.0244
2025-04-10,JUP,-0.0029
2025-04-10,LDO,0.0282
2025-04-10,LINK,0.0096
2025-04-10,LTC,-0.0016
2025-04-10,NEAR,0.0134
2025-04-10,ONDO,-0.003
2025-04-10,PENGU,0.0454
2025-04-10,SUI,-0.0084
2025-04-10,TAO,-0.0025
2025-04-10,UNI,-0.0005
2025-04-10,WLD,-0.0196
2025-04-10,XRP,-0.0204
2025-04-10,ZRO,0.0148
2025-04-10,kPEPE,0.0203
2025-04-11,ADA,-0.0021
2025-04-11,ARB,0.0072
2025-04-11,AVAX,0.0258
2025-04-11,BCH,-0.0152
2025-04-11,BNB,0.0148
2025-04-11,BTC,0.0098
2025-04-11,CRV,-0.0044
2025-04-11,DOGE,0.0102
2025-04-11,ENA,-0.005
2025-04-11,ETH,0.0478
2025-04-11,FARTCOIN,0.0033
2025-04-11,GRASS,0.0205
2025-04-11,HYPE,0.0066
2025-04-11,INJ,0.0245
2025-04-11,JUP,0.0087
2025-04-11,LDO,-0.0224
2025-04-11,LINK,-0.0081
2025-04-11,LTC,0.0097
2025-04-11,NEAR,0.0033
2025-04-11,ONDO,-0.0054
2025-04-11,PENGU,-0.0612
2025-04-11,SOL,-0.0203
2025-04-11,SUI,0.0084
2025-04-11,TAO,0.0084
2025-04-11,UNI,-0.0002
2025-04-11,WLD,0.003
2025-04-11,XRP,0.0228
2025-04-11,ZRO,-0.0108
2025-04-11,kPEPE,-0.0156
2025-04-12,AAVE,-0.0296
2025-04-12,ADA,0.0147
2025-04-12,ARB,-0.0039
2025-04-12,AVAX,-0.0003
2025-04-12,BCH,-0.0127
2025-04-12,BNB,0.0013
2025-04-12,BTC,0.0024
2025-04-12,CRV,0.0094
2025-04-12,DOGE,0.0055
2025-04-12,ENA,-0.0154
2025-04-12,ETH,-0.0002
2025-04-12,FARTCOIN,-0.0049
2025-04-12,GRASS,0.0086
2025-04-12,HYPE,-0.0048
2025-04-12,INJ,0.0032
2025-04-12,JUP,-0.0201
2025-04-12,LDO,0.0111
2025-04-12,LINK,0.0158
2025-04-12,LTC,0.0048
2025-04-12,NEAR,-0.0002
2025-04-12,ONDO,0.0113
2025-04-12,PENGU,0.0059
2025-04-12,SOL,-0.002
2025-04-12,SUI,-0.0029
2025-04-12,TAO,0.0017
2025-04-12,UNI,0.0033
2025-04-12,WLD,0.0249
2025-04-12,XRP,0.0008
2025-04-12,ZRO,0.0013
2025-04-12,kPEPE,-0.0054
2025-04-13,AAVE,0.0267
2025-04-13,ADA,-0.005
2025-04-13,ARB,0.0073
2025-04-13,AVAX,0.0109
2025-04-13,BCH,-0.0392
2025-04-13,BNB,-0.0045
2025-04-13,BTC,-0.0016
2025-04-13,CRV,0.0053
2025-04-13,DOGE,-0.005
2025-04-13,ENA,-0.0089
2025-04-13,ETH,-0.0182
2025-04-13,FARTCOIN,0.0034
2025-04-13,GRASS,-0.0324
2025-04-13,HYPE,0.006
2025-04-13,INJ,0.0226
2025-04-13,JUP,-0.0029
2025-04-13,LDO,0.0199
2025-04-13,LINK,0.0067
2025-04-13,LTC,0.0009
2025-04-13,NEAR,-0.0004
2025-04-13,ONDO,0.0059
2025-04-13,PENGU,-0.0024
2025-04-13,SOL,0.0066
2025-04-13,SUI,-0.0058
2025-04-13,TAO,0.0105
2025-04-13,UNI,-0.0033
2025-04-13,WLD,-0.0083
2025-04-13,XRP,-0.0276
2025-04-13,ZRO,0.0112
2025-04-13,kPEPE,-0.0134
2025-04-14,AAVE,-0.003
2025-04-14,ADA,0.0014
2025-04-14,ARB,-0.0041
2025-04-14,AVAX,-0.0159
2025-04-14,BCH,-0.0037
2025-04-14,BNB,0.0078
2025-04-14,BTC,-0.0016
2025-04-14,CRV,0.0077
2025-04-14,DOGE,-0.0006
2025-04-14,ENA,0.0124
2025-04-14,ETH,-0.0183
2025-04-14,FARTCOIN,0.0012
2025-04-14,GRASS,-0.0012
2025-04-14,HYPE,-0.0039
2025-04-14,INJ,-0.0099
2025-04-14,JUP,0.0313
2025-04-14,LDO,-0.0283
2025-04-14,LINK,0.003
2025-04-14,LTC,-0.0027
2025-04-14,NEAR,-0.0099
2025-04-14,ONDO,-0.02
2025-04-14,PENGU,0.0048
2025-04-14,SOL,-0.0205
2025-04-14,SUI,0.0198
2025-04-14,TAO,0.0158
2025-04-14,UNI,0.0128
2025-04-14,WLD,0.0055
2025-04-14,XRP,0.0364
2025-04-14,ZRO,-0.0195
2025-04-14,kPEPE,0.003
2025-04-15,AAVE,-0.026
2025-04-15,ADA,-0.0076
2025-04-15,ARB,-0.0181
2025-04-15,AVAX,-0.0046
2025-04-15,BCH,0.015
2025-04-15,BNB,-0.0138
2025-04-15,BTC,-0.0068
2025-04-15,CRV,-0.007
2025-04-15,DOGE,0.0031
2025-04-15,ENA,0.0313
2025-04-15,ETH,-0.0226
2025-04-15,FARTCOIN,0.0045
2025-04-15,GRASS,0.0001
2025-04-15,HYPE,0.0209
2025-04-15,INJ,0.0061
2025-04-15,JUP,-0.0141
2025-04-15,LDO,-0.0135
2025-04-15,LINK,-0.0033
2025-04-15,LTC,0.0032
2025-04-15,NEAR,0.0187
2025-04-15,ONDO,0.0228
2025-04-15,PENGU,0.0028
2025-04-15,SOL,0.0113
2025-04-15,SUI,-0.0054
2025-04-15,TAO,-0.0363
2025-04-15,UNI,-0.0006
2025-04-15,WLD,0.0133
2025-04-15,XRP,-0.0426
2025-04-15,ZRO,0.0006
2025-04-15,kPEPE,0.0079
2025-04-16,AAVE,0.0201
2025-04-16,ARB,0.0112
2025-04-16,BNB,0.024
2025-04-16,BTC,-0.0056
2025-04-16,CRV,-0.0045
2025-04-16,DOGE,0.0001
2025-04-16,ENA,-0.0213
2025-04-16,ETH,0.0527
2025-04-16,FARTCOIN,-0.0084
2025-04-16,GRASS,0.0027
2025-04-16,HYPE,-0.0187
2025-04-16,INJ,-0.003
2025-04-16,JUP,-0.0227
2025-04-16,LDO,0.022
2025-04-16,LINK,0.0034
2025-04-16,LTC,-0.0039
2025-04-16,NEAR,-0.0188
2025-04-16,ONDO,-0.0028
2025-04-16,PENGU,-0.0072
2025-04-16,SOL,-0.0172
2025-04-16,SUI,0.0026
2025-04-16,TAO,0.0337
2025-04-16,UNI,-0.0126
2025-04-16,WLD,-0.024
2025-04-16,XRP,0.0442
2025-04-16,ZRO,0.0079
2025-04-16,kPEPE,-0.0063
2025-04-17,AAVE,-0.0089
2025-04-17,ADA,0.0023
2025-04-17,ARB,-0.0139
2025-04-17,BCH,-0.0074
2025-04-17,BNB,0.0002
2025-04-17,BTC,0.0099
2025-04-17,CRV,-0.0072
2025-04-17,DOGE,0.0024
2025-04-17,ENA,-0.0073
2025-04-17,ETH,0.0038
2025-04-17,FARTCOIN,-0.0002
2025-04-17,GRASS,0.0123
2025-04-17,HYPE,-0.0043
2025-04-17,INJ,0.0035
2025-04-17,JUP,0.0198
2025-04-17,LDO,0.014
2025-04-17,LINK,0.005
2025-04-17,LTC,-0.0034
2025-04-17,NEAR,-0.0285
2025-04-17,ONDO,0.0115
2025-04-17,PENGU,0.0038
2025-04-17,SOL,0.0155
2025-04-17,SUI,-0.0113
2025-04-17,TAO,-0.026
2025-04-17,UNI,0.0162
2025-04-17,WLD,0.0134
2025-04-17,XRP,-0.0133
2025-04-17,ZRO,-0.0002
2025-04-17,kPEPE,0.011
2025-04-18,AAVE,0.0118
2025-04-18,ADA,-0.0172
2025-04-18,ARB,-0.0279
2025-04-18,AVAX,0.0056
2025-04-18,BCH,0.0107
2025-04-18,BNB,0.0064
2025-04-18,BTC,-0.0054
2025-04-18,CRV,0.0105
2025-04-18,DOGE,-0.0126
2025-04-18,ENA,-0.004
2025-04-18,ETH,0.0157
2025-04-18,FARTCOIN,0.0471
2025-04-18,GRASS,0.0035
2025-04-18,HYPE,-0.0012
2025-04-18,INJ,-0.0132
2025-04-18,JUP,-0.0306
2025-04-18,LDO,-0.0112
2025-04-18,LTC,0.0026
2025-04-18,NEAR,0.0379
2025-04-18,ONDO,-0.006
2025-04-18,PENGU,0.001
2025-04-18,SOL,0.0019
2025-04-18,SUI,0.0196
2025-04-18,TAO,-0.0078
2025-04-18,UNI,0.0071
2025-04-18,WLD,-0.0133
2025-04-18,XRP,0.0166
2025-04-18,ZRO,0.0067
2025-04-18,kPEPE,-0.0156
2025-04-19,AAVE,0.0029
2025-04-19,ADA,0.0214
2025-04-19,ARB,0.0238
2025-04-19,AVAX,0.0004
2025-04-19,BCH,0.0113
2025-04-19,BNB,-0.0227
2025-04-19,BTC,0.0154
2025-04-19,CRV,-0.0077
2025-04-19,DOGE,-0.0006
2025-04-19,ENA,0.0113
2025-04-19,ETH,-0.0045
2025-04-19,FARTCOIN,-0.01
2025-04-19,GRASS,-0.0103
2025-04-19,HYPE,0.0009
2025-04-19,INJ,-0.0217
2025-04-19,JUP,0.0224
2025-04-19,LDO,0.0113
2025-04-19,LINK,0.0025
2025-04-19,LTC,0.0051
2025-04-19,NEAR,-0.0408
2025-04-19,ONDO,-0.0055
2025-04-19,PENGU,0.0062
2025-04-19,SOL,0.0241
2025-04-19,SUI,-0.0084
2025-04-19,TAO,0.0019
2025-04-19,UNI,0.0037
2025-04-19,WLD,-0.0078
2025-04-19,XRP,0.003
2025-04-19,ZRO,-0.0042
2025-04-19,kPEPE,0.0213
2025-04-20,AAVE,0.0114
2025-04-20,ADA,-0.0158
2025-04-20,ARB,-0.0271
2025-04-20,AVAX,-0.0093
2025-04-20,BCH,0.0033
2025-04-20,BNB,0.013
2025-04-20,BTC,-0.0023
2025-04-20,CRV,0.0075
2025-04-20,DOGE,0.0061
2025-04-20,ENA,0.0118
2025-04-20,ETH,-0.0044
2025-04-20,FARTCOIN,0.0012
2025-04-20,GRASS,0.0129
2025-04-20,HYPE,0.0082
2025-04-20,INJ,-0.0088
2025-04-20,JUP,0.0057
2025-04-20,LDO,-0.0001
2025-04-20,LINK,-0.0134
2025-04-20,LTC,-0.0016
2025-04-20,NEAR,-0.0115
2025-04-20,ONDO,-0.0028
2025-04-20,PENGU,0.0026
2025-04-20,SOL,0.0011
2025-04-20,SUI,0.014
2025-04-20,TAO,0.0013
2025-04-20,UNI,-0.0043
2025-04-20,WLD,-0.01
2025-04-20,XRP,0.0029
2025-04-20,ZRO,-0.0125
2025-04-20,kPEPE,-0.0054
2025-04-21,AAVE,-0.0057
2025-04-21,ADA,0.0132
2025-04-21,ARB,0.027
2025-04-21,AVAX,0.0031
2025-04-21,BCH,0.0109
2025-04-21,BNB,0.0126
2025-04-21,BTC,0.008
2025-04-21,CRV,0.0015
2025-04-21,DOGE,-0.0067
2025-04-21,ENA,-0.0095
2025-04-21,ETH,0.0003
2025-04-21,FARTCOIN,-0.0387
2025-04-21,GRASS,0.0002
2025-04-21,HYPE,-0.0088
2025-04-21,INJ,0.012
2025-04-21,JUP,-0.0272
2025-04-21,LDO,0.0113
2025-04-21,LINK,0.0017
2025-04-21,LTC,0.0004
2025-04-21,NEAR,0.0271
2025-04-21,ONDO,0.0028
2025-04-21,PENGU,0.002
2025-04-21,SOL,-0.0125
2025-04-21,SUI,-0.0306
2025-04-21,TAO,0.0068
2025-04-21,UNI,0.0003
2025-04-21,WLD,0.0206
2025-04-21,XRP,-0.007
2025-04-21,ZRO,0.0061
2025-04-21,kPEPE,-0.0191
2025-04-22,AAVE,-0.0087
2025-04-22,ADA,0.0029
2025-04-22,ARB,0.0107
2025-04-22,AVAX,0.0112
2025-04-22,BCH,0.0017
2025-04-22,BNB,0.0002
2025-04-22,BTC,0.0053
2025-04-22,CRV,-0.009
2025-04-22,DOGE,-0.0315
2025-04-22,ENA,-0.0147
2025-04-22,ETH,-0.0256
2025-04-22,FARTCOIN,-0.0012
2025-04-22,GRASS,0.0018
2025-04-22,HYPE,-0.0018
2025-04-22,INJ,0.0123
2025-04-22,JUP,0.027
2025-04-22,LDO,-0.0197
2025-04-22,LINK,0.0163
2025-04-22,LTC,0.0042
2025-04-22,NEAR,0.0155
2025-04-22,ONDO,0.0145
2025-04-22,PENGU,0.0015
2025-04-22,SOL,0.0223
2025-04-22,SUI,0.0001
2025-04-22,TAO,-0.0085
2025-04-22,UNI,-0.0196
2025-04-22,WLD,-0.0082
2025-04-22,XRP,0.0179
2025-04-22,ZRO,0.0047
2025-04-22,kPEPE,0.0137
2025-04-23,AAVE,-0.0171
2025-04-23,ADA,-0.0003
2025-04-23,ARB,-0.0104
2025-04-23,AVAX,0.0008
2025-04-23,BCH,0.0036
2025-04-23,BNB,-0.0039
2025-04-23,CRV,-0.0064
2025-04-23,DOGE,0.027
2025-04-23,ENA,-0.0055
2025-04-23,ETH,0.0256
2025-04-23,FARTCOIN,0.0013
2025-04-23,GRASS,0.0024
2025-04-23,HYPE,0.0049
2025-04-23,INJ,0.0125
2025-04-23,LINK,-0.0249
2025-04-23,LTC,0.0002
2025-04-23,NEAR,-0.0062
2025-04-23,ONDO,0.0059
2025-04-23,PENGU,-0.0001
2025-04-23,SOL,0.0039
2025-04-23,SUI,0.0008
2025-04-23,TAO,0.005
2025-04-23,UNI,-0.0192
2025-04-23,WLD,0.0051
2025-04-23,XRP,-0.0003
2025-04-23,ZRO,0.0001
2025-04-23,kPEPE,-0.0003
2025-04-24,AAVE,0.0171
2025-04-24,ADA,-0.0076
2025-04-24,ARB,0.0174
2025-04-24,AVAX,0.0056
2025-04-24,BCH,0.0039
2025-04-24,BNB,-0.003
2025-04-24,BTC,-0.0024
2025-04-24,CRV,0.0091
2025-04-24,DOGE,0.0071
2025-04-24,ENA,0.0099
2025-04-24,ETH,-0.0187
2025-04-24,FARTCOIN,-0.0012
2025-04-24,GRASS,-0.0027
2025-04-24,HYPE,0.0135
2025-04-24,INJ,-0.0156
2025-04-24,JUP,0.0113
2025-04-24,LINK,0.0178
2025-04-24,LTC,-0.0019
2025-04-24,NEAR,0.0063
2025-04-24,ONDO,-0.0262
2025-04-24,PENGU,-0.0096
2025-04-24,SOL,0.0019
2025-04-24,SUI,-0.006
2025-04-24,TAO,-0.0023
2025-04-24,UNI,-0.0097
2025-04-24,WLD,-0.0134
2025-04-24,XRP,-0.0073
2025-04-24,ZRO,0.0021
2025-04-24,kPEPE,-0.0028
2025-04-25,AAVE,0.0086
2025-04-25,ADA,-0.0038
2025-04-25,ARB,-0.0002
2025-04-25,AVAX,-0.0015
2025-04-25,BCH,-0.0048
2025-04-25,BNB,0.0004
2025-04-25,BTC,-0.0008
2025-04-25,CRV,-0.0026
2025-04-25,DOGE,-0.0103
2025-04-25,ENA,0.0124
2025-04-25,ETH,0.0237
2025-04-25,FARTCOIN,0.0071
2025-04-25,GRASS,-0.0155
2025-04-25,HYPE,-0.0029
2025-04-25,INJ,0.003
2025-04-25,JUP,-0.025
2025-04-25,LINK,-0.0017
2025-04-25,LTC,0.0051
2025-04-25,NEAR,-0.0126
2025-04-25,PENGU,-0.0004
2025-04-25,SOL,-0.0064
2025-04-25,SUI,-0.0021
2025-04-25,TAO,0.005
2025-04-25,UNI,0.0129
2025-04-25,WLD,-0.0055
2025-04-25,XRP,0.0041
2025-04-25,ZRO,0.005
2025-04-25,kPEPE,0.0055
2025-04-26,AAVE,-0.0086
2025-04-26,ADA,0.0096
2025-04-26,ARB,0.0072
2025-04-26,AVAX,-0.0031
2025-04-26,BCH,-0.0332
2025-04-26,BNB,0.0089
2025-04-26,BTC,0.0009
2025-04-26,CRV,0.0019
2025-04-26,DOGE,0.0105
2025-04-26,ENA,-0.0077
2025-04-26,ETH,-0.0237
2025-04-26,FARTCOIN,-0.0048
2025-04-26,GRASS,0.0128
2025-04-26,HYPE,-0.0025
2025-04-26,INJ,-0.0184
2025-04-26,JUP,0.0222
2025-04-26,LDO,-0.0028
2025-04-26,LINK,0.0052
2025-04-26,LTC,-0.0014
2025-04-26,NEAR,0.0157
2025-04-26,ONDO,0.0028
2025-04-26,PENGU,0.0002
2025-04-26,SOL,0.002
2025-04-26,SUI,0.0041
2025-04-26,TAO,-0.0002
2025-04-26,UNI,0.0163
2025-04-26,WLD,-0.0004
2025-04-26,XRP,0.0023
2025-04-26,ZRO,-0.0075
2025-04-26,kPEPE,0.0027
2025-04-27,AAVE,0.0029
2025-04-27,ADA,-0.0162
2025-04-27,ARB,-0.002
2025-04-27,AVAX,0.0123
2025-04-27,BCH,0.0112
2025-04-27,BNB,-0.0095
2025-04-27,BTC,-0.001
2025-04-27,CRV,0.0136
2025-04-27,DOGE,0.0041
2025-04-27,ENA,-0.0105
2025-04-27,ETH,0.0262
2025-04-27,FARTCOIN,-0.0002
2025-04-27,GRASS,-0.0049
2025-04-27,HYPE,0.0242
2025-04-27,INJ,-0.0069
2025-04-27,JUP,0.0029
2025-04-27,LDO,-0.0087
2025-04-27,LINK,0.0165
2025-04-27,LTC,-0.0298
2025-04-27,NEAR,-0.0028
2025-04-27,ONDO,0.0029
2025-04-27,PENGU,0.0029
2025-04-27,SOL,0.0164
2025-04-27,SUI,-0.0079
2025-04-27,TAO,0.0018
2025-04-27,UNI,-0.0294
2025-04-27,WLD,0.0042
2025-04-27,XRP,-0.0464
2025-04-27,ZRO,-0.0027
2025-04-27,kPEPE,0.0027
2025-04-28,AAVE,-0.0113
2025-04-28,ADA,0.0219
2025-04-28,ARB,-0.0005
2025-04-28,AVAX,-0.0069
2025-04-28,BCH,-0.0044
2025-04-28,BNB,0.0169
2025-04-28,BTC,-0.0044
2025-04-28,CRV,-0.0094
2025-04-28,DOGE,0.0001
2025-04-28,ENA,0.0081
2025-04-28,ETH,-0.016
2025-04-28,FARTCOIN,-0.001
2025-04-28,GRASS,0.0081
2025-04-28,HYPE,-0.0286
2025-04-28,INJ,0.0287
2025-04-28,JUP,-0.0001
2025-04-28,LDO,0.0116
2025-04-28,LINK,-0.027
2025-04-28,LTC,0.03
2025-04-28,NEAR,-0.0192
2025-04-28,ONDO,0.0029
2025-04-28,PENGU,-0.001
2025-04-28,SOL,-0.0109
2025-04-28,SUI,0.0073
2025-04-28,TAO,-0.0046
2025-04-28,UNI,-0.0061
2025-04-28,WLD,-0.0022
2025-04-28,XRP,0.0348
2025-04-28,ZRO,0.0073
2025-04-28,kPEPE,0.0057
2025-04-29,AAVE,-0.0178
2025-04-29,ADA,0.0014
2025-04-29,ARB,-0.0248
2025-04-29,AVAX,0.0144
2025-04-29,BCH,-0.0251
2025-04-29,BNB,-0.039
2025-04-29,BTC,0.0052
2025-04-29,CRV,-0.0059
2025-04-29,DOGE,0.0079
2025-04-29,ENA,0.0023
2025-04-29,ETH,-0.0027
2025-04-29,FARTCOIN,0.0007
2025-04-29,GRASS,-0.0004
2025-04-29,HYPE,-0.0056
2025-04-29,INJ,-0.0031
2025-04-29,JUP,-0.0085
2025-04-29,LDO,0.0028
2025-04-29,LINK,0.0087
2025-04-29,LTC,-0.0002
2025-04-29,NEAR,0.0095
2025-04-29,ONDO,0.0088
2025-04-29,PENGU,-0.0003
2025-04-29,SOL,0.0079
2025-04-29,SUI,-0.0056
2025-04-29,TAO,0.0122
2025-04-29,UNI,-0.007
2025-04-29,WLD,0.009
2025-04-29,XRP,-0.015
2025-04-29,ZRO,0.0096
2025-04-29,kPEPE,0.0237
2025-04-30,AAVE,0.0347
2025-04-30,ADA,-0.0107
2025-04-30,ARB,0.0104
2025-04-30,AVAX,-0.0208
2025-04-30,BCH,0.0181
2025-04-30,BNB,0.0265
2025-04-30,BTC,-0.0027
2025-04-30,CRV,0.006
2025-04-30,DOGE,0.0005
2025-04-30,ENA,-0.0097
2025-04-30,ETH,0.0044
2025-04-30,FARTCOIN,0.0017
2025-04-30,GRASS,-0.0023
2025-04-30,HYPE,-0.0036
2025-04-30,INJ,-0.0033
2025-04-30,JUP,-0.0151
2025-04-30,LDO,-0.0085
2025-04-30,LINK,-0.0008
2025-04-30,LTC,-0.0032
2025-04-30,NEAR,0.0094
2025-04-30,ONDO,-0.0145
2025-04-30,PENGU,0.0003
2025-04-30,SOL,-0.0163
2025-04-30,SUI,0.0102
2025-04-30,TAO,-0.0045
2025-04-30,UNI,0.0166
2025-04-30,WLD,-0.0088
2025-04-30,XRP,0.0185
2025-04-30,ZRO,-0.0049
2025-04-30,kPEPE,-0.0237
2025-05-01,AAVE,-0.0341
2025-05-01,ADA,0.0018
2025-05-01,ARB,-0.0285
2025-05-01,AVAX,0.0168
2025-05-01,BCH,0.0107
2025-05-01,BNB,0.0015
2025-05-01,BTC,0.0072
2025-05-01,CRV,-0.0053
2025-05-01,DOGE,-0.0119
2025-05-01,ENA,0.0095
2025-05-01,ETH,0.0176
2025-05-01,FARTCOIN,-0.0025
2025-05-01,GRASS,-0.0002
2025-05-01,HYPE,0.0045
2025-05-01,INJ,-0.0155
2025-05-01,JUP,0.03
2025-05-01,LDO,0.0056
2025-05-01,LINK,-0.0013
2025-05-01,LTC,-0.0282
2025-05-01,NEAR,-0.0094
2025-05-01,ONDO,0.0028
2025-05-01,SOL,0.0119
2025-05-01,SUI,0.0021
2025-05-01,TAO,-0.0002
2025-05-01,UNI,0.0162
2025-05-01,WLD,0.0004
2025-05-01,XRP,0.0121
2025-05-01,ZRO,0.0025
2025-05-01,kPEPE,0.0059
2025-05-02,AAVE,0.0028
2025-05-02,ADA,0.0102
2025-05-02,ARB,0.0214
2025-05-02,AVAX,-0.0038
2025-05-02,BCH,-0.0246
2025-05-02,BNB,0.0141
2025-05-02,BTC,-0.0011
2025-05-02,CRV,-0.0046
2025-05-02,DOGE,-0.0019
2025-05-02,ENA,0.0078
2025-05-02,ETH,-0.0057
2025-05-02,FARTCOIN,0.0025
2025-05-02,GRASS,-0.0024
2025-05-02,HYPE,-0.0051
2025-05-02,INJ,-0.0028
2025-05-02,JUP,-0.009
2025-05-02,LDO,0.0029
2025-05-02,LINK,-0.0077
2025-05-02,LTC,0.0205
2025-05-02,NEAR,0.0031
2025-05-02,ONDO,-0.0111
2025-05-02,PENGU,0.0008
2025-05-02,SOL,-0.0084
2025-05-02,SUI,0.0032
2025-05-02,TAO,-0.0048
2025-05-02,UNI,-0.0002
2025-05-02,WLD,0.0049
2025-05-02,XRP,-0.0084
2025-05-02,ZRO,0.0053
2025-05-02,kPEPE,0.0118
2025-05-03,AAVE,-0.0149
2025-05-03,ADA,-0.0662
2025-05-03,ARB,-0.0143
2025-05-03,AVAX,0.0153
2025-05-03,BCH,0.0104
2025-05-03,BNB,-0.0661
2025-05-03,BTC,0.0022
2025-05-03,CRV,0.0105
2025-05-03,DOGE,-0.005
2025-05-03,ENA,0.0297
2025-05-03,ETH,-0.0392
2025-05-03,FARTCOIN,0.0308
2025-05-03,GRASS,-0.0163
2025-05-03,HYPE,-0.0033
2025-05-03,INJ,0.0283
2025-05-03,JUP,-0.0064
2025-05-03,LDO,0.0062
2025-05-03,LINK,0.0195
2025-05-03,LTC,-0.0081
2025-05-03,NEAR,0.018
2025-05-03,ONDO,0.002
2025-05-03,PENGU,0.0362
2025-05-03,SOL,0.0107
2025-05-03,SUI,-0.0042
2025-05-03,TAO,0.0063
2025-05-03,UNI,-0.0237
2025-05-03,WLD,-0.0018
2025-05-03,XRP,0.0006
2025-05-03,ZRO,-0.0216
2025-05-03,kPEPE,-0.008
2025-05-04,AAVE,0.0258
2025-05-04,ADA,0.0664
2025-05-04,ARB,0.0181
2025-05-04,AVAX,-0.0061
2025-05-04,BCH,-0.0209
2025-05-04,BNB,-0.0034
2025-05-04,BTC,-0.0111
2025-05-04,CRV,-0.0095
2025-05-04,DOGE,0.0137
2025-05-04,ENA,-0.0486
2025-05-04,ETH,-0.0067
2025-05-04,FARTCOIN,-0.0344
2025-05-04,GRASS,0.0063
2025-05-04,HYPE,0.0047
2025-05-04,INJ,0.0055
2025-05-04,JUP,-0.0219
2025-05-04,LDO,-0.0003
2025-05-04,LINK,-0.0088
2025-05-04,LTC,0.0022
2025-05-04,NEAR,-0.0211
2025-05-04,ONDO,0.0177
2025-05-04,PENGU,0.0009
2025-05-04,SOL,0.0037
2025-05-04,SUI,0.0299
2025-05-04,TAO,0.0109
2025-05-04,UNI,0.0107
2025-05-04,WLD,0.0245
2025-05-04,XRP,-0.0138
2025-05-04,ZRO,0.0057
2025-05-04,kPEPE,-0.0288
2025-05-05,AAVE,-0.0174
2025-05-05,ADA,-0.0043
2025-05-05,ARB,0.0179
2025-05-05,AVAX,-0.0242
2025-05-05,BCH,0.0413
2025-05-05,BNB,0.0193
2025-05-05,BTC,-0.0006
2025-05-05,CRV,0.0129
2025-05-05,DOGE,-0.0179
2025-05-05,ENA,0.0162
2025-05-05,ETH,0.0158
2025-05-05,GRASS,0.0057
2025-05-05,HYPE,0.0101
2025-05-05,INJ,-0.0216
2025-05-05,JUP,0.0252
2025-05-05,LDO,-0.0147
2025-05-05,LINK,-0.0037
2025-05-05,LTC,0.0116
2025-05-05,ONDO,-0.0229
2025-05-05,PENGU,0.0001
2025-05-05,SOL,-0.0072
2025-05-05,SUI,-0.0383
2025-05-05,TAO,-0.0219
2025-05-05,UNI,0.0133
2025-05-05,WLD,-0.0046
2025-05-05,XRP,0.0136
2025-05-05,ZRO,-0.005
2025-05-05,kPEPE,0.0317
2025-05-06,AAVE,0.0233
2025-05-06,ADA,-0.0154
2025-05-06,ARB,-0.0031
2025-05-06,AVAX,-0.0048
2025-05-06,BCH,-0.0367
2025-05-06,BNB,0.0655
2025-05-06,BTC,0.0017
2025-05-06,CRV,-0.0018
2025-05-06,DOGE,0.0056
2025-05-06,ENA,-0.0109
2025-05-06,ETH,0.0386
2025-05-06,FARTCOIN,0.0012
2025-05-06,GRASS,-0.0099
2025-05-06,HYPE,0.0078
2025-05-06,INJ,0.0154
2025-05-06,JUP,0.0061
2025-05-06,LDO,0.0236
2025-05-06,LINK,0.0087
2025-05-06,LTC,-0.0574
2025-05-06,NEAR,-0.0002
2025-05-06,ONDO,0.0143
2025-05-06,PENGU,-0.0341
2025-05-06,SOL,0.0012
2025-05-06,SUI,0.0043
2025-05-06,TAO,0.0075
2025-05-06,UNI,0.0094
2025-05-06,WLD,-0.0165
2025-05-06,XRP,0.0019
2025-05-06,ZRO,0.0082
2025-05-06,kPEPE,-0.0156
2025-05-07,AAVE,0.0116
2025-05-07,ADA,0.0175
2025-05-07,ARB,-0.0401
2025-05-07,AVAX,0.0011
2025-05-07,BCH,-0.0029
2025-05-07,BNB,-0.0007
2025-05-07,BTC,0.0039
2025-05-07,CRV,0.0171
2025-05-07,DOGE,0.0029
2025-05-07,ENA,0.0024
2025-05-07,ETH,-0.002
2025-05-07,FARTCOIN,0.0019
2025-05-07,GRASS,-0.0052
2025-05-07,HYPE,-0.015
2025-05-07,INJ,-0.0244
2025-05-07,JUP,-0.009
2025-05-07,LDO,0.0026
2025-05-07,LINK,-0.0038
2025-05-07,LTC,0.0417
2025-05-07,NEAR,0.006
2025-05-07,ONDO,-0.0153
2025-05-07,PENGU,-0.0008
2025-05-07,SOL,-0.0008
2025-05-07,SUI,0.0091
2025-05-07,TAO,0.0121
2025-05-07,UNI,-0.0036
2025-05-07,WLD,0.0231
2025-05-07,XRP,-0.0107
2025-05-07,ZRO,-0.0096
2025-05-07,kPEPE,-0.0228
2025-05-08,AAVE,-0.0164
2025-05-08,ADA,-0.0114
2025-05-08,ARB,0.0301
2025-05-08,AVAX,0.0107
2025-05-08,BCH,0.0487
2025-05-08,BNB,0.0174
2025-05-08,BTC,0.0095
2025-05-08,CRV,-0.0076
2025-05-08,DOGE,0.0001
2025-05-08,ENA,-0.0035
2025-05-08,ETH,-0.0465
2025-05-08,FARTCOIN,-0.0037
2025-05-08,GRASS,0.0441
2025-05-08,HYPE,0.0215
2025-05-08,INJ,0.0179
2025-05-08,JUP,0.0311
2025-05-08,LDO,-0.0378
2025-05-08,LINK,-0.0075
2025-05-08,LTC,0.0198
2025-05-08,NEAR,-0.012
2025-05-08,ONDO,0.018
2025-05-08,SOL,0.0126
2025-05-08,SUI,-0.0107
2025-05-08,TAO,-0.0109
2025-05-08,UNI,-0.0379
2025-05-08,WLD,-0.0154
2025-05-08,XRP,0.0291
2025-05-08,ZRO,0.0247
2025-05-08,kPEPE,0.0056
2025-05-09,AAVE,0.0106
2025-05-09,ADA,0.0226
2025-05-09,ARB,-0.0101
2025-05-09,AVAX,0.0181
2025-05-09,BCH,-0.0167
2025-05-09,BNB,-0.0196
2025-05-09,BTC,-0.0072
2025-05-09,CRV,-0.0101
2025-05-09,DOGE,0.0058
2025-05-09,ENA,-0.0009
2025-05-09,ETH,-0.0094
2025-05-09,FARTCOIN,-0.0025
2025-05-09,GRASS,-0.0066
2025-05-09,HYPE,0.0114
2025-05-09,INJ,0.003
2025-05-09,JUP,-0.031
2025-05-09,LDO,0.0125
2025-05-09,LINK,0.0192
2025-05-09,LTC,0.001
2025-05-09,NEAR,-0.0107
2025-05-09,ONDO,0.0197
2025-05-09,PENGU,0.0002
2025-05-09,SOL,-0.0037
2025-05-09,SUI,0.0032
2025-05-09,TAO,0.002
2025-05-09,UNI,0.0173
2025-05-09,WLD,-0.0037
2025-05-09,XRP,0.0285
2025-05-09,ZRO,-0.0113
2025-05-09,kPEPE,0.0013
2025-05-10,AAVE,0.0084
2025-05-10,ADA,-0.0083
2025-05-10,ARB,-0.0324
2025-05-10,AVAX,-0.0108
2025-05-10,BCH,0.0112
2025-05-10,BNB,-0.0283
2025-05-10,BTC,0.0248
2025-05-10,CRV,0.0099
2025-05-10,DOGE,-0.0429
2025-05-10,ENA,0.0022
2025-05-10,ETH,0.0396
2025-05-10,FARTCOIN,0.0009
2025-05-10,GRASS,-0.0029
2025-05-10,HYPE,-0.0029
2025-05-10,INJ,-0.0143
2025-05-10,JUP,0.0234
2025-05-10,LDO,0.0053
2025-05-10,LINK,-0.0143
2025-05-10,LTC,0.0131
2025-05-10,NEAR,0.0034
2025-05-10,ONDO,0.006
2025-05-10,PENGU,-0.0007
2025-05-10,SOL,0.0118
2025-05-10,SUI,-0.0055
2025-05-10,TAO,-0.0002
2025-05-10,UNI,-0.0062
2025-05-10,WLD,-0.0045
2025-05-10,XRP,0.0053
2025-05-10,ZRO,0.0174
2025-05-10,kPEPE,0.0035
2025-05-11,AAVE,0.0136
2025-05-11,ADA,-0.0037
2025-05-11,ARB,0.007
2025-05-11,AVAX,0.0069
2025-05-11,BCH,0.0173
2025-05-11,BNB,-0.0391
2025-05-11,BTC,0.0108
2025-05-11,CRV,0.0078
2025-05-11,DOGE,-0.0086
2025-05-11,ENA,-0.0037
2025-05-11,ETH,-0.0106
2025-05-11,FARTCOIN,0.0106
2025-05-11,GRASS,-0.003
2025-05-11,HYPE,0.0126
2025-05-11,INJ,-0.0164
2025-05-11,JUP,-0.0471
2025-05-11,LDO,-0.0049
2025-05-11,LINK,-0.0018
2025-05-11,LTC,-0.0214
2025-05-11,NEAR,0.0003
2025-05-11,ONDO,-0.0057
2025-05-11,PENGU,0.0181
2025-05-11,SOL,-0.0004
2025-05-11,SUI,0.0132
2025-05-11,TAO,0.0109
2025-05-11,UNI,-0.0124
2025-05-11,WLD,-0.0044
2025-05-11,XRP,-0.0147
2025-05-11,ZRO,0.0031
2025-05-11,kPEPE,-0.0114
2025-05-12,AAVE,-0.0109
2025-05-12,ADA,-0.0064
2025-05-12,ARB,0.0003
2025-05-12,AVAX,-0.0102
2025-05-12,BCH,0.0072
2025-05-12,BNB,0.0461
2025-05-12,BTC,-0.011
2025-05-12,CRV,-0.0128
2025-05-12,DOGE,0.0062
2025-05-12,ENA,0.0059
2025-05-12,ETH,-0.0028
2025-05-12,FARTCOIN,-0.0124
2025-05-12,GRASS,0.0118
2025-05-12,HYPE,0.0183
2025-05-12,INJ,-0.0076
2025-05-12,JUP,0.0324
2025-05-12,LDO,-0.0023
2025-05-12,LINK,0.0081
2025-05-12,LTC,-0.0092
2025-05-12,NEAR,-0.0195
2025-05-12,ONDO,0.0092
2025-05-12,PENGU,-0.0106
2025-05-12,SOL,0.0071
2025-05-12,SUI,0.0108
2025-05-12,TAO,0.0028
2025-05-12,UNI,0.0171
2025-05-12,WLD,0.0068
2025-05-12,XRP,-0.0394
2025-05-12,ZRO,-0.0092
2025-05-12,kPEPE,0.0003
2025-05-13,AAVE,-0.0056
2025-05-13,ADA,0.0084
2025-05-13,ARB,-0.0077
2025-05-13,AVAX,-0.003
2025-05-13,BCH,-0.0159
2025-05-13,BNB,0.0165
2025-05-13,BTC,-0.0104
2025-05-13,CRV,0.0128
2025-05-13,DOGE,0.0052
2025-05-13,ENA,-0.0005
2025-05-13,ETH,-0.0111
2025-05-13,FARTCOIN,0.0016
2025-05-13,GRASS,-0.0118
2025-05-13,HYPE,-0.0151
2025-05-13,INJ,0.0082
2025-05-13,JUP,0.0031
2025-05-13,LDO,-0.0116
2025-05-13,LINK,0.0021
2025-05-13,LTC,0.0089
2025-05-13,NEAR,0.0318
2025-05-13,ONDO,-0.0027
2025-05-13,PENGU,-0.0058
2025-05-13,SOL,0.0006
2025-05-13,SUI,-0.0042
2025-05-13,TAO,0.0136
2025-05-13,UNI,-0.0081
2025-05-13,WLD,0.0066
2025-05-13,XRP,0.0136
2025-05-13,ZRO,-0.0062
2025-05-13,kPEPE,0.0007
2025-05-14,AAVE,0.009
2025-05-14,ADA,-0.0118
2025-05-14,ARB,0.0326
2025-05-14,AVAX,0.0102
2025-05-14,BCH,0.0196
2025-05-14,BNB,-0.0857
2025-05-14,BTC,0.0162
2025-05-14,CRV,-0.0263
2025-05-14,DOGE,-0.0021
2025-05-14,ENA,-0.0005
2025-05-14,ETH,0.0023
2025-05-14,FARTCOIN,-0.0013
2025-05-14,GRASS,-0.036
2025-05-14,HYPE,0.004
2025-05-14,INJ,0.0296
2025-05-14,JUP,-0.0179
2025-05-14,LDO,0.0189
2025-05-14,LINK,0.0153
2025-05-14,LTC,0.0125
2025-05-14,NEAR,-0.0024
2025-05-14,ONDO,-0.0225
2025-05-14,PENGU,-0.0022
2025-05-14,SOL,-0.0042
2025-05-14,SUI,0.0106
2025-05-14,TAO,0.018
2025-05-14,UNI,0.0016
2025-05-14,WLD,-0.0049
2025-05-14,XRP,-0.0827
2025-05-14,ZRO,-0.0068
2025-05-14,kPEPE,0.0123
2025-05-15,AAVE,-0.0235
2025-05-15,ADA,0.0158
2025-05-15,ARB,-0.0297
2025-05-15,AVAX,-0.0063
2025-05-15,BCH,-0.0353
2025-05-15,BNB,0.0982
2025-05-15,BTC,-0.0914
2025-05-15,CRV,0.0022
2025-05-15,DOGE,0.0021
2025-05-15,ENA,-0.0041
2025-05-15,ETH,-0.0005
2025-05-15,FARTCOIN,0.0002
2025-05-15,GRASS,0.009
2025-05-15,HYPE,-0.0297
2025-05-15,INJ,0.0139
2025-05-15,JUP,0.009
2025-05-15,LDO,0.0073
2025-05-15,LINK,-0.0043
2025-05-15,LTC,-0.0198
2025-05-15,NEAR,0.0103
2025-05-15,ONDO,-0.0246
2025-05-15,PENGU,-0.0006
2025-05-15,SOL,-0.0044
2025-05-15,SUI,-0.0184
2025-05-15,TAO,0.0124
2025-05-15,UNI,0.0149
2025-05-15,WLD,0.0311
2025-05-15,XRP,0.0796
2025-05-15,ZRO,-0.0058
2025-05-15,kPEPE,-0.0102
2025-05-16,AAVE,-0.0131
2025-05-16,ADA,0.0024
2025-05-16,ARB,0.0037
2025-05-16,AVAX,0.0029
2025-05-16,BCH,-0.0292
2025-05-16,BNB,-0.1345
2025-05-16,BTC,0.0501
2025-05-16,CRV,-0.0078
2025-05-16,DOGE,-0.0139
2025-05-16,ENA,-0.0032
2025-05-16,ETH,0.0122
2025-05-16,FARTCOIN,0.0048
2025-05-16,GRASS,-0.0079
2025-05-16,HYPE,0.0217
2025-05-16,INJ,0.0068
2025-05-16,JUP,0.0165
2025-05-16,LDO,-0.0125
2025-05-16,LINK,0.0054
2025-05-16,LTC,0.0024
2025-05-16,NEAR,-0.0103
2025-05-16,ONDO,0.0252
2025-05-16,PENGU,0.0006
2025-05-16,SOL,0.0168
2025-05-16,SUI,0.0186
2025-05-16,TAO,-0.0076
2025-05-16,UNI,-0.0113
2025-05-16,WLD,0.0007
2025-05-16,XRP,0.0217
2025-05-16,ZRO,0.0025
2025-05-16,kPEPE,0.0031
2025-05-17,AAVE,0.0126
2025-05-17,ADA,-0.0252
2025-05-17,ARB,0.0203
2025-05-17,AVAX,-0.0124
2025-05-17,BCH,-0.0271
2025-05-17,BNB,-0.0804
2025-05-17,BTC,-0.0446
2025-05-17,CRV,0.017
2025-05-17,DOGE,0.0212
2025-05-17,ENA,0.0057
2025-05-17,ETH,0.0219
2025-05-17,FARTCOIN,-0.0125
2025-05-17,GRASS,-0.0041
2025-05-17,HYPE,-0.0418
2025-05-17,INJ,-0.0114
2025-05-17,JUP,-0.0165
2025-05-17,LDO,0.0435
2025-05-17,LINK,-0.0093
2025-05-17,LTC,0.0109
2025-05-17,NEAR,0.0249
2025-05-17,ONDO,0.0228
2025-05-17,PENGU,0.0376
2025-05-17,SOL,-0.0978
2025-05-17,SUI,-0.0248
2025-05-17,TAO,-0.0274
2025-05-17,UNI,0.0114
2025-05-17,WLD,0.0169
2025-05-17,XRP,-0.0778
2025-05-17,ZRO,0.0032
2025-05-17,kPEPE,-0.0045
2025-05-18,AAVE,0.0152
2025-05-18,ADA,0.013
2025-05-18,ARB,-0.0189
2025-05-18,AVAX,0.0027
2025-05-18,BCH,0.0749
2025-05-18,BNB,0.1942
2025-05-18,BTC,0.0949
2025-05-18,CRV,0.0177
2025-05-18,DOGE,-0.0113
2025-05-18,ENA,0.0029
2025-05-18,ETH,-0.0356
2025-05-18,FARTCOIN,0.0062
2025-05-18,GRASS,0.0161
2025-05-18,HYPE,0.0407
2025-05-18,INJ,-0.0227
2025-05-18,LDO,-0.045
2025-05-18,LINK,-0.0166
2025-05-18,LTC,-0.003
2025-05-18,NEAR,-0.0321
2025-05-18,ONDO,-0.0005
2025-05-18,PENGU,-0.037
2025-05-18,SOL,0.0621
2025-05-18,SUI,0.0113
2025-05-18,TAO,0.0086
2025-05-18,UNI,-0.0184
2025-05-18,WLD,-0.0496
2025-05-18,XRP,0.073
2025-05-18,ZRO,0.0216
2025-05-18,kPEPE,0.0019
2025-05-19,AAVE,-0.0297
2025-05-19,ADA,0.0121
2025-05-19,ARB,-0.0097
2025-05-19,AVAX,-0.0019
2025-05-19,BCH,0.0149
2025-05-19,BNB,-0.034
2025-05-19,BTC,-0.0746
2025-05-19,CRV,-0.0141
2025-05-19,DOGE,0.0024
2025-05-19,ENA,-0.0031
2025-05-19,ETH,0.0074
2025-05-19,FARTCOIN,0.0044
2025-05-19,GRASS,-0.0045
2025-05-19,HYPE,0.0235
2025-05-19,INJ,0.0024
2025-05-19,JUP,0.0062
2025-05-19,LDO,0.0188
2025-05-19,LINK,-0.0235
2025-05-19,LTC,0.0134
2025-05-19,NEAR,0.002
2025-05-19,ONDO,-0.0049
2025-05-19,SOL,0.0019
2025-05-19,SUI,0.0181
2025-05-19,TAO,0.0237
2025-05-19,UNI,0.0096
2025-05-19,WLD,0.0051
2025-05-19,XRP,-0.0123
2025-05-19,ZRO,-0.0303
2025-05-19,kPEPE,-0.0035
2025-05-20,AAVE,-0.0007
2025-05-20,ADA,-0.0079
2025-05-20,ARB,0.0159
2025-05-20,AVAX,-0.0013
2025-05-20,BCH,-0.0085
2025-05-20,BNB,0.0359
2025-05-20,BTC,0.0677
2025-05-20,CRV,-0.0066
2025-05-20,DOGE,0.0103
2025-05-20,ENA,0.0051
2025-05-20,ETH,0.0053
2025-05-20,FARTCOIN,-0.0056
2025-05-20,GRASS,0.0038
2025-05-20,HYPE,-0.0131
2025-05-20,INJ,-0.0073
2025-05-20,JUP,-0.023
2025-05-20,LDO,-0.0075
2025-05-20,LINK,0.0267
2025-05-20,LTC,-0.0457
2025-05-20,NEAR,-0.0068
2025-05-20,ONDO,-0.0118
2025-05-20,PENGU,0.0027
2025-05-20,SOL,0.0071
2025-05-20,SUI,-0.0071
2025-05-20,TAO,-0.011
2025-05-20,UNI,-0.0094
2025-05-20,WLD,0.0094
2025-05-20,XRP,-0.0089
2025-05-20,ZRO,0.0274
2025-05-20,kPEPE,0.0024
2025-05-21,AAVE,0.0001
2025-05-21,ADA,-0.0009
2025-05-21,ARB,-0.0083
2025-05-21,AVAX,0.0034
2025-05-21,BCH,-0.0069
2025-05-21,BNB,0.0076
2025-05-21,BTC,-0.0082
2025-05-21,CRV,0.0023
2025-05-21,DOGE,-0.0081
2025-05-21,ENA,-0.0003
2025-05-21,ETH,-0.0026
2025-05-21,FARTCOIN,-0.0003
2025-05-21,GRASS,-0.0031
2025-05-21,HYPE,-0.0103
2025-05-21,INJ,0.0126
2025-05-21,JUP,0.0255
2025-05-21,LDO,-0.0044
2025-05-21,LINK,-0.0028
2025-05-21,LTC,0.014
2025-05-21,NEAR,0.0046
2025-05-21,ONDO,0.0134
2025-05-21,PENGU,0.0009
2025-05-21,SOL,0.0031
2025-05-21,SUI,-0.0045
2025-05-21,TAO,-0.0277
2025-05-21,UNI,0.0078
2025-05-21,WLD,-0.0125
2025-05-21,XRP,0.0224
2025-05-21,ZRO,0.0089
2025-05-21,kPEPE,-0.0005
2025-05-22,AAVE,0.0328
2025-05-22,ADA,0.0068
2025-05-22,ARB,0.0143
2025-05-22,AVAX,-0.0008
2025-05-22,BCH,-0.0179
2025-05-22,BNB,0.0081
2025-05-22,BTC,0.0207
2025-05-22,CRV,0.0019
2025-05-22,DOGE,0.0044
2025-05-22,ENA,0.0037
2025-05-22,ETH,0.0201
2025-05-22,FARTCOIN,-0.0006
2025-05-22,GRASS,0.0036
2025-05-22,HYPE,-0.0379
2025-05-22,INJ,-0.0166
2025-05-22,JUP,-0.0112
2025-05-22,LDO,-0.0043
2025-05-22,LINK,0.0198
2025-05-22,LTC,0.0039
2025-05-22,NEAR,0.0097
2025-05-22,NIL,-0.0137
2025-05-22,ONDO,-0.0005
2025-05-22,PENGU,-0.0062
2025-05-22,SOL,-0.0003
2025-05-22,SUI,0.0096
2025-05-22,TAO,0.0149
2025-05-22,UNI,0.0041
2025-05-22,WLD,-0.0001
2025-05-22,XRP,-0.0031
2025-05-22,ZRO,-0.0146
2025-05-22,kPEPE,0.0046
2025-05-23,AAVE,0.0211
2025-05-23,ADA,-0.0214
2025-05-23,ARB,-0.002
2025-05-23,AVAX,-0.0122
2025-05-23,BCH,-0.01
2025-05-23,BNB,-0.0322
2025-05-23,BTC,-0.0031
2025-05-23,CRV,0.005
2025-05-23,DOGE,0.0201
2025-05-23,ENA,-0.0071
2025-05-23,ETH,0.0052
2025-05-23,FARTCOIN,0.0236
2025-05-23,GRASS,0.0284
2025-05-23,HYPE,-0.0048
2025-05-23,INJ,0.0259
2025-05-23,JUP,-0.0111
2025-05-23,LDO,-0.0131
2025-05-23,LINK,-0.012
2025-05-23,LTC,-0.0153
2025-05-23,NEAR,-0.0167
2025-05-23,NIL,0.0057
2025-05-23,ONDO,-0.0483
2025-05-23,PENGU,0.0368
2025-05-23,SOL,0.018
2025-05-23,SUI,-0.0106
2025-05-23,TAO,-0.0033
2025-05-23,UNI,-0.0188
2025-05-23,WLD,0.0031
2025-05-23,XRP,-0.0145
2025-05-23,kPEPE,-0.002
2025-05-24,AAVE,-0.0207
2025-05-24,ADA,0.0104
2025-05-24,ARB,0.006
2025-05-24,AVAX,0.0088
2025-05-24,BCH,0.0139
2025-05-24,BNB,0.0052
2025-05-24,BTC,-0.0062
2025-05-24,CRV,0.003
2025-05-24,DOGE,-0.0167
2025-05-24,ENA,0.0102
2025-05-24,ETH,-0.0061
2025-05-24,FARTCOIN,-0.0188
2025-05-24,GRASS,-0.0302
2025-05-24,HYPE,0.0148
2025-05-24,INJ,-0.0331
2025-05-24,JUP,-0.0078
2025-05-24,LDO,0.011
2025-05-24,LINK,-0.006
2025-05-24,LTC,0.0149
2025-05-24,NEAR,0.0167
2025-05-24,NIL,0.006
2025-05-24,ONDO,0.0355
2025-05-24,PENGU,0.0001
2025-05-24,SOL,-0.0053
2025-05-24,SUI,0.0233
2025-05-24,TAO,-0.0202
2025-05-24,UNI,0.0085
2025-05-24,WLD,-0.0083
2025-05-24,XRP,-0.0009
2025-05-24,kPEPE,0.0037
2025-05-25,AAVE,-0.0261
2025-05-25,ADA,-0.0138
2025-05-25,ARB,-0.01
2025-05-25,AVAX,-0.0166
2025-05-25,BCH,0.015
2025-05-25,BNB,-0.0065
2025-05-25,BTC,-0.0041
2025-05-25,CRV,0.0145
2025-05-25,DOGE,-0.006
2025-05-25,ENA,-0.0083
2025-05-25,ETH,-0.0028
2025-05-25,FARTCOIN,-0.0066
2025-05-25,GRASS,0.0091
2025-05-25,HYPE,-0.0102
2025-05-25,INJ,0.0094
2025-05-25,JUP,0.0106
2025-05-25,LDO,0.0108
2025-05-25,LINK,0.014
2025-05-25,LTC,0.0004
2025-05-25,NEAR,0.0024
2025-05-25,NIL,-0.012
2025-05-25,ONDO,0.0034
2025-05-25,PENGU,0.002
2025-05-25,SOL,0.0024
2025-05-25,SUI,0.0004
2025-05-25,TAO,0.0203
2025-05-25,UNI,0.0123
2025-05-25,WLD,-0.0027
2025-05-25,XRP,-0.0125
2025-05-25,kPEPE,0.0016
2025-05-26,AAVE,0.032
2025-05-26,ADA,0.0089
2025-05-26,ARB,0.004
2025-05-26,AVAX,0.0195
2025-05-26,BCH,-0.0102
2025-05-26,BNB,0.0041
2025-05-26,BTC,0.0041
2025-05-26,CRV,-0.0029
2025-05-26,DOGE,0.006
2025-05-26,ENA,-0.0016
2025-05-26,ETH,-0.0013
2025-05-26,FARTCOIN,0.0196
2025-05-26,GRASS,-0.007
2025-05-26,HYPE,0.0137
2025-05-26,INJ,-0.0069
2025-05-26,JUP,-0.0021
2025-05-26,LDO,-0.0302
2025-05-26,LINK,0.0018
2025-05-26,LTC,0.0036
2025-05-26,NEAR,-0.0095
2025-05-26,NIL,0.0022
2025-05-26,ONDO,-0.0066
2025-05-26,PENGU,-0.0302
2025-05-26,SUI,-0.0062
2025-05-26,TAO,-0.0087
2025-05-26,UNI,-0.0182
2025-05-26,WLD,0.008
2025-05-26,XRP,0.0063
2025-05-26,kPEPE,-0.0067
2025-05-27,AAVE,0.0003
2025-05-27,ADA,0.0035
2025-05-27,ARB,-0.002
2025-05-27,AVAX,0.0032
2025-05-27,BCH,0.0004
2025-05-27,BNB,0.0145
2025-05-27,BTC,-0.0146
2025-05-27,CRV,0.0058
2025-05-27,DOGE,0.0034
2025-05-27,ENA,0.0015
2025-05-27,ETH,-0.0082
2025-05-27,FARTCOIN,-0.0115
2025-05-27,GRASS,0.0163
2025-05-27,HYPE,-0.0052
2025-05-27,INJ,0.0022
2025-05-27,JUP,-0.008
2025-05-27,LDO,0.0172
2025-05-27,LINK,-0.0084
2025-05-27,LTC,0.0064
2025-05-27,NEAR,0.0023
2025-05-27,NIL,-0.008
2025-05-27,ONDO,0.0103
2025-05-27,PENGU,-0.015
2025-05-27,SOL,0.007
2025-05-27,SUI,-0.012
2025-05-27,UNI,0.0141
2025-05-27,WLD,-0.0079
2025-05-27,XRP,0.0049
2025-05-27,kPEPE,0.0032
2025-05-28,AAVE,0.015
2025-05-28,ADA,0.0055
2025-05-28,ARB,-0.0102
2025-05-28,AVAX,-0.0105
2025-05-28,BCH,-0.0027
2025-05-28,BNB,0.0087
2025-05-28,BTC,0.0039
2025-05-28,CRV,0.0061
2025-05-28,DOGE,-0.0084
2025-05-28,ENA,0.0116
2025-05-28,ETH,0.0001
2025-05-28,FARTCOIN,0.0057
2025-05-28,GRASS,0.0095
2025-05-28,HYPE,0.0105
2025-05-28,INJ,-0.0075
2025-05-28,JUP,0.008
2025-05-28,LDO,-0.0177
2025-05-28,LINK,0.0058
2025-05-28,LTC,0.0024
2025-05-28,NEAR,-0.0049
2025-05-28,NIL,-0.0063
2025-05-28,ONDO,-0.003
2025-05-28,PENGU,0.0052
2025-05-28,SOL,-0.0311
2025-05-28,SUI,0.0239
2025-05-28,UNI,-0.0102
2025-05-28,WLD,0.0074
2025-05-28,XRP,-0.0436
2025-05-28,kPEPE,-0.0003
2025-05-29,AAVE,-0.011
2025-05-29,ADA,-0.0179
2025-05-29,ARB,-0.01
2025-05-29,AVAX,0.0134
2025-05-29,BCH,0.0308
2025-05-29,BNB,-0.0009
2025-05-29,BTC,-0.0929
2025-05-29,CRV,0.0141
2025-05-29,DOGE,-0.0209
2025-05-29,ENA,-0.0081
2025-05-29,ETH,-0.009
2025-05-29,FARTCOIN,0.0075
2025-05-29,GRASS,0.028
2025-05-29,HYPE,0.0378
2025-05-29,INJ,-0.0015
2025-05-29,JUP,0.0244
2025-05-29,LDO,-0.0023
2025-05-29,LINK,-0.0067
2025-05-29,LTC,-0.0424
2025-05-29,NEAR,0.0047
2025-05-29,NIL,-0.0018
2025-05-29,ONDO,-0.0171
2025-05-29,PENGU,0.0144
2025-05-29,SOL,0.0186
2025-05-29,SUI,-0.0626
2025-05-29,TAO,0.013
2025-05-29,UNI,0.0031
2025-05-29,WLD,0.0026
2025-05-29,XRP,-0.0278
2025-05-29,kPEPE,0.0114
2025-05-30,AAVE,0.025
2025-05-30,ADA,-0.059
2025-05-30,ARB,0.0311
2025-05-30,AVAX,-0.0421
2025-05-30,BCH,-0.1103
2025-05-30,BNB,-0.1419
2025-05-30,BTC,0.0409
2025-05-30,CRV,-0.0135
2025-05-30,DOGE,0.0274
2025-05-30,ENA,0.0643
2025-05-30,ETH,-0.0409
2025-05-30,FARTCOIN,0.0679
2025-05-30,GRASS,0.0109
2025-05-30,HYPE,-0.023
2025-05-30,INJ,0.0532
2025-05-30,JUP,0.0293
2025-05-30,LDO,-0.0064
2025-05-30,LINK,-0.0215
2025-05-30,LTC,-0.0243
2025-05-30,NEAR,-0.0061
2025-05-30,NIL,0.0052
2025-05-30,ONDO,-0.0203
2025-05-30,PENGU,0.0752
2025-05-30,SOL,-0.0629
2025-05-30,SUI,0.0175
2025-05-30,TAO,0.0121
2025-05-30,UNI,-0.0172
2025-05-30,WLD,0.0725
2025-05-30,XRP,-0.0294
2025-05-30,kPEPE,0.0489
2025-05-31,AAVE,-0.0317
2025-05-31,ADA,0.0627
2025-05-31,ARB,0.0034
2025-05-31,AVAX,0.0293
2025-05-31,BCH,0.0717
2025-05-31,BNB,0.1086
2025-05-31,BTC,0.0533
2025-05-31,CRV,0.0058
2025-05-31,DOGE,-0.0033
2025-05-31,ENA,-0.0234
2025-05-31,ETH,0.0657
2025-05-31,FARTCOIN,-0.05
2025-05-31,GRASS,-0.0618
2025-05-31,HYPE,-0.0228
2025-05-31,INJ,-0.0207
2025-05-31,JUP,-0.0356
2025-05-31,LDO,0.0152
2025-05-31,LINK,0.0232
2025-05-31,LTC,0.0423
2025-05-31,NEAR,0.0063
2025-05-31,NIL,-0.0016
2025-05-31,ONDO,0.0203
2025-05-31,PENGU,-0.0428
2025-05-31,SOL,0.0546
2025-05-31,SUI,0.0154
2025-05-31,TAO,-0.0359
2025-05-31,UNI,0.0138
2025-05-31,WLD,-0.0281
2025-05-31,XRP,0.077
2025-05-31,kPEPE,-0.0174
2025-06-01,AAVE,0.0088
2025-06-01,ADA,0.0016
2025-06-01,ARB,0.0158
2025-06-01,AVAX,0.0015
2025-06-01,BCH,-0.0036
2025-06-01,BNB,0.0098
2025-06-01,BTC,-0.0052
2025-06-01,CRV,-0.0152
2025-06-01,ETH,-0.0092
2025-06-01,FARTCOIN,0.0005
2025-06-01,GRASS,0.0147
2025-06-01,HYPE,-0.0077
2025-06-01,INJ,-0.0114
2025-06-01,LDO,0.0025
2025-06-01,LINK,-0.0089
2025-06-01,LTC,0.0171
2025-06-01,NEAR,0.0024
2025-06-01,NIL,0.0003
2025-06-01,ONDO,0.0165
2025-06-01,PENGU,-0.0154
2025-06-01,SOL,-0.0044
2025-06-01,SUI,0.0029
2025-06-01,UNI,0.0064
2025-06-01,WLD,-0.0112
2025-06-01,XRP,0.0173
2025-06-01,kPEPE,-0.0032
2025-06-02,AAVE,-0.0121
2025-06-02,ADA,-0.0075
2025-06-02,ARB,-0.0451
2025-06-02,AVAX,-0.003
2025-06-02,BCH,0.0368
2025-06-02,BNB,0.0027
2025-06-02,BTC,0.0043
2025-06-02,CRV,0.009
2025-06-02,DOGE,-0.0013
2025-06-02,ENA,-0.0407
2025-06-02,ETH,0.0059
2025-06-02,FARTCOIN,-0.0375
2025-06-02,GRASS,0.0042
2025-06-02,HYPE,0.0005
2025-06-02,INJ,-0.0046
2025-06-02,LDO,0.0087
2025-06-02,LINK,-0.0069
2025-06-02,LTC,-0.0119
2025-06-02,NEAR,-0.0024
2025-06-02,NIL,0.0036
2025-06-02,ONDO,-0.0032
2025-06-02,PENGU,-0.0365
2025-06-02,SOL,-0.0069
2025-06-02,SUI,0.0029
2025-06-02,UNI,-0.002
2025-06-02,WLD,-0.0319
2025-06-02,XRP,0.0039
2025-06-02,kPEPE,-0.0425
2025-06-03,AAVE,0.0121
2025-06-03,ADA,0.0075
2025-06-03,ARB,-0.002
2025-06-03,AVAX,0.0048
2025-06-03,BCH,0.0002
2025-06-03,BNB,0.003
2025-06-03,BTC,0.0066
2025-06-03,CRV,-0.003
2025-06-03,ENA,-0.008
2025-06-03,ETH,0.006
2025-06-03,FARTCOIN,0.0157
2025-06-03,GRASS,-0.0207
2025-06-03,HYPE,-0.0004
2025-06-03,INJ,-0.0047
2025-06-03,LDO,0.0065
2025-06-03,LINK,-0.0117
2025-06-03,LTC,0.0078
2025-06-03,NEAR,-0.0048
2025-06-03,NIL,0.0073
2025-06-03,PENGU,0.0158
2025-06-03,SOL,-0.0081
2025-06-03,TAO,0.0052
2025-06-03,UNI,-0.0144
2025-06-03,WLD,-0.0039
2025-06-03,XRP,-0.0128
2025-06-03,kPEPE,0.0067
2025-06-04,AAVE,-0.0208
2025-06-04,ADA,-0.0095
2025-06-04,ARB,-0.0036
2025-06-04,AVAX,-0.0154
2025-06-04,BCH,-0.0126
2025-06-04,BNB,-0.0109
2025-06-04,BTC,-0.0028
2025-06-04,CRV,-0.0295
2025-06-04,DOGE,0.0092
2025-06-04,ENA,0.0049
2025-06-04,ETH,-0.0046
2025-06-04,FARTCOIN,0.013
2025-06-04,GRASS,-0.003
2025-06-04,HYPE,0.0029
2025-06-04,INJ,0.0115
2025-06-04,JUP,0.005
2025-06-04,LDO,-0.0211
2025-06-04,LINK,0.0252
2025-06-04,LTC,-0.0004
2025-06-04,NEAR,0.0024
2025-06-04,NIL,0.0075
2025-06-04,ONDO,0.0064
2025-06-04,PENGU,0.002
2025-06-04,SOL,-0.0086
2025-06-04,SUI,0.0029
2025-06-04,TAO,-0.0186
2025-06-04,UNI,0.0066
2025-06-04,WLD,0.0058
2025-06-04,XRP,0.0185
2025-06-04,kPEPE,0.0019
2025-06-05,AAVE,-0.0068
2025-06-05,ADA,-0.0115
2025-06-05,ARB,0.0225
2025-06-05,AVAX,0.0115
2025-06-05,BCH,-0.0857
2025-06-05,BNB,-0.1776
2025-06-05,BTC,-0.1716
2025-06-05,CRV,-0.0067
2025-06-05,DOGE,0.0188
2025-06-05,ENA,0.0118
2025-06-05,ETH,-0.0279
2025-06-05,FARTCOIN,-0.0366
2025-06-05,GRASS,-0.0034
2025-06-05,HYPE,0.0487
2025-06-05,INJ,0.0322
2025-06-05,JUP,0.0307
2025-06-05,LDO,-0.0013
2025-06-05,LINK,-0.0033
2025-06-05,LTC,-0.0836
2025-06-05,NEAR,0.0271
2025-06-05,NIL,-0.0212
2025-06-05,ONDO,-0.0119
2025-06-05,PENGU,0.0431
2025-06-05,SOL,-0.0311
2025-06-05,SUI,0.0176
2025-06-05,TAO,0.0432
2025-06-05,UNI,0.0079
2025-06-05,WLD,0.0411
2025-06-05,XRP,-0.1117
2025-06-05,kPEPE,0.0209
2025-06-06,AAVE,0.0215
2025-06-06,ADA,0.0114
2025-06-06,ARB,-0.0075
2025-06-06,AVAX,-0.0115
2025-06-06,BCH,0.0888
2025-06-06,BNB,0.1542
2025-06-06,BTC,0.1494
2025-06-06,CRV,0.0542
2025-06-06,DOGE,-0.0329
2025-06-06,ENA,-0.014
2025-06-06,ETH,0.0171
2025-06-06,FARTCOIN,0.0044
2025-06-06,GRASS,0.0069
2025-06-06,HYPE,-0.0492
2025-06-06,INJ,-0.0485
2025-06-06,JUP,-0.0258
2025-06-06,LDO,0.0225
2025-06-06,LINK,-0.0244
2025-06-06,LTC,0.0556
2025-06-06,NEAR,-0.02
2025-06-06,NIL,0.0152
2025-06-06,ONDO,0.0219
2025-06-06,PENGU,-0.0536
2025-06-06,SOL,0.0493
2025-06-06,SUI,-0.051
2025-06-06,TAO,-0.0301
2025-06-06,UNI,0.0038
2025-06-06,WLD,-0.0317
2025-06-06,XRP,0.1159
2025-06-06,kPEPE,-0.023
2025-06-07,AAVE,0.0021
2025-06-07,ADA,0.0189
2025-06-07,ARB,-0.0045
2025-06-07,AVAX,-0.0066
2025-06-07,BCH,-0.0011
2025-06-07,BNB,0.0021
2025-06-07,BTC,0.0165
2025-06-07,CRV,-0.0419
2025-06-07,DOGE,0.0058
2025-06-07,ENA,0.0002
2025-06-07,ETH,0.0237
2025-06-07,FARTCOIN,0.0026
2025-06-07,GRASS,0.002
2025-06-07,HYPE,0.0254
2025-06-07,INJ,0.0037
2025-06-07,JUP,-0.0128
2025-06-07,LDO,-0.0172
2025-06-07,LINK,0.02
2025-06-07,LTC,0.0178
2025-06-07,NEAR,0.0073
2025-06-07,NIL,0.002
2025-06-07,ONDO,-0.0109
2025-06-07,PENGU,-0.0057
2025-06-07,SOL,0.0093
2025-06-07,SUI,0.0238
2025-06-07,TAO,0.008
2025-06-07,UNI,-0.0052
2025-06-07,WLD,-0.0138
2025-06-07,XRP,-0.0316
2025-06-07,kPEPE,0.0091
2025-06-08,AAVE,0.0024
2025-06-08,ADA,-0.013
2025-06-08,ARB,0.004
2025-06-08,AVAX,-0.0197
2025-06-08,BCH,0.0065
2025-06-08,BNB,0.0141
2025-06-08,CRV,0.0116
2025-06-08,DOGE,-0.0064
2025-06-08,ENA,0.0037
2025-06-08,ETH,0.008
2025-06-08,FARTCOIN,0.0002
2025-06-08,GRASS,0.0016
2025-06-08,HYPE,-0.0002
2025-06-08,INJ,-0.0098
2025-06-08,JUP,0.0073
2025-06-08,LDO,0.0109
2025-06-08,LINK,-0.0012
2025-06-08,LTC,0.0087
2025-06-08,NEAR,-0.0049
2025-06-08,NIL,0.0094
2025-06-08,ONDO,-0.0036
2025-06-08,PENGU,0.0072
2025-06-08,SOL,-0.0069
2025-06-08,SUI,-0.003
2025-06-08,TAO,-0.0098
2025-06-08,UNI,0.0092
2025-06-08,WLD,0.0039
2025-06-08,XRP,0.0052
2025-06-08,kPEPE,-0.014
2025-06-09,AAVE,-0.0193
2025-06-09,ADA,0.0119
2025-06-09,ARB,0.0008
2025-06-09,AVAX,0.0299
2025-06-09,BCH,-0.0158
2025-06-09,BNB,0.011
2025-06-09,BTC,0.0019
2025-06-09,CRV,0.0056
2025-06-09,DOGE,0.0124
2025-06-09,ENA,-0.0023
2025-06-09,ETH,0.0094
2025-06-09,FARTCOIN,0.0007
2025-06-09,GRASS,0.0016
2025-06-09,HYPE,-0.0176
2025-06-09,INJ,0.0112
2025-06-09,JUP,-0.0144
2025-06-09,LDO,-0.005
2025-06-09,LINK,0.0036
2025-06-09,LTC,-0.0021
2025-06-09,NEAR,0.0065
2025-06-09,NIL,-0.0054
2025-06-09,ONDO,0.0046
2025-06-09,PENGU,-0.0073
2025-06-09,SOL,0.0017
2025-06-09,SUI,0.0254
2025-06-09,TAO,-0.0095
2025-06-09,UNI,0.0017
2025-06-09,WLD,-0.0056
2025-06-09,XRP,0.0295
2025-06-09,kPEPE,0.0036
2025-06-10,ADA,0.0062
2025-06-10,ARB,-0.0016
2025-06-10,AVAX,0.013
2025-06-10,BCH,0.0275
2025-06-10,BNB,0.0095
2025-06-10,BTC,-0.0087
2025-06-10,CRV,-0.0029
2025-06-10,DOGE,0.0054
2025-06-10,ENA,0.0002
2025-06-10,ETH,0.0037
2025-06-10,FARTCOIN,0.0088
2025-06-10,GRASS,-0.0001
2025-06-10,HYPE,-0.0153
2025-06-10,INJ,0.0067
2025-06-10,JUP,0.0024
2025-06-10,LDO,-0.0013
2025-06-10,LINK,-0.0054
2025-06-10,LTC,0.0145
2025-06-10,NEAR,-0.0085
2025-06-10,NIL,-0.0066
2025-06-10,ONDO,0.0039
2025-06-10,PENGU,0.0048
2025-06-10,SOL,-0.0055
2025-06-10,SUI,0.0033
2025-06-10,TAO,0.0145
2025-06-10,UNI,-0.0241
2025-06-10,WLD,0.0052
2025-06-10,XRP,-0.0187
2025-06-10,kPEPE,0.0102
2025-06-11,AAVE,0.0086
2025-06-11,ADA,-0.0085
2025-06-11,ARB,-0.0021
2025-06-11,AVAX,-0.0043
2025-06-11,BCH,-0.0097
2025-06-11,BNB,-0.0002
2025-06-11,BTC,0.0012
2025-06-11,CRV,-0.0055
2025-06-11,DOGE,0.0057
2025-06-11,ENA,-0.0014
2025-06-11,ETH,0.0057
2025-06-11,FARTCOIN,-0.003
2025-06-11,GRASS,0.0067
2025-06-11,HYPE,-0.004
2025-06-11,INJ,-0.0021
2025-06-11,LDO,-0.004
2025-06-11,LINK,-0.0139
2025-06-11,LTC,-0.0072
2025-06-11,NEAR,0.0028
2025-06-11,NIL,0.0062
2025-06-11,ONDO,-0.0005
2025-06-11,PENGU,-0.005
2025-06-11,SOL,0.0099
2025-06-11,SUI,-0.0003
2025-06-11,TAO,0.0001
2025-06-11,UNI,0.0174
2025-06-11,WLD,-0.0015
2025-06-11,XRP,0.0106
2025-06-11,kPEPE,-0.0059
2025-06-12,AAVE,0.0212
2025-06-12,ADA,-0.0226
2025-06-12,ARB,-0.0069
2025-06-12,AVAX,-0.0186
2025-06-12,BCH,-0.0118
2025-06-12,BNB,-0.0088
2025-06-12,BTC,-0.0202
2025-06-12,DOGE,-0.0013
2025-06-12,ENA,-0.0036
2025-06-12,ETH,-0.0029
2025-06-12,FARTCOIN,0.0015
2025-06-12,GRASS,-0.008
2025-06-12,HYPE,0.0149
2025-06-12,INJ,0.0023
2025-06-12,JUP,0.007
2025-06-12,LDO,-0.0022
2025-06-12,LINK,-0.0147
2025-06-12,LTC,-0.0024
2025-06-12,NEAR,-0.0029
2025-06-12,NIL,0.0139
2025-06-12,ONDO,-0.0034
2025-06-12,PENGU,0.0018
2025-06-12,SOL,-0.0237
2025-06-12,SUI,-0.0093
2025-06-12,TAO,-0.0073
2025-06-12,UNI,0.0019
2025-06-12,XRP,-0.001
2025-06-12,kPEPE,0.0018
2025-06-13,AAVE,-0.0122
2025-06-13,ADA,0.0207
2025-06-13,ARB,0.0158
2025-06-13,AVAX,0.0097
2025-06-13,BCH,-0.0389
2025-06-13,BNB,-0.0163
2025-06-13,BTC,0.0046
2025-06-13,CRV,-0.0128
2025-06-13,DOGE,-0.0062
2025-06-13,ENA,0.0248
2025-06-13,ETH,-0.0091
2025-06-13,FARTCOIN,-0.006
2025-06-13,GRASS,0.0146
2025-06-13,HYPE,-0.0083
2025-06-13,INJ,-0.0085
2025-06-13,LDO,0.0105
2025-06-13,LINK,0.0156
2025-06-13,LTC,-0.0129
2025-06-13,NEAR,-0.0297
2025-06-13,NIL,-0.034
2025-06-13,ONDO,0.0029
2025-06-13,PENGU,0.0205
2025-06-13,SOL,0.0164
2025-06-13,SUI,0.015
2025-06-13,TAO,0.005
2025-06-13,UNI,-0.0165
2025-06-13,WLD,-0.0014
2025-06-13,XRP,-0.0093
2025-06-13,kPEPE,-0.0037
2025-06-14,AAVE,-0.0007
2025-06-14,ADA,0.0082
2025-06-14,ARB,0.0066
2025-06-14,AVAX,0.0147
2025-06-14,BCH,0.0155
2025-06-14,BNB,-0.0025
2025-06-14,BTC,-0.0217
2025-06-14,CRV,0.0102
2025-06-14,DOGE,-0.0265
2025-06-14,ENA,-0.0108
2025-06-14,ETH,-0.0153
2025-06-14,FARTCOIN,0.0006
2025-06-14,GRASS,0.0059
2025-06-14,HYPE,0.007
2025-06-14,INJ,0.0217
2025-06-14,JUP,-0.0277
2025-06-14,LDO,-0.0021
2025-06-14,LINK,0.0015
2025-06-14,LTC,-0.0004
2025-06-14,NEAR,-0.0028
2025-06-14,ONDO,-0.0291
2025-06-14,PENGU,0.0055
2025-06-14,SOL,0.0128
2025-06-14,SUI,-0.0035
2025-06-14,TAO,-0.0138
2025-06-14,UNI,0.0003
2025-06-14,WLD,0.0051
2025-06-14,XRP,0.0101
2025-06-14,kPEPE,0.01
2025-06-15,AAVE,-0.0024
2025-06-15,ADA,-0.0006
2025-06-15,ARB,-0.0136
2025-06-15,AVAX,-0.0005
2025-06-15,BCH,-0.0267
2025-06-15,BNB,0.0141
2025-06-15,BTC,0.0246
2025-06-15,CRV,-0.0027
2025-06-15,DOGE,0.032
2025-06-15,ENA,-0.0113
2025-06-15,ETH,0.0105
2025-06-15,FARTCOIN,-0.0009
2025-06-15,GRASS,-0.018
2025-06-15,HYPE,-0.0047
2025-06-15,INJ,-0.0066
2025-06-15,JUP,0.0044
2025-06-15,LDO,0.006
2025-06-15,LINK,0.0128
2025-06-15,LTC,0.0032
2025-06-15,NEAR,0.0409
2025-06-15,NIL,0.0237
2025-06-15,ONDO,0.0398
2025-06-15,PENGU,-0.0207
2025-06-15,SOL,-0.0484
2025-06-15,SUI,-0.0149
2025-06-15,TAO,0.0232
2025-06-15,UNI,-0.0006
2025-06-15,WLD,-0.0003
2025-06-15,XRP,0.0147
2025-06-15,kPEPE,-0.0084
2025-06-16,AAVE,0.0119
2025-06-16,ADA,-0.0015
2025-06-16,ARB,0.0091
2025-06-16,AVAX,0.0002
2025-06-16,BCH,0.0186
2025-06-16,BNB,-0.0024
2025-06-16,BTC,0.0144
2025-06-16,CRV,-0.0077
2025-06-16,DOGE,0.006
2025-06-16,ENA,0.0128
2025-06-16,ETH,0.0046
2025-06-16,FARTCOIN,0.0049
2025-06-16,GRASS,0.018
2025-06-16,HYPE,0.017
2025-06-16,INJ,-0.018
2025-06-16,JUP,0.0024
2025-06-16,LDO,-0.0107
2025-06-16,LINK,-0.0195
2025-06-16,LTC,0.0217
2025-06-16,NEAR,-0.0389
2025-06-16,NIL,-0.0239
2025-06-16,PENGU,-0.0077
2025-06-16,SOL,0.0169
2025-06-16,SUI,0.003
2025-06-16,TAO,0.0071
2025-06-16,UNI,-0.002
2025-06-16,WLD,0.0053
2025-06-16,XRP,-0.0368
2025-06-16,kPEPE,0.0022
2025-06-17,AAVE,-0.0143
2025-06-17,ADA,-0.0161
2025-06-17,ARB,0.0328
2025-06-17,AVAX,-0.0134
2025-06-17,BCH,-0.0619
2025-06-17,BNB,0.0031
2025-06-17,BTC,-0.0354
2025-06-17,CRV,0.0288
2025-06-17,DOGE,-0.0534
2025-06-17,ENA,0.0095
2025-06-17,ETH,-0.053
2025-06-17,FARTCOIN,-0.0011
2025-06-17,GRASS,-0.0143
2025-06-17,HYPE,0.0152
2025-06-17,INJ,0.011
2025-06-17,JUP,0.0505
2025-06-17,LDO,0.0105
2025-06-17,LINK,0.0168
2025-06-17,LTC,-0.0643
2025-06-17,NEAR,0.0628
2025-06-17,NIL,0.0216
2025-06-17,ONDO,-0.0504
2025-06-17,PENGU,0.0049
2025-06-17,SOL,-0.0798
2025-06-17,SUI,0.022
2025-06-17,TAO,-0.0046
2025-06-17,UNI,0.0008
2025-06-17,WLD,-0.0077
2025-06-17,XRP,-0.0625
2025-06-17,kPEPE,0.0329
2025-06-18,AAVE,-0.0061
2025-06-18,ADA,0.0066
2025-06-18,ARB,-0.0238
2025-06-18,AVAX,0.0057
2025-06-18,BCH,0.0772
2025-06-18,BNB,-0.0165
2025-06-18,BTC,0.0291
2025-06-18,CRV,-0.0414
2025-06-18,DOGE,0.0637
2025-06-18,ENA,-0.0059
2025-06-18,ETH,0.0495
2025-06-18,FARTCOIN,-0.0031
2025-06-18,GRASS,0.0036
2025-06-18,HYPE,-0.0213
2025-06-18,INJ,-0.0064
2025-06-18,JUP,-0.0531
2025-06-18,LDO,0.0088
2025-06-18,LINK,0.0022
2025-06-18,LTC,0.0585
2025-06-18,NEAR,-0.0322
2025-06-18,NIL,-0.0149
2025-06-18,ONDO,0.0139
2025-06-18,PENGU,-0.0009
2025-06-18,SOL,0.0885
2025-06-18,SUI,-0.0102
2025-06-18,TAO,-0.014
2025-06-18,UNI,-0.0009
2025-06-18,WLD,-0.0081
2025-06-18,XRP,0.0511
2025-06-18,kPEPE,-0.0273
2025-06-19,AAVE,0.009
2025-06-19,ADA,0.0062
2025-06-19,ARB,0.0088
2025-06-19,AVAX,0.009
2025-06-19,BCH,-0.0611
2025-06-19,BNB,-0.0078
2025-06-19,BTC,-0.0045
2025-06-19,CRV,0.0125
2025-06-19,DOGE,-0.0341
2025-06-19,ENA,0.0097
2025-06-19,ETH,-0.0304
2025-06-19,FARTCOIN,0.0002
2025-06-19,GRASS,-0.0002
2025-06-19,HYPE,0.0225
2025-06-19,INJ,-0.0088
2025-06-19,JUP,0.0117
2025-06-19,LDO,0.0021
2025-06-19,LINK,0.0152
2025-06-19,LTC,-0.009
2025-06-19,NEAR,-0.0139
2025-06-19,NIL,-0.0063
2025-06-19,ONDO,0.032
2025-06-19,PENGU,0.0095
2025-06-19,SOL,-0.0318
2025-06-19,SUI,-0.0475
2025-06-19,TAO,0.0046
2025-06-19,UNI,0.0002
2025-06-19,WLD,0.0072
2025-06-19,XRP,0.0493
2025-06-19,kPEPE,0.0044
2025-06-20,AAVE,-0.0247
2025-06-20,ADA,-0.0075
2025-06-20,ARB,-0.0012
2025-06-20,AVAX,-0.0208
2025-06-20,BCH,0.0383
2025-06-20,BNB,0.0044
2025-06-20,BTC,-0.0149
2025-06-20,CRV,0.0101
2025-06-20,DOGE,0.0226
2025-06-20,ENA,-0.0183
2025-06-20,ETH,0.0203
2025-06-20,FARTCOIN,0.0003
2025-06-20,GRASS,0.0366
2025-06-20,HYPE,0.015
2025-06-20,INJ,-0.0086
2025-06-20,JUP,-0.0128
2025-06-20,LDO,-0.011
2025-06-20,LINK,-0.0158
2025-06-20,LTC,-0.0541
2025-06-20,NEAR,0.0259
2025-06-20,NIL,0.0143
2025-06-20,ONDO,-0.0599
2025-06-20,PENGU,-0.0183
2025-06-20,SOL,0.0093
2025-06-20,SUI,0.0329
2025-06-20,TAO,-0.0132
2025-06-20,UNI,0.0067
2025-06-20,WLD,-0.0069
2025-06-20,XRP,0.0054
2025-06-20,kPEPE,0.0092
2025-06-21,AAVE,0.0288
2025-06-21,ADA,0.0113
2025-06-21,ARB,0.0146
2025-06-21,AVAX,-0.0206
2025-06-21,BCH,-0.036
2025-06-21,BNB,-0.1251
2025-06-21,BTC,0.0174
2025-06-21,CRV,-0.0286
2025-06-21,DOGE,0.0225
2025-06-21,ENA,0.0083
2025-06-21,ETH,-0.0321
2025-06-21,FARTCOIN,-0.0009
2025-06-21,GRASS,-0.0003
2025-06-21,HYPE,-0.0607
2025-06-21,INJ,0.0128
2025-06-21,JUP,0.0171
2025-06-21,LDO,0.0089
2025-06-21,LINK,-0.0103
2025-06-21,LTC,-0.0279
2025-06-21,NEAR,0.0132
2025-06-21,NIL,0.0277
2025-06-21,ONDO,0.045
2025-06-21,PENGU,0.0167
2025-06-21,SOL,-0.0309
2025-06-21,SUI,0.0247
2025-06-21,TAO,0.0203
2025-06-21,UNI,-0.0051
2025-06-21,WLD,-0.0099
2025-06-21,XRP,-0.0673
2025-06-21,kPEPE,0.0142
2025-06-22,AAVE,-0.0076
2025-06-22,ADA,-0.0179
2025-06-22,ARB,-0.038
2025-06-22,AVAX,-0.0063
2025-06-22,BCH,0.0655
2025-06-22,BNB,-0.0519
2025-06-22,BTC,-0.2196
2025-06-22,CRV,0.017
2025-06-22,DOGE,-0.054
2025-06-22,ENA,0.0258
2025-06-22,ETH,0.0047
2025-06-22,FARTCOIN,-0.0013
2025-06-22,GRASS,-0.0395
2025-06-22,HYPE,0.0076
2025-06-22,INJ,0.0204
2025-06-22,JUP,0.0027
2025-06-22,LDO,0.0064
2025-06-22,LINK,-0.0211
2025-06-22,LTC,0.002
2025-06-22,NEAR,-0.0012
2025-06-22,NIL,0.0166
2025-06-22,ONDO,-0.0072
2025-06-22,PENGU,-0.0097
2025-06-22,SOL,0.0661
2025-06-22,SUI,0.0039
2025-06-22,TAO,0.0117
2025-06-22,UNI,0.0193
2025-06-22,WLD,0.0574
2025-06-22,XRP,-0.0406
2025-06-22,kPEPE,0.0148
2025-06-23,AAVE,-0.0088
2025-06-23,ADA,0.0078
2025-06-23,ARB,0.0026
2025-06-23,AVAX,0.0541
2025-06-23,BCH,-0.0373
2025-06-23,BNB,0.1919
2025-06-23,BTC,0.1769
2025-06-23,CRV,0.0314
2025-06-23,DOGE,0.0455
2025-06-23,ENA,-0.0388
2025-06-23,ETH,0.0265
2025-06-23,FARTCOIN,0.0033
2025-06-23,GRASS,0.0043
2025-06-23,HYPE,0.0033
2025-06-23,INJ,-0.0116
2025-06-23,JUP,-0.0281
2025-06-23,LDO,-0.0086
2025-06-23,LINK,0.0204
2025-06-23,LTC,0.0933
2025-06-23,NEAR,-0.016
2025-06-23,NIL,-0.0479
2025-06-23,ONDO,0.0021
2025-06-23,PENGU,-0.0042
2025-06-23,SOL,-0.0256
2025-06-23,SUI,-0.0473
2025-06-23,TAO,-0.0318
2025-06-23,UNI,-0.0145
2025-06-23,WLD,-0.0268
2025-06-23,XRP,0.1031
2025-06-23,kPEPE,-0.0311
2025-06-24,AAVE,0.0051
2025-06-24,ADA,0.0114
2025-06-24,ARB,-0.0185
2025-06-24,AVAX,-0.0005
2025-06-24,BCH,0.0266
2025-06-24,BNB,-0.0029
2025-06-24,BTC,0.0246
2025-06-24,CRV,-0.0004
2025-06-24,DOGE,-0.0076
2025-06-24,ENA,0.006
2025-06-24,ETH,-0.0085
2025-06-24,FARTCOIN,-0.0012
2025-06-24,GRASS,0.005
2025-06-24,HYPE,0.001
2025-06-24,INJ,-0.0083
2025-06-24,JUP,-0.0013
2025-06-24,LDO,-0.0021
2025-06-24,LINK,-0.0167
2025-06-24,LTC,-0.0097
2025-06-24,NEAR,-0.0082
2025-06-24,NIL,0.0046
2025-06-24,ONDO,-0.0286
2025-06-24,PENGU,0.0062
2025-06-24,SOL,-0.0007
2025-06-24,SUI,0.0172
2025-06-24,TAO,0.009
2025-06-24,UNI,0.0023
2025-06-24,WLD,0.0099
2025-06-24,XRP,0.0009
2025-06-24,kPEPE,-0.0048
2025-06-25,AAVE,-0.0103
2025-06-25,ADA,-0.0161
2025-06-25,ARB,-0.0003
2025-06-25,AVAX,0.0065
2025-06-25,BCH,0.032
2025-06-25,BNB,-0.0009
2025-06-25,BTC,0.024
2025-06-25,CRV,-0.0059
2025-06-25,DOGE,-0.0061
2025-06-25,ENA,0.0017
2025-06-25,ETH,0.0077
2025-06-25,FARTCOIN,0.0096
2025-06-25,GRASS,-0.0178
2025-06-25,HYPE,0.0292
2025-06-25,INJ,-0.0071
2025-06-25,JUP,0.0002
2025-06-25,LDO,0.0042
2025-06-25,LINK,-0.0041
2025-06-25,LTC,-0.0178
2025-06-25,NEAR,0.0027
2025-06-25,NIL,-0.0066
2025-06-25,ONDO,0.0084
2025-06-25,PENGU,0.0016
2025-06-25,SOL,0.0097
2025-06-25,SUI,-0.0097
2025-06-25,TAO,-0.0042
2025-06-25,UNI,0.0014
2025-06-25,WLD,0.0026
2025-06-25,XRP,-0.0144
2025-06-25,kPEPE,0.0024
2025-06-26,AAVE,-0.0001
2025-06-26,ADA,0.0113
2025-06-26,ARB,-0.0034
2025-06-26,AVAX,0.0075
2025-06-26,BCH,-0.0205
2025-06-26,BNB,-0.0249
2025-06-26,BTC,-0.0503
2025-06-26,CRV,0.006
2025-06-26,DOGE,0.0227
2025-06-26,ENA,0.0095
2025-06-26,ETH,-0.053
2025-06-26,FARTCOIN,0.0013
2025-06-26,GRASS,0.0159
2025-06-26,HYPE,-0.0127
2025-06-26,INJ,-0.0017
2025-06-26,JUP,0.0078
2025-06-26,LDO,-0.018
2025-06-26,LINK,-0.013
2025-06-26,LTC,0.0189
2025-06-26,NEAR,-0.0025
2025-06-26,NIL,-0.0147
2025-06-26,ONDO,0.0203
2025-06-26,PENGU,-0.0009
2025-06-26,SOL,0.01
2025-06-26,SUI,0.0101
2025-06-26,TAO,-0.0141
2025-06-26,UNI,0.0067
2025-06-26,WLD,-0.002
2025-06-26,XRP,0.0162
2025-06-26,kPEPE,0.0099
2025-06-27,AAVE,0.0079
2025-06-27,ADA,-0.0061
2025-06-27,ARB,0.0159
2025-06-27,AVAX,-0.0084
2025-06-27,BCH,-0.0411
2025-06-27,BNB,0.0358
2025-06-27,BTC,0.0296
2025-06-27,CRV,-0.0034
2025-06-27,DOGE,-0.0162
2025-06-27,ENA,-0.0076
2025-06-27,ETH,0.038
2025-06-27,FARTCOIN,-0.0109
2025-06-27,GRASS,-0.0013
2025-06-27,HYPE,0.0077
2025-06-27,INJ,0.0032
2025-06-27,JUP,-0.0037
2025-06-27,LDO,0.0137
2025-06-27,LINK,0.0403
2025-06-27,LTC,-0.0104
2025-06-27,NEAR,-0.0027
2025-06-27,NIL,0.0318
2025-06-27,ONDO,0.0024
2025-06-27,PENGU,-0.0042
2025-06-27,SOL,0.0015
2025-06-27,SUI,-0.0272
2025-06-27,TAO,0.0097
2025-06-27,UNI,-0.0125
2025-06-27,WLD,-0.003
2025-06-27,XRP,-0.0001
2025-06-27,ZRO,-0.0177
2025-06-27,kPEPE,-0.0147
2025-06-28,AAVE,-0.0131
2025-06-28,ADA,0.0029
2025-06-28,ARB,0.0042
2025-06-28,AVAX,-0.0092
2025-06-28,BCH,0.0145
2025-06-28,BNB,-0.0055
2025-06-28,BTC,0.0181
2025-06-28,CRV,-0.0053
2025-06-28,DOGE,0.0021
2025-06-28,ENA,-0.0151
2025-06-28,ETH,0.0166
2025-06-28,FARTCOIN,-0.0014
2025-06-28,GRASS,0.0065
2025-06-28,HYPE,0.0268
2025-06-28,INJ,-0.0027
2025-06-28,JUP,-0.0026
2025-06-28,LDO,-0.0087
2025-06-28,LINK,0.0032
2025-06-28,LTC,0.0056
2025-06-28,NEAR,0.0052
2025-06-28,ONDO,0.0029
2025-06-28,PENGU,0.0113
2025-06-28,SOL,-0.0371
2025-06-28,SUI,0.0171
2025-06-28,TAO,0.0064
2025-06-28,UNI,0.009
2025-06-28,WLD,0.0025
2025-06-28,XRP,-0.0004
2025-06-28,ZRO,-0.0023
2025-06-28,kPEPE,-0.0211
2025-06-29,AAVE,0.0055
2025-06-29,ADA,-0.0066
2025-06-29,ARB,-0.0185
2025-06-29,AVAX,0.0011
2025-06-29,BCH,0.0382
2025-06-29,BNB,0.0162
2025-06-29,BTC,0.0069
2025-06-29,DOGE,0.0116
2025-06-29,ETH,0.0015
2025-06-29,FARTCOIN,0.002
2025-06-29,GRASS,-0.0017
2025-06-29,HYPE,-0.0244
2025-06-29,INJ,0.0091
2025-06-29,JUP,0.0151
2025-06-29,LDO,-0.0078
2025-06-29,LINK,0.0076
2025-06-29,LTC,0.0353
2025-06-29,NEAR,-0.0026
2025-06-29,ONDO,-0.0029
2025-06-29,PENGU,0.0003
2025-06-29,SOL,0.0237
2025-06-29,SUI,-0.0047
2025-06-29,TAO,-0.0059
2025-06-29,UNI,0.0076
2025-06-29,WLD,-0.0101
2025-06-29,XRP,-0.0237
2025-06-29,ZRO,0.0077
2025-06-29,kPEPE,-0.0044
2025-06-30,AAVE,-0.0049
2025-06-30,ADA,-0.0075
2025-06-30,ARB,0.004
2025-06-30,AVAX,-0.0025
2025-06-30,BCH,-0.0024
2025-06-30,BNB,0.0093
2025-06-30,BTC,-0.0047
2025-06-30,CRV,-0.0108
2025-06-30,ENA,0.0061
2025-06-30,ETH,0.0065
2025-06-30,FARTCOIN,0.0046
2025-06-30,GRASS,-0.0033
2025-06-30,HYPE,0.0101
2025-06-30,INJ,0.0026
2025-06-30,JUP,-0.0148
2025-06-30,LDO,0.0061
2025-06-30,LINK,-0.0011
2025-06-30,LTC,-0.0107
2025-06-30,ONDO,0.0087
2025-06-30,PENGU,-0.007
2025-06-30,SOL,-0.0165
2025-06-30,SUI,0.0048
2025-06-30,TAO,0.0168
2025-06-30,UNI,-0.0035
2025-06-30,WLD,0.0079
2025-06-30,XRP,-0.0009
2025-06-30,ZRO,-0.0149
2025-06-30,kPEPE,0.0072
2025-07-01,AAVE,-0.0096
2025-07-01,ADA,-0.015
2025-07-01,ARB,-0.002
2025-07-01,AVAX,-0.0004
2025-07-01,BCH,-0.0026
2025-07-01,BNB,-0.0118
2025-07-01,BTC,-0.009
2025-07-01,CRV,0.0082
2025-07-01,DOGE,-0.0028
2025-07-01,ENA,0.0082
2025-07-01,ETH,-0.0089
2025-07-01,FARTCOIN,0.0001
2025-07-01,GRASS,0.0033
2025-07-01,HYPE,-0.0052
2025-07-01,INJ,0.0024
2025-07-01,JUP,0.0086
2025-07-01,LDO,-0.0022
2025-07-01,LINK,-0.0042
2025-07-01,LTC,-0.0159
2025-07-01,NEAR,-0.0053
2025-07-01,ONDO,-0.0028
2025-07-01,PENGU,-0.0004
2025-07-01,SOL,0.0026
2025-07-01,SUI,-0.0098
2025-07-01,TAO,0.0024
2025-07-01,UNI,-0.0104
2025-07-01,WLD,-0.0079
2025-07-01,XRP,-0.0098
2025-07-01,ZRO,-0.003
2025-07-01,kPEPE,0.0137
2025-07-02,AAVE,0.0065
2025-07-02,ADA,-0.005
2025-07-02,AVAX,0.0048
2025-07-02,BCH,-0.0249
2025-07-02,BNB,-0.0007
2025-07-02,BTC,0.0212
2025-07-02,CRV,0.0119
2025-07-02,DOGE,-0.0021
2025-07-02,ENA,-0.0025
2025-07-02,ETH,-0.0121
2025-07-02,FARTCOIN,-0.0023
2025-07-02,GRASS,-0.0192
2025-07-02,HYPE,0.0008
2025-07-02,INJ,-0.0095
2025-07-02,JUP,0.0054
2025-07-02,LDO,0.0015
2025-07-02,LINK,0.0195
2025-07-02,LTC,0.0042
2025-07-02,NEAR,0.008
2025-07-02,ONDO,0.01
2025-07-02,PENGU,-0.0016
2025-07-02,SOL,0.0269
2025-07-02,SUI,0.0121
2025-07-02,TAO,0.0002
2025-07-02,UNI,0.0009
2025-07-02,WLD,-0.0053
2025-07-02,XRP,-0.0121
2025-07-02,ZRO,0.0222
2025-07-02,kPEPE,-0.0125
2025-07-03,AAVE,0.0053
2025-07-03,ADA,0.0057
2025-07-03,ARB,0.0048
2025-07-03,AVAX,-0.001
2025-07-03,BCH,-0.0006
2025-07-03,BNB,0.0186
2025-07-03,BTC,0.0013
2025-07-03,CRV,-0.0034
2025-07-03,DOGE,-0.007
2025-07-03,ENA,0.0045
2025-07-03,ETH,0.0241
2025-07-03,FARTCOIN,-0.0015
2025-07-03,GRASS,0.0007
2025-07-03,HYPE,-0.0003
2025-07-03,INJ,0.0007
2025-07-03,JUP,-0.0038
2025-07-03,LDO,0.0068
2025-07-03,LINK,-0.0079
2025-07-03,LTC,0.0004
2025-07-03,NEAR,-0.0211
2025-07-03,ONDO,-0.0038
2025-07-03,PENGU,0.0007
2025-07-03,SOL,-0.0081
2025-07-03,SUI,-0.0144
2025-07-03,TAO,-0.0051
2025-07-03,UNI,-0.0012
2025-07-03,WLD,0.0104
2025-07-03,XRP,0.0429
2025-07-03,ZRO,0.0081
2025-07-03,kPEPE,0.0076
2025-07-04,AAVE,0.0102
2025-07-04,ADA,-0.0082
2025-07-04,ARB,0.0059
2025-07-04,AVAX,-0.0022
2025-07-04,BCH,0.0116
2025-07-04,BNB,-0.0135
2025-07-04,BTC,-0.0083
2025-07-04,CRV,-0.0111
2025-07-04,DOGE,-0.0032
2025-07-04,ENA,-0.0152
2025-07-04,ETH,-0.0104
2025-07-04,FARTCOIN,-0.0008
2025-07-04,GRASS,-0.0016
2025-07-04,HYPE,0.0028
2025-07-04,JUP,0.0063
2025-07-04,LDO,0.0042
2025-07-04,LINK,0.0006
2025-07-04,LTC,-0.0283
2025-07-04,NEAR,0.013
2025-07-04,ONDO,0.0034
2025-07-04,PENGU,-0.0004
2025-07-04,SOL,-0.0031
2025-07-04,SUI,0.0071
2025-07-04,TAO,0.0102
2025-07-04,UNI,-0.0002
2025-07-04,WLD,-0.0255
2025-07-04,XRP,0.0033
2025-07-04,ZRO,-0.0078
2025-07-04,kPEPE,-0.0026
2025-07-05,AAVE,0.0023
2025-07-05,ADA,0.0255
2025-07-05,ARB,-0.011
2025-07-05,AVAX,-0.0006
2025-07-05,BCH,0.0096
2025-07-05,BNB,0.032
2025-07-05,BTC,-0.0085
2025-07-05,CRV,-0.0083
2025-07-05,DOGE,-0.0125
2025-07-05,ENA,0.003
2025-07-05,ETH,0.0045
2025-07-05,FARTCOIN,0.003
2025-07-05,GRASS,0.0066
2025-07-05,HYPE,-0.0009
2025-07-05,INJ,0.0142
2025-07-05,JUP,0.0087
2025-07-05,LDO,-0.0066
2025-07-05,LINK,-0.0071
2025-07-05,LTC,0.0062
2025-07-05,NEAR,-0.0123
2025-07-05,ONDO,-0.0268
2025-07-05,PENGU,0.0014
2025-07-05,SOL,0.002
2025-07-05,SUI,-0.0088
2025-07-05,TAO,-0.0028
2025-07-05,UNI,-0.0002
2025-07-05,WLD,0.0106
2025-07-05,XRP,-0.0083
2025-07-05,ZRO,0.0103
2025-07-05,kPEPE,-0.0019
2025-07-06,AAVE,-0.0241
2025-07-06,ADA,0.003
2025-07-06,ARB,0.0175
2025-07-06,AVAX,0.0024
2025-07-06,BCH,0.0176
2025-07-06,BNB,-0.0121
2025-07-06,BTC,0.01
2025-07-06,CRV,0.0054
2025-07-06,DOGE,-0.0249
2025-07-06,ENA,-0.0019
2025-07-06,ETH,-0.0006
2025-07-06,FARTCOIN,-0.0031
2025-07-06,GRASS,-0.0013
2025-07-06,HYPE,-0.005
2025-07-06,INJ,0.0021
2025-07-06,JUP,-0.0041
2025-07-06,LDO,-0.0019
2025-07-06,LINK,0.0057
2025-07-06,LTC,0.0151
2025-07-06,NEAR,0.0174
2025-07-06,ONDO,0.0141
2025-07-06,PENGU,0.0004
2025-07-06,SOL,-0.0146
2025-07-06,SUI,0.0233
2025-07-06,TAO,0.0048
2025-07-06,UNI,0.0003
2025-07-06,WLD,-0.0167
2025-07-06,XRP,-0.0109
2025-07-06,ZRO,-0.0048
2025-07-06,kPEPE,-0.002
2025-07-07,AAVE,0.0004
2025-07-07,ADA,-0.0107
2025-07-07,ARB,0.0132
2025-07-07,AVAX,0.0014
2025-07-07,BCH,-0.0077
2025-07-07,BNB,0.0079
2025-07-07,BTC,-0.0022
2025-07-07,CRV,-0.0242
2025-07-07,DOGE,0.009
2025-07-07,ENA,-0.0003
2025-07-07,ETH,-0.0042
2025-07-07,FARTCOIN,0.0037
2025-07-07,GRASS,-0.0086
2025-07-07,HYPE,-0.0073
2025-07-07,INJ,-0.0136
2025-07-07,JUP,0.0042
2025-07-07,LDO,0.002
2025-07-07,LINK,-0.0126
2025-07-07,LTC,0.0035
2025-07-07,ONDO,0.0026
2025-07-07,PENGU,0.0034
2025-07-07,SOL,0.0089
2025-07-07,SUI,-0.0096
2025-07-07,UNI,-0.0013
2025-07-07,WLD,0.0168
2025-07-07,XRP,0.0223
2025-07-07,ZRO,0.0071
2025-07-07,kPEPE,0.0047
2025-07-08,AAVE,-0.0025
2025-07-08,ADA,0.0094
2025-07-08,ARB,-0.0151
2025-07-08,AVAX,-0.0016
2025-07-08,BCH,0.0077
2025-07-08,BNB,-0.0135
2025-07-08,BTC,0.001
2025-07-08,CRV,0.0324
2025-07-08,DOGE,0.033
2025-07-08,ENA,0.002
2025-07-08,ETH,-0.0022
2025-07-08,FARTCOIN,-0.0032
2025-07-08,GRASS,0.0029
2025-07-08,HYPE,0.0048
2025-07-08,INJ,0.002
2025-07-08,JUP,-0.0062
2025-07-08,LDO,0.0043
2025-07-08,LINK,-0.0141
2025-07-08,LTC,0.0078
2025-07-08,NEAR,-0.0171
2025-07-08,ONDO,-0.0028
2025-07-08,PENGU,-0.0029
2025-07-08,SOL,0.0035
2025-07-08,SUI,0.0047
2025-07-08,TAO,0.0001
2025-07-08,UNI,0.003
2025-07-08,WLD,0.0048
2025-07-08,XRP,-0.0007
2025-07-08,ZRO,-0.007
2025-07-08,kPEPE,-0.0091
2025-07-09,AAVE,0.0239
2025-07-09,ADA,0.0128
2025-07-09,ARB,-0.0018
2025-07-09,AVAX,-0.0037
2025-07-09,BCH,-0.0044
2025-07-09,BNB,0.0051
2025-07-09,BTC,0.0305
2025-07-09,CRV,-0.0267
2025-07-09,DOGE,-0.0063
2025-07-09,ENA,-0.0036
2025-07-09,ETH,0.0043
2025-07-09,FARTCOIN,0.0067
2025-07-09,GRASS,0.0035
2025-07-09,HYPE,0.0129
2025-07-09,INJ,0.0093
2025-07-09,JUP,-0.0018
2025-07-09,LDO,-0.0125
2025-07-09,LINK,0.0174
2025-07-09,LTC,0.0094
2025-07-09,NEAR,0.0122
2025-07-09,ONDO,-0.0001
2025-07-09,SOL,0.0095
2025-07-09,SUI,-0.0094
2025-07-09,TAO,-0.0147
2025-07-09,UNI,-0.0027
2025-07-09,WLD,0.0049
2025-07-09,XRP,0.0151
2025-07-09,ZRO,0.0047
2025-07-09,kPEPE,-0.004
2025-07-10,AAVE,0.0118
2025-07-10,ADA,-0.0192
2025-07-10,ARB,-0.0105
2025-07-10,AVAX,0.0113
2025-07-10,BCH,-0.0124
2025-07-10,BNB,0.0081
2025-07-10,BTC,-0.0088
2025-07-10,CRV,0.0213
2025-07-10,DOGE,-0.0048
2025-07-10,ENA,0.0017
2025-07-10,ETH,0.0163
2025-07-10,FARTCOIN,-0.0079
2025-07-10,GRASS,0.0162
2025-07-10,HYPE,-0.0123
2025-07-10,INJ,-0.0063
2025-07-10,JUP,0.0018
2025-07-10,LDO,0.0073
2025-07-10,LINK,0.0118
2025-07-10,LTC,0.0192
2025-07-10,PENGU,0.0009
2025-07-10,SOL,0.0071
2025-07-10,SUI,-0.008
2025-07-10,TAO,0.0049
2025-07-10,UNI,0.0049
2025-07-10,WLD,-0.0186
2025-07-10,XRP,-0.0185
2025-07-10,ZRO,-0.0093
2025-07-10,kPEPE,0.001
2025-07-11,AAVE,-0.0142
2025-07-11,ADA,-0.0047
2025-07-11,ARB,0.0021
2025-07-11,AVAX,0.0026
2025-07-11,BCH,0.0035
2025-07-11,BNB,0.0164
2025-07-11,BTC,-0.0073
2025-07-11,CRV,-0.0247
2025-07-11,DOGE,0.002
2025-07-11,ENA,-0.0078
2025-07-11,ETH,-0.0002
2025-07-11,FARTCOIN,0.0003
2025-07-11,GRASS,0.0019
2025-07-11,HYPE,0.0075
2025-07-11,INJ,0.0086
2025-07-11,JUP,0.0082
2025-07-11,LDO,0.0001
2025-07-11,LINK,0.0099
2025-07-11,LTC,-0.0046
2025-07-11,NEAR,0.0122
2025-07-11,ONDO,0.0027
2025-07-11,PENGU,0.0036
2025-07-11,SOL,-0.0055
2025-07-11,SUI,0.0024
2025-07-11,TAO,-0.0214
2025-07-11,UNI,0.0066
2025-07-11,WLD,0.0063
2025-07-11,XRP,-0.0194
2025-07-11,ZRO,0.0001
2025-07-11,kPEPE,0.0021
2025-07-12,AAVE,0.0028
2025-07-12,ADA,-0.0044
2025-07-12,ARB,-0.0027
2025-07-12,AVAX,-0.0035
2025-07-12,BCH,-0.0194
2025-07-12,BNB,-0.0401
2025-07-12,BTC,0.0063
2025-07-12,CRV,0.0336
2025-07-12,DOGE,0.0147
2025-07-12,ENA,0.0115
2025-07-12,ETH,-0.0034
2025-07-12,FARTCOIN,0.001
2025-07-12,GRASS,-0.0292
2025-07-12,HYPE,-0.0051
2025-07-12,INJ,-0.0156
2025-07-12,JUP,-0.0086
2025-07-12,LDO,-0.0033
2025-07-12,LINK,0.0016
2025-07-12,LTC,0.0084
2025-07-12,NEAR,0.0081
2025-07-12,ONDO,0.0092
2025-07-12,PENGU,0.0106
2025-07-12,SOL,0.0107
2025-07-12,SUI,-0.0134
2025-07-12,TAO,0.0214
2025-07-12,UNI,0.0066
2025-07-12,WLD,-0.009
2025-07-12,XRP,-0.0383
2025-07-12,ZRO,-0.0051
2025-07-12,kPEPE,0.0079
2025-07-13,AAVE,0.0052
2025-07-13,ADA,-0.0132
2025-07-13,ARB,0.0004
2025-07-13,AVAX,0.0125
2025-07-13,BCH,0.0146
2025-07-13,BNB,0.0319
2025-07-13,BTC,0.0036
2025-07-13,CRV,-0.0334
2025-07-13,DOGE,-0.012
2025-07-13,ENA,-0.0116
2025-07-13,ETH,0.0034
2025-07-13,FARTCOIN,-0.0012
2025-07-13,GRASS,0.0293
2025-07-13,HYPE,-0.0002
2025-07-13,INJ,0.0198
2025-07-13,JUP,-0.012
2025-07-13,LDO,0.0101
2025-07-13,LINK,-0.0014
2025-07-13,LTC,-0.0089
2025-07-13,NEAR,-0.0025
2025-07-13,ONDO,-0.0063
2025-07-13,PENGU,-0.0092
2025-07-13,SOL,-0.0171
2025-07-13,SUI,0.0177
2025-07-13,TAO,0.0024
2025-07-13,UNI,-0.0113
2025-07-13,WLD,0.0068
2025-07-13,XRP,0.0133
2025-07-13,ZRO,0.005
2025-07-13,kPEPE,-0.004
2025-07-14,AAVE,-0.0053
2025-07-14,ADA,0.0216
2025-07-14,AVAX,-0.0027
2025-07-14,BCH,-0.0028
2025-07-14,BNB,-0.0065
2025-07-14,CRV,0.0061
2025-07-14,DOGE,0.006
2025-07-14,ENA,0.0083
2025-07-14,ETH,-0.0032
2025-07-14,FARTCOIN,0.0013
2025-07-14,GRASS,-0.0065
2025-07-14,HYPE,-0.0102
2025-07-14,JUP,0.0166
2025-07-14,LDO,-0.0024
2025-07-14,LINK,-0.0005
2025-07-14,LTC,0.0052
2025-07-14,NEAR,-0.0052
2025-07-14,ONDO,-0.0029
2025-07-14,PENGU,-0.0021
2025-07-14,SOL,0.0137
2025-07-14,SUI,-0.0156
2025-07-14,TAO,-0.0234
2025-07-14,UNI,-0.0044
2025-07-14,WLD,0.0042
2025-07-14,XRP,0.0137
2025-07-14,ZRO,0.0093
2025-07-14,kPEPE,0.0043
2025-07-15,AAVE,0.0055
2025-07-15,ADA,0.0072
2025-07-15,ARB,0.0023
2025-07-15,AVAX,0.0008
2025-07-15,BCH,-0.0013
2025-07-15,BNB,0.0147
2025-07-15,BTC,-0.0532
2025-07-15,CRV,-0.0072
2025-07-15,DOGE,-0.0009
2025-07-15,ENA,-0.0039
2025-07-15,ETH,0.0063
2025-07-15,FARTCOIN,0.0015
2025-07-15,GRASS,-0.0001
2025-07-15,HYPE,0.0052
2025-07-15,INJ,-0.0148
2025-07-15,JUP,0.002
2025-07-15,LINK,0.0012
2025-07-15,LTC,0.0011
2025-07-15,NEAR,-0.005
2025-07-15,ONDO,-0.0082
2025-07-15,PENGU,-0.0002
2025-07-15,SOL,0.0032
2025-07-15,TAO,0.0026
2025-07-15,UNI,0.0066
2025-07-15,WLD,0.0062
2025-07-15,XRP,-0.0031
2025-07-15,ZRO,-0.0023
2025-07-15,kPEPE,0.0021
2025-07-16,AAVE,0.0057
2025-07-16,ADA,-0.0007
2025-07-16,ARB,-0.0005
2025-07-16,AVAX,0.0119
2025-07-16,BCH,0.0128
2025-07-16,BNB,-0.0094
2025-07-16,BTC,0.0376
2025-07-16,CRV,-0.0028
2025-07-16,DOGE,-0.0145
2025-07-16,ENA,0.0057
2025-07-16,ETH,-0.0525
2025-07-16,FARTCOIN,-0.0005
2025-07-16,GRASS,0.0111
2025-07-16,HYPE,0.0027
2025-07-16,INJ,0.004
2025-07-16,JUP,-0.0128
2025-07-16,LDO,0.0048
2025-07-16,LINK,0.0048
2025-07-16,LTC,-0.0005
2025-07-16,NEAR,0.0027
2025-07-16,ONDO,0.0115
2025-07-16,SOL,-0.0107
2025-07-16,SUI,0.0039
2025-07-16,TAO,0.0114
2025-07-16,UNI,-0.0023
2025-07-16,WLD,-0.0044
2025-07-16,XRP,0.0184
2025-07-16,ZRO,0.0097
2025-07-16,kPEPE,-0.0047
2025-07-17,AAVE,0.0029
2025-07-17,ADA,0.001
2025-07-17,ARB,0.0059
2025-07-17,AVAX,-0.0073
2025-07-17,BCH,0.0038
2025-07-17,BNB,-0.0024
2025-07-17,BTC,0.0063
2025-07-17,CRV,-0.0016
2025-07-17,DOGE,0.0122
2025-07-17,ENA,0.0061
2025-07-17,ETH,0.0373
2025-07-17,FARTCOIN,0.0046
2025-07-17,GRASS,-0.0247
2025-07-17,HYPE,-0.008
2025-07-17,INJ,-0.0001
2025-07-17,JUP,0.0084
2025-07-17,LDO,-0.025
2025-07-17,LINK,-0.0374
2025-07-17,LTC,-0.0024
2025-07-17,NEAR,0.0082
2025-07-17,ONDO,-0.0114
2025-07-17,PENGU,0.0009
2025-07-17,SOL,0.02
2025-07-17,SUI,-0.0004
2025-07-17,TAO,0.0094
2025-07-17,UNI,0.0047
2025-07-17,WLD,0.0129
2025-07-17,XRP,-0.0667
2025-07-17,ZRO,0.01
2025-07-17,kPEPE,0.0132
2025-07-18,AAVE,0.0129
2025-07-18,ADA,0.0069
2025-07-18,ARB,0.0058
2025-07-18,AVAX,0.0013
2025-07-18,BCH,-0.0489
2025-07-18,BNB,-0.0127
2025-07-18,BTC,-0.0059
2025-07-18,CRV,0.0072
2025-07-18,DOGE,-0.0309
2025-07-18,ENA,-0.0114
2025-07-18,ETH,-0.0023
2025-07-18,FARTCOIN,-0.0005
2025-07-18,GRASS,0.0061
2025-07-18,HYPE,0.0082
2025-07-18,INJ,0.0041
2025-07-18,JUP,0.0065
2025-07-18,LDO,-0.0035
2025-07-18,LINK,0.0098
2025-07-18,LTC,0.0173
2025-07-18,NEAR,0.0006
2025-07-18,ONDO,0.0032
2025-07-18,PENGU,-0.0017
2025-07-18,SOL,0.002
2025-07-18,SUI,0.006
2025-07-18,TAO,0.0099
2025-07-18,UNI,-0.0168
2025-07-18,WLD,-0.0157
2025-07-18,XRP,0.018
2025-07-18,ZRO,0.0036
2025-07-18,kPEPE,0.0067
2025-07-19,AAVE,-0.0094
2025-07-19,ADA,0.0036
2025-07-19,ARB,-0.002
2025-07-19,AVAX,-0.0224
2025-07-19,BCH,0.0607
2025-07-19,BNB,0.0151
2025-07-19,BTC,0.0054
2025-07-19,CRV,-0.0075
2025-07-19,DOGE,0.012
2025-07-19,ENA,-0.0003
2025-07-19,ETH,0.0075
2025-07-19,FARTCOIN,-0.0032
2025-07-19,GRASS,-0.0023
2025-07-19,HYPE,0.0086
2025-07-19,INJ,0.0002
2025-07-19,LDO,0.0078
2025-07-19,LINK,0.0201
2025-07-19,LTC,-0.1097
2025-07-19,NEAR,-0.0058
2025-07-19,ONDO,-0.006
2025-07-19,PENGU,0.0015
2025-07-19,SOL,-0.0035
2025-07-19,SUI,0.0045
2025-07-19,TAO,0.0023
2025-07-19,UNI,0.0069
2025-07-19,WLD,0.0136
2025-07-19,XRP,0.0011
2025-07-19,ZRO,-0.0052
2025-07-19,kPEPE,-0.0112
2025-07-20,AAVE,-0.0049
2025-07-20,ADA,0.0078
2025-07-20,ARB,0.0061
2025-07-20,AVAX,0.0045
2025-07-20,BCH,-0.0472
2025-07-20,BNB,0.0045
2025-07-20,BTC,-0.0175
2025-07-20,CRV,0.0009
2025-07-20,DOGE,-0.0232
2025-07-20,ETH,0.0136
2025-07-20,FARTCOIN,0.0056
2025-07-20,GRASS,-0.0006
2025-07-20,HYPE,0.0218
2025-07-20,INJ,-0.0048
2025-07-20,JUP,0.007
2025-07-20,LDO,-0.0036
2025-07-20,LINK,0.0015
2025-07-20,LTC,0.0259
2025-07-20,NEAR,0.0036
2025-07-20,ONDO,0.0187
2025-07-20,PENGU,-0.0017
2025-07-20,SOL,0.0083
2025-07-20,SUI,-0.0006
2025-07-20,TAO,-0.012
2025-07-20,UNI,-0.0015
2025-07-20,WLD,-0.0115
2025-07-20,XRP,0.0035
2025-07-20,ZRO,0.0011
2025-07-20,kPEPE,0.0019
2025-07-21,AAVE,-0.0001
2025-07-21,ADA,0.0065
2025-07-21,ARB,0.0023
2025-07-21,AVAX,0.0203
2025-07-21,BCH,0.0244
2025-07-21,BNB,0.0013
2025-07-21,BTC,0.0081
2025-07-21,CRV,0.003
2025-07-21,DOGE,0.0009
2025-07-21,ENA,-0.0016
2025-07-21,FARTCOIN,-0.0056
2025-07-21,GRASS,0.0144
2025-07-21,HYPE,-0.0237
2025-07-21,INJ,0.0022
2025-07-21,JUP,-0.0248
2025-07-21,LDO,0.0046
2025-07-21,LINK,-0.0014
2025-07-21,LTC,0.0099
2025-07-21,NEAR,0.0055
2025-07-21,ONDO,0.0064
2025-07-21,PENGU,0.001
2025-07-21,SOL,-0.0411
2025-07-21,SUI,0.0002
2025-07-21,TAO,-0.0147
2025-07-21,UNI,0.0042
2025-07-21,WLD,0.0093
2025-07-21,XRP,0.0038
2025-07-21,ZRO,-0.0056
2025-07-22,AAVE,0.0023
2025-07-22,ADA,-0.0082
2025-07-22,ARB,0.0085
2025-07-22,AVAX,-0.0087
2025-07-22,BCH,0.0167
2025-07-22,BNB,-0.007
2025-07-22,BTC,0.0206
2025-07-22,CRV,0.0004
2025-07-22,DOGE,0.0074
2025-07-22,ENA,0.0002
2025-07-22,ETH,-0.0014
2025-07-22,FARTCOIN,0.0005
2025-07-22,GRASS,-0.0161
2025-07-22,HYPE,-0.0211
2025-07-22,INJ,0.0137
2025-07-22,JUP,0.0001
2025-07-22,LDO,0.0122
2025-07-22,LINK,0.0055
2025-07-22,LTC,0.0109
2025-07-22,NEAR,0.0029
2025-07-22,ONDO,-0.0128
2025-07-22,PENGU,0.0004
2025-07-22,SOL,-0.0249
2025-07-22,SUI,0.0148
2025-07-22,TAO,0.0122
2025-07-22,UNI,0.0002
2025-07-22,WLD,-0.0206
2025-07-22,XRP,0.0076
2025-07-22,ZRO,-0.0187
2025-07-22,kPEPE,0.0046
2025-07-23,AAVE,-0.0514
2025-07-23,ADA,-0.0095
2025-07-23,ARB,0.0183
2025-07-23,AVAX,-0.0149
2025-07-23,BCH,-0.0795
2025-07-23,BNB,-0.1195
2025-07-23,BTC,-0.0048
2025-07-23,CRV,0.021
2025-07-23,DOGE,0.0378
2025-07-23,ENA,0.0533
2025-07-23,ETH,0.0143
2025-07-23,FARTCOIN,0.0118
2025-07-23,GRASS,-0.0088
2025-07-23,HYPE,-0.0224
2025-07-23,INJ,-0.0152
2025-07-23,JUP,-0.0023
2025-07-23,LDO,0.0494
2025-07-23,LINK,-0.0272
2025-07-23,LTC,-0.015
2025-07-23,NEAR,-0.0025
2025-07-23,ONDO,0.0063
2025-07-23,PENGU,-0.0028
2025-07-23,SOL,-0.008
2025-07-23,SUI,0.0006
2025-07-23,TAO,-0.0321
2025-07-23,UNI,0.0107
2025-07-23,WLD,0.0296
2025-07-23,XRP,0.0225
2025-07-23,ZRO,-0.0268
2025-07-23,kPEPE,0.0102
2025-07-24,AAVE,0.0538
2025-07-24,ADA,-0.004
2025-07-24,ARB,-0.0442
2025-07-24,AVAX,0.0277
2025-07-24,BCH,0.0776
2025-07-24,BNB,0.0776
2025-07-24,BTC,-0.1095
2025-07-24,CRV,-0.0289
2025-07-24,DOGE,0.0043
2025-07-24,ENA,-0.0569
2025-07-24,ETH,-0.0011
2025-07-24,FARTCOIN,0.0226
2025-07-24,GRASS,0.013
2025-07-24,HYPE,0.038
2025-07-24,INJ,0.0027
2025-07-24,JUP,0.0173
2025-07-24,LDO,-0.0525
2025-07-24,LINK,0.0459
2025-07-24,LTC,-0.0109
2025-07-24,NEAR,0.0195
2025-07-24,ONDO,-0.0072
2025-07-24,PENGU,0.0527
2025-07-24,SOL,0.0504
2025-07-24,SUI,-0.0292
2025-07-24,TAO,0.0447
2025-07-24,UNI,-0.0238
2025-07-24,WLD,0.0092
2025-07-24,XRP,-0.0326
2025-07-24,ZRO,0.015
2025-07-24,kPEPE,-0.0183
2025-07-25,AAVE,0.0268
2025-07-25,ADA,-0.004
2025-07-25,ARB,0.0195
2025-07-25,AVAX,-0.0019
2025-07-25,BCH,-0.0861
2025-07-25,BNB,0.0193
2025-07-25,BTC,0.0606
2025-07-25,CRV,0.0078
2025-07-25,DOGE,-0.0422
2025-07-25,ENA,0.0065
2025-07-25,ETH,-0.0094
2025-07-25,FARTCOIN,0.0046
2025-07-25,GRASS,-0.0092
2025-07-25,HYPE,-0.0098
2025-07-25,INJ,0.0156
2025-07-25,JUP,0.0052
2025-07-25,LDO,-0.0041
2025-07-25,LINK,-0.0036
2025-07-25,LTC,0.0268
2025-07-25,NEAR,-0.0519
2025-07-25,ONDO,-0.001
2025-07-25,PENGU,-0.012
2025-07-25,SOL,-0.0046
2025-07-25,SUI,0.0119
2025-07-25,TAO,0.0181
2025-07-25,UNI,0.0218
2025-07-25,WLD,0.0032
2025-07-25,XRP,-0.0056
2025-07-25,ZRO,0.0117
2025-07-25,kPEPE,0.0202
2025-07-26,AAVE,-0.0164
2025-07-26,ADA,0.0102
2025-07-26,ARB,-0.0169
2025-07-26,AVAX,-0.0171
2025-07-26,BCH,0.0143
2025-07-26,BNB,0.0263
2025-07-26,BTC,0.0424
2025-07-26,CRV,-0.0026
2025-07-26,DOGE,0.0143
2025-07-26,ENA,0.0014
2025-07-26,ETH,0.0115
2025-07-26,FARTCOIN,0.0084
2025-07-26,GRASS,0.0079
2025-07-26,HYPE,-0.0055
2025-07-26,INJ,-0.0353
2025-07-26,JUP,0.0022
2025-07-26,LDO,0.0125
2025-07-26,LINK,-0.0109
2025-07-26,LTC,0.015
2025-07-26,NEAR,0.015
2025-07-26,ONDO,-0.0008
2025-07-26,PENGU,0.0029
2025-07-26,SOL,-0.0022
2025-07-26,SUI,-0.0084
2025-07-26,TAO,-0.0135
2025-07-26,UNI,-0.0019
2025-07-26,WLD,-0.0346
2025-07-26,XRP,0.0077
2025-07-26,ZRO,0.0027
2025-07-26,kPEPE,-0.0029
2025-07-27,AAVE,0.0092
2025-07-27,ADA,-0.0005
2025-07-27,ARB,0.0124
2025-07-27,AVAX,-0.0013
2025-07-27,BCH,-0.0006
2025-07-27,BNB,-0.0527
2025-07-27,BTC,0.0199
2025-07-27,CRV,-0.0024
2025-07-27,DOGE,0.0033
2025-07-27,ENA,0.0004
2025-07-27,ETH,0.0033
2025-07-27,FARTCOIN,-0.0428
2025-07-27,GRASS,-0.0073
2025-07-27,HYPE,0.0117
2025-07-27,INJ,0.0179
2025-07-27,JUP,-0.0221
2025-07-27,LDO,-0.0073
2025-07-27,LINK,0.0029
2025-07-27,LTC,0.0126
2025-07-27,NEAR,0.0156
2025-07-27,ONDO,0.0075
2025-07-27,PENGU,-0.0385
2025-07-27,SOL,0.0017
2025-07-27,SUI,0.001
2025-07-27,TAO,-0.005
2025-07-27,UNI,0.0019
2025-07-27,WLD,-0.0067
2025-07-27,XRP,-0.0023
2025-07-27,ZRO,-0.0002
2025-07-27,kPEPE,-0.0069
2025-07-28,AAVE,-0.0352
2025-07-28,ADA,-0.0046
2025-07-28,ARB,0.0069
2025-07-28,AVAX,-0.017
2025-07-28,BCH,-0.0197
2025-07-28,BNB,-0.0905
2025-07-28,BTC,-0.0037
2025-07-28,CRV,-0.0003
2025-07-28,DOGE,0.0112
2025-07-28,ENA,-0.0032
2025-07-28,ETH,0.0007
2025-07-28,FARTCOIN,0.0319
2025-07-28,GRASS,0.0187
2025-07-28,HYPE,-0.0267
2025-07-28,INJ,-0.0059
2025-07-28,JUP,0.0063
2025-07-28,LDO,0.0093
2025-07-28,LINK,-0.008
2025-07-28,LTC,-0.0086
2025-07-28,NEAR,0.0098
2025-07-28,ONDO,0.01
2025-07-28,PENGU,0.0299
2025-07-28,SOL,-0.0184
2025-07-28,SUI,-0.0076
2025-07-28,TAO,0.0005
2025-07-28,UNI,-0.0161
2025-07-28,WLD,0.0093
2025-07-28,XRP,0.0116
2025-07-28,ZRO,-0.0202
2025-07-28,kPEPE,0.0129
2025-07-29,AAVE,0.0202
2025-07-29,ADA,0.0109
2025-07-29,ARB,0.0005
2025-07-29,AVAX,0.0382
2025-07-29,BCH,0.0174
2025-07-29,BNB,-0.0247
2025-07-29,BTC,-0.0367
2025-07-29,CRV,0.0112
2025-07-29,DOGE,-0.0437
2025-07-29,ENA,0.0027
2025-07-29,ETH,-0.0046
2025-07-29,FARTCOIN,0.0282
2025-07-29,GRASS,0.0021
2025-07-29,HYPE,-0.018
2025-07-29,INJ,-0.0026
2025-07-29,JUP,-0.0195
2025-07-29,LINK,0.0121
2025-07-29,LTC,-0.0376
2025-07-29,NEAR,-0.0284
2025-07-29,ONDO,-0.0067
2025-07-29,PENGU,-0.0029
2025-07-29,SOL,-0.004
2025-07-29,SUI,0.005
2025-07-29,TAO,0.0031
2025-07-29,UNI,0.0104
2025-07-29,WLD,0.0188
2025-07-29,XRP,-0.0324
2025-07-29,ZRO,-0.0205
2025-07-29,kPEPE,0.0112
2025-07-30,AAVE,-0.0162
2025-07-30,ADA,-0.0068
2025-07-30,ARB,0.0176
2025-07-30,AVAX,-0.0717
2025-07-30,BCH,-0.0191
2025-07-30,BNB,0.0993
2025-07-30,BTC,-0.0248
2025-07-30,CRV,-0.0103
2025-07-30,DOGE,0.0349
2025-07-30,ENA,-0.0013
2025-07-30,ETH,-0.0024
2025-07-30,FARTCOIN,-0.0164
2025-07-30,GRASS,-0.007
2025-07-30,HYPE,0.015
2025-07-30,INJ,0.0131
2025-07-30,JUP,0.0039
2025-07-30,LDO,0.005
2025-07-30,LINK,-0.0189
2025-07-30,LTC,0.0064
2025-07-30,NEAR,0.0063
2025-07-30,ONDO,0.0027
2025-07-30,PENGU,0.0031
2025-07-30,SOL,0.0362
2025-07-30,SUI,-0.0045
2025-07-30,TAO,-0.0157
2025-07-30,UNI,-0.0048
2025-07-30,WLD,-0.0145
2025-07-30,XRP,0.0258
2025-07-30,ZRO,0.0158
2025-07-30,kPEPE,-0.0268
2025-07-31,AAVE,0.0387
2025-07-31,ADA,-0.0239
2025-07-31,ARB,0.0085
2025-07-31,AVAX,0.0203
2025-07-31,BCH,0.0022
2025-07-31,BNB,-0.0215
2025-07-31,BTC,-0.1038
2025-07-31,CRV,-0.0036
2025-07-31,DOGE,0.004
2025-07-31,ENA,-0.0002
2025-07-31,ETH,0.0018
2025-07-31,FARTCOIN,-0.0471
2025-07-31,GRASS,0.0281
2025-07-31,HYPE,0.0305
2025-07-31,INJ,-0.0266
2025-07-31,JUP,0.009
2025-07-31,LDO,-0.0158
2025-07-31,LINK,0.0005
2025-07-31,LTC,0.0336
2025-07-31,NEAR,0.011
2025-07-31,ONDO,-0.0537
2025-07-31,PENGU,0.0028
2025-07-31,SOL,-0.0402
2025-07-31,SUI,-0.0027
2025-07-31,TAO,0.0365
2025-07-31,UNI,0.0066
2025-07-31,WLD,0.0017
2025-07-31,XRP,-0.0216
2025-07-31,ZRO,0.0012
2025-07-31,kPEPE,0.0144
2025-08-01,AAVE,-0.0841
2025-08-01,ADA,0.0356
2025-08-01,ARB,-0.0321
2025-08-01,AVAX,0.0079
2025-08-01,BCH,0.0351
2025-08-01,BNB,0.0047
2025-08-01,BTC,-0.0143
2025-08-01,CRV,0.0167
2025-08-01,DOGE,0.0006
2025-08-01,ENA,-0.0011
2025-08-01,ETH,-0.0111
2025-08-01,FARTCOIN,0.0249
2025-08-01,GRASS,0.0208
2025-08-01,HYPE,-0.0439
2025-08-01,INJ,0.0229
2025-08-01,JUP,0.0036
2025-08-01,LDO,0.0344
2025-08-01,LINK,-0.0062
2025-08-01,LTC,-0.0372
2025-08-01,NEAR,0.0036
2025-08-01,ONDO,0.0282
2025-08-01,PENGU,-0.0377
2025-08-01,SOL,0.0303
2025-08-01,SUI,0.0162
2025-08-01,TAO,-0.0268
2025-08-01,UNI,-0.0177
2025-08-01,WLD,0.0045
2025-08-01,XRP,-0.0255
2025-08-01,ZRO,-0.0126
2025-08-01,kPEPE,0.0236
2025-08-02,AAVE,0.0125
2025-08-02,ADA,-0.053
2025-08-02,ARB,0.0062
2025-08-02,AVAX,-0.0002
2025-08-02,BCH,0.0486
2025-08-02,BNB,-0.081
2025-08-02,BTC,-0.0789
2025-08-02,CRV,-0.0065
2025-08-02,DOGE,0.0025
2025-08-02,ENA,0.0023
2025-08-02,ETH,-0.0456
2025-08-02,FARTCOIN,-0.029
2025-08-02,GRASS,0.0007
2025-08-02,HYPE,0.0143
2025-08-02,INJ,0.0359
2025-08-02,JUP,0.0226
2025-08-02,LDO,0.0133
2025-08-02,LINK,-0.0076
2025-08-02,LTC,-0.0473
2025-08-02,NEAR,0.0213
2025-08-02,ONDO,-0.0348
2025-08-02,PENGU,0.0358
2025-08-02,SOL,0.0015
2025-08-02,SUI,0.0312
2025-08-02,TAO,0.0066
2025-08-02,UNI,0.029
2025-08-02,WLD,-0.0068
2025-08-02,XRP,0.0159
2025-08-02,ZRO,-0.0071
2025-08-02,kPEPE,-0.0532
2025-08-03,AAVE,0.0372
2025-08-03,ADA,0.0292
2025-08-03,ARB,0.0115
2025-08-03,AVAX,0.0437
2025-08-03,BCH,-0.0115
2025-08-03,BNB,0.082
2025-08-03,BTC,0.2404
2025-08-03,CRV,-0.0023
2025-08-03,DOGE,-0.0123
2025-08-03,ENA,0.002
2025-08-03,ETH,0.0477
2025-08-03,FARTCOIN,0.0019
2025-08-03,GRASS,-0.0406
2025-08-03,HYPE,0.0325
2025-08-03,INJ,-0.0462
2025-08-03,JUP,-0.0341
2025-08-03,LDO,-0.0563
2025-08-03,LINK,0.007
2025-08-03,LTC,0.075
2025-08-03,NEAR,-0.019
2025-08-03,ONDO,0.0251
2025-08-03,PENGU,-0.0358
2025-08-03,SOL,-0.0046
2025-08-03,SUI,-0.023
2025-08-03,TAO,-0.0163
2025-08-03,UNI,-0.011
2025-08-03,WLD,-0.0037
2025-08-03,XRP,-0.008
2025-08-03,ZRO,0.0274
2025-08-03,kPEPE,0.0206
2025-08-04,AAVE,0.0237
2025-08-04,ADA,0.0161
2025-08-04,ARB,-0.0289
2025-08-04,AVAX,-0.0549
2025-08-04,BCH,-0.022
2025-08-04,BNB,0.0168
2025-08-04,BTC,0.0031
2025-08-04,CRV,0.0037
2025-08-04,DOGE,-0.0281
2025-08-04,ENA,-0.0016
2025-08-04,ETH,-0.0103
2025-08-04,FARTCOIN,-0.0026
2025-08-04,HYPE,0.0034
2025-08-04,INJ,-0.0026
2025-08-04,JUP,0.0078
2025-08-04,LDO,0.0122
2025-08-04,LINK,-0.0065
2025-08-04,LTC,-0.0356
2025-08-04,NEAR,0.0062
2025-08-04,ONDO,0.0281
2025-08-04,PENGU,0.0023
2025-08-04,SOL,0.0118
2025-08-04,SUI,0.0073
2025-08-04,TAO,0.0118
2025-08-04,UNI,-0.0184
2025-08-04,WLD,0.0063
2025-08-04,XRP,0.0054
2025-08-04,ZRO,0.0433
2025-08-04,kPEPE,0.011
2025-08-05,AAVE,-0.0142
2025-08-05,ADA,0.014
2025-08-05,ARB,0.023
2025-08-05,AVAX,0.0103
2025-08-05,BCH,0.0218
2025-08-05,BNB,-0.034
2025-08-05,BTC,0.0059
2025-08-05,CRV,-0.0049
2025-08-05,DOGE,0.0163
2025-08-05,ENA,-0.0008
2025-08-05,ETH,-0.0483
2025-08-05,FARTCOIN,0.0024
2025-08-05,GRASS,-0.0197
2025-08-05,HYPE,-0.0206
2025-08-05,INJ,0.0051
2025-08-05,JUP,0.0046
2025-08-05,LDO,0.0148
2025-08-05,LINK,-0.001
2025-08-05,LTC,-0.0297
2025-08-05,NEAR,0.0044
2025-08-05,ONDO,0.017
2025-08-05,PENGU,-0.0018
2025-08-05,SOL,-0.0006
2025-08-05,SUI,-0.005
2025-08-05,TAO,0.0217
2025-08-05,UNI,0.0018
2025-08-05,WLD,-0.0045
2025-08-05,XRP,-0.0054
2025-08-05,ZRO,-0.0117
2025-08-05,kPEPE,0.0005
2025-08-06,AAVE,0.0225
2025-08-06,ADA,-0.0082
2025-08-06,ARB,-0.0003
2025-08-06,AVAX,0.0011
2025-08-06,BCH,-0.0392
2025-08-06,BNB,0.0402
2025-08-06,BTC,0.0021
2025-08-06,CRV,0.0009
2025-08-06,DOGE,-0.0172
2025-08-06,ENA,0.0022
2025-08-06,ETH,0.0238
2025-08-06,FARTCOIN,0.0039
2025-08-06,GRASS,0.0221
2025-08-06,HYPE,0.0278
2025-08-06,INJ,0.014
2025-08-06,JUP,-0.0021
2025-08-06,LDO,-0.0294
2025-08-06,LINK,0.0057
2025-08-06,LTC,0.0022
2025-08-06,NEAR,0.0021
2025-08-06,ONDO,-0.0076
2025-08-06,PENGU,-0.001
2025-08-06,SOL,-0.023
2025-08-06,SUI,-0.0046
2025-08-06,TAO,-0.0099
2025-08-06,UNI,-0.0017
2025-08-06,WLD,0.0045
2025-08-06,XRP,0.0226
2025-08-06,ZRO,-0.0005
2025-08-06,kPEPE,-0.0277
2025-08-07,AAVE,-0.0515
2025-08-07,ADA,-0.0023
2025-08-07,ARB,0.0001
2025-08-07,AVAX,0.0183
2025-08-07,BCH,0.0175
2025-08-07,BNB,0.0026
2025-08-07,BTC,0.0027
2025-08-07,CRV,0.0093
2025-08-07,DOGE,0.0043
2025-08-07,ENA,-0.0025
2025-08-07,ETH,0.0336
2025-08-07,FARTCOIN,-0.0067
2025-08-07,GRASS,-0.0267
2025-08-07,HYPE,0.003
2025-08-07,INJ,-0.0135
2025-08-07,JUP,0.0074
2025-08-07,LDO,0.0007
2025-08-07,LINK,-0.027
2025-08-07,LTC,0.0599
2025-08-07,NEAR,-0.006
2025-08-07,ONDO,-0.0156
2025-08-07,PENGU,0.0018
2025-08-07,SOL,0.0211
2025-08-07,SUI,-0.0001
2025-08-07,TAO,-0.0206
2025-08-07,UNI,0.0157
2025-08-07,WLD,-0.0001
2025-08-07,XRP,-0.0224
2025-08-07,ZRO,0.0134
2025-08-07,kPEPE,0.0247
2025-08-08,AAVE,0.0114
2025-08-08,ADA,-0.0057
2025-08-08,ARB,-0.0086
2025-08-08,AVAX,-0.0024
2025-08-08,BCH,0.0391
2025-08-08,BNB,-0.0009
2025-08-08,BTC,-0.0161
2025-08-08,DOGE,0.0033
2025-08-08,ENA,0.0033
2025-08-08,ETH,0.0044
2025-08-08,FARTCOIN,0.0001
2025-08-08,GRASS,0.0219
2025-08-08,HYPE,0.0139
2025-08-08,INJ,0.0189
2025-08-08,JUP,-0.0026
2025-08-08,LDO,-0.0004
2025-08-08,LINK,-0.0313
2025-08-08,LTC,-0.0157
2025-08-08,NEAR,-0.0067
2025-08-08,ONDO,-0.0032
2025-08-08,PENGU,-0.0024
2025-08-08,SOL,0.0048
2025-08-08,SUI,0.0073
2025-08-08,TAO,0.0063
2025-08-08,UNI,-0.0031
2025-08-08,WLD,-0.0065
2025-08-08,XRP,0.016
2025-08-08,ZRO,0.0002
2025-08-08,kPEPE,-0.0366
2025-08-09,AAVE,0.0195
2025-08-09,ADA,0.0083
2025-08-09,ARB,-0.0028
2025-08-09,AVAX,-0.0013
2025-08-09,BCH,-0.0267
2025-08-09,BNB,-0.0006
2025-08-09,BTC,0.0487
2025-08-09,CRV,-0.0012
2025-08-09,DOGE,0.0242
2025-08-09,ENA,0.006
2025-08-09,ETH,-0.0046
2025-08-09,FARTCOIN,0.0009
2025-08-09,GRASS,-0.0174
2025-08-09,HYPE,-0.0114
2025-08-09,INJ,-0.0081
2025-08-09,JUP,-0.0044
2025-08-09,LDO,-0.0013
2025-08-09,LINK,0.0089
2025-08-09,LTC,-0.0124
2025-08-09,NEAR,0.009
2025-08-09,ONDO,-0.0003
2025-08-09,PENGU,-0.0003
2025-08-09,SOL,-0.0016
2025-08-09,SUI,-0.0103
2025-08-09,TAO,-0.0032
2025-08-09,UNI,0.0166
2025-08-09,WLD,-0.0055
2025-08-09,XRP,-0.0035
2025-08-09,ZRO,0.0028
2025-08-09,kPEPE,0.0166
2025-08-10,AAVE,0.004
2025-08-10,ADA,0.0037
2025-08-10,ARB,0.0055
2025-08-10,AVAX,0.0019
2025-08-10,BCH,0.0133
2025-08-10,BNB,-0.0037
2025-08-10,BTC,-0.0011
2025-08-10,CRV,0.0138
2025-08-10,DOGE,-0.0207
2025-08-10,ENA,-0.0044
2025-08-10,ETH,-0.0064
2025-08-10,FARTCOIN,0.0016
2025-08-10,GRASS,0.0019
2025-08-10,HYPE,-0.0027
2025-08-10,INJ,0.0135
2025-08-10,JUP,0.0049
2025-08-10,LDO,-0.0016
2025-08-10,LINK,0.0034
2025-08-10,LTC,0.0066
2025-08-10,NEAR,-0.0258
2025-08-10,ONDO,0.0123
2025-08-10,PENGU,-0.0005
2025-08-10,SOL,-0.0034
2025-08-10,SUI,0.0076
2025-08-10,TAO,0.0064
2025-08-10,WLD,0.0046
2025-08-10,XRP,0.0009
2025-08-10,ZRO,-0.0527
2025-08-10,kPEPE,-0.0087
2025-08-11,AAVE,-0.0109
2025-08-11,ADA,-0.0171
2025-08-11,ARB,0.0078
2025-08-11,BCH,0.0045
2025-08-11,BNB,-0.0132
2025-08-11,BTC,0.0076
2025-08-11,CRV,-0.0077
2025-08-11,DOGE,0.0172
2025-08-11,ENA,-0.0017
2025-08-11,ETH,-0.0001
2025-08-11,FARTCOIN,0.0516
2025-08-11,GRASS,0.0004
2025-08-11,HYPE,-0.0396
2025-08-11,INJ,-0.0002
2025-08-11,JUP,0.0003
2025-08-11,LDO,-0.0003
2025-08-11,LINK,-0.0017
2025-08-11,LTC,0.0257
2025-08-11,NEAR,0.009
2025-08-11,ONDO,-0.0035
2025-08-11,PENGU,0.002
2025-08-11,SOL,-0.0073
2025-08-11,SUI,0.0026
2025-08-11,TAO,-0.0183
2025-08-11,WLD,-0.0084
2025-08-11,XRP,-0.0119
2025-08-11,ZRO,-0.0053
2025-08-11,kPEPE,0.0231
2025-08-12,AAVE,-0.0107
2025-08-12,ADA,0.0179
2025-08-12,ARB,-0.0288
2025-08-12,AVAX,0.001
2025-08-12,BCH,-0.0137
2025-08-12,BNB,0.0216
2025-08-12,BTC,-0.0018
2025-08-12,CRV,-0.0025
2025-08-12,DOGE,-0.0089
2025-08-12,ENA,0.0005
2025-08-12,ETH,-0.0014
2025-08-12,FARTCOIN,-0.0157
2025-08-12,GRASS,0.0033
2025-08-12,HYPE,0.0538
2025-08-12,INJ,-0.0026
2025-08-12,JUP,-0.0028
2025-08-12,LDO,0.0006
2025-08-12,LINK,-0.0025
2025-08-12,LTC,-0.0215
2025-08-12,NEAR,0.0123
2025-08-12,ONDO,-0.0029
2025-08-12,PENGU,-0.0032
2025-08-12,SOL,0.0018
2025-08-12,SUI,0.0025
2025-08-12,TAO,-0.0027
2025-08-12,UNI,0.0027
2025-08-12,WLD,0.011
2025-08-12,XRP,0.0284
2025-08-12,ZRO,0.004
2025-08-12,kPEPE,-0.0083
2025-08-13,AAVE,0.0132
2025-08-13,ADA,-0.0438
2025-08-13,ARB,-0.006
2025-08-13,AVAX,0.0169
2025-08-13,BCH,0.0077
2025-08-13,BNB,0.0024
2025-08-13,BTC,-0.0049
2025-08-13,CRV,-0.0089
2025-08-13,DOGE,0.002
2025-08-13,ENA,-0.0004
2025-08-13,ETH,0.0046
2025-08-13,FARTCOIN,0.0011
2025-08-13,GRASS,0.0038
2025-08-13,HYPE,-0.0072
2025-08-13,INJ,-0.0233
2025-08-13,JUP,0.0125
2025-08-13,LDO,-0.0026
2025-08-13,LINK,0.0044
2025-08-13,LTC,0.0202
2025-08-13,NEAR,-0.0156
2025-08-13,ONDO,0.013
2025-08-13,PENGU,0.0032
2025-08-13,SOL,-0.0102
2025-08-13,SUI,0.0144
2025-08-13,TAO,0.0176
2025-08-13,UNI,-0.0056
2025-08-13,WLD,-0.0024
2025-08-13,XRP,-0.006
2025-08-13,ZRO,0.0138
2025-08-13,kPEPE,0.0084
2025-08-14,AAVE,-0.0295
2025-08-14,ADA,-0.0262
2025-08-14,ARB,-0.0037
2025-08-14,AVAX,-0.0155
2025-08-14,BCH,0.002
2025-08-14,BNB,-0.0038
2025-08-14,BTC,-0.0324
2025-08-14,CRV,0.0349
2025-08-14,DOGE,-0.0078
2025-08-14,ENA,0.0442
2025-08-14,ETH,-0.0034
2025-08-14,FARTCOIN,-0.0025
2025-08-14,GRASS,-0.0006
2025-08-14,HYPE,-0.0449
2025-08-14,INJ,0.0348
2025-08-14,JUP,-0.0239
2025-08-14,LDO,0.0312
2025-08-14,LINK,0.0072
2025-08-14,LTC,-0.0104
2025-08-14,NEAR,0.0034
2025-08-14,ONDO,0.0041
2025-08-14,PENGU,0.0407
2025-08-14,SOL,-0.0118
2025-08-14,SUI,-0.0082
2025-08-14,TAO,-0.0123
2025-08-14,UNI,0.0142
2025-08-14,WLD,-0.0192
2025-08-14,XRP,0.0139
2025-08-14,ZRO,-0.0112
2025-08-14,kPEPE,-0.0057
2025-08-15,AAVE,0.0204
2025-08-15,ADA,0.0152
2025-08-15,ARB,0.0074
2025-08-15,AVAX,-0.0013
2025-08-15,BCH,0.015
2025-08-15,BNB,-0.0034
2025-08-15,BTC,-0.0384
2025-08-15,CRV,0.0156
2025-08-15,DOGE,-0.0079
2025-08-15,ENA,-0.0487
2025-08-15,ETH,0.0111
2025-08-15,FARTCOIN,0.0053
2025-08-15,GRASS,-0.0151
2025-08-15,HYPE,-0.0101
2025-08-15,INJ,-0.0278
2025-08-15,JUP,0.0293
2025-08-15,LDO,-0.0283
2025-08-15,LINK,0.0026
2025-08-15,LTC,0.0026
2025-08-15,NEAR,-0.0186
2025-08-15,ONDO,0.0002
2025-08-15,PENGU,0.0018
2025-08-15,SOL,0.0227
2025-08-15,SUI,0.022
2025-08-15,TAO,0.0066
2025-08-15,UNI,0.0031
2025-08-15,WLD,0.0308
2025-08-15,XRP,-0.0026
2025-08-15,ZRO,-0.0086
2025-08-15,kPEPE,0.009
2025-08-16,AAVE,0.0056
2025-08-16,ADA,0.0264
2025-08-16,ARB,-0.0074
2025-08-16,AVAX,-0.0387
2025-08-16,BCH,-0.0134
2025-08-16,BNB,-0.0146
2025-08-16,BTC,0.0505
2025-08-16,CRV,0.0027
2025-08-16,DOGE,0.0295
2025-08-16,ENA,0.0093
2025-08-16,ETH,-0.0055
2025-08-16,FARTCOIN,0.001
2025-08-16,GRASS,0.0326
2025-08-16,HYPE,0.0049
2025-08-16,INJ,0.0084
2025-08-16,JUP,-0.0156
2025-08-16,LDO,0.0003
2025-08-16,LINK,-0.0227
2025-08-16,LTC,-0.0112
2025-08-16,NEAR,0.0179
2025-08-16,ONDO,-0.0002
2025-08-16,PENGU,-0.0142
2025-08-16,SOL,-0.0107
2025-08-16,SUI,-0.0075
2025-08-16,TAO,-0.0002
2025-08-16,UNI,-0.0144
2025-08-16,WLD,-0.0134
2025-08-16,XRP,0.0288
2025-08-16,ZRO,0.0232
2025-08-16,kPEPE,-0.0314
2025-08-17,AAVE,-0.0191
2025-08-17,ADA,-0.0003
2025-08-17,ARB,0.0025
2025-08-17,AVAX,0.0005
2025-08-17,BCH,0.0114
2025-08-17,BNB,0.0201
2025-08-17,BTC,-0.0151
2025-08-17,CRV,-0.0537
2025-08-17,DOGE,-0.014
2025-08-17,ENA,-0.0033
2025-08-17,ETH,-0.003
2025-08-17,FARTCOIN,-0.0424
2025-08-17,GRASS,-0.0148
2025-08-17,HYPE,0.0568
2025-08-17,INJ,-0.0156
2025-08-17,JUP,0.0154
2025-08-17,LDO,0.0042
2025-08-17,LINK,-0.0021
2025-08-17,LTC,-0.0041
2025-08-17,NEAR,-0.0178
2025-08-17,ONDO,-0.0058
2025-08-17,PENGU,-0.0286
2025-08-17,SOL,0.0024
2025-08-17,SUI,-0.0022
2025-08-17,TAO,0.0096
2025-08-17,UNI,0.0157
2025-08-17,WLD,0.0043
2025-08-17,XRP,-0.0027
2025-08-17,ZRO,0.0026
2025-08-17,kPEPE,0.0253
2025-08-18,AAVE,0.0127
2025-08-18,ADA,0.0142
2025-08-18,ARB,0.0043
2025-08-18,AVAX,-0.0071
2025-08-18,BCH,-0.0143
2025-08-18,BNB,-0.0162
2025-08-18,BTC,-0.0044
2025-08-18,CRV,-0.0136
2025-08-18,DOGE,-0.0037
2025-08-18,ENA,0.037
2025-08-18,FARTCOIN,0.0014
2025-08-18,GRASS,-0.0084
2025-08-18,HYPE,-0.0174
2025-08-18,INJ,-0.0095
2025-08-18,JUP,-0.0182
2025-08-18,LDO,0.0152
2025-08-18,LINK,-0.0002
2025-08-18,LTC,-0.0141
2025-08-18,NEAR,0.009
2025-08-18,ONDO,0.003
2025-08-18,PENGU,0.0057
2025-08-18,SOL,0.0051
2025-08-18,SUI,-0.0002
2025-08-18,TAO,-0.0158
2025-08-18,UNI,0.0059
2025-08-18,WLD,-0.0091
2025-08-18,XRP,-0.0385
2025-08-18,ZRO,0.0054
2025-08-18,kPEPE,-0.0144
2025-08-19,AAVE,-0.0093
2025-08-19,ADA,-0.0433
2025-08-19,ARB,-0.0053
2025-08-19,AVAX,0.0397
2025-08-19,BCH,-0.032
2025-08-19,BNB,0.0038
2025-08-19,BTC,-0.2165
2025-08-19,CRV,0.0154
2025-08-19,DOGE,0.0166
2025-08-19,ENA,0.0069
2025-08-19,ETH,-0.0086
2025-08-19,FARTCOIN,0.0107
2025-08-19,GRASS,-0.0133
2025-08-19,HYPE,0.0251
2025-08-19,INJ,0.0198
2025-08-19,JUP,-0.0146
2025-08-19,LDO,-0.0192
2025-08-19,LINK,-0.0017
2025-08-19,LTC,-0.0148
2025-08-19,NEAR,-0.0249
2025-08-19,ONDO,0.0047
2025-08-19,PENGU,0.0075
2025-08-19,SOL,-0.0246
2025-08-19,SUI,-0.0119
2025-08-19,TAO,-0.0233
2025-08-19,UNI,-0.0118
2025-08-19,WLD,0.0329
2025-08-19,XRP,0.0315
2025-08-19,ZRO,0.0253
2025-08-19,kPEPE,0.0364
2025-08-20,AAVE,-0.0131
2025-08-20,ADA,0.0374
2025-08-20,ARB,-0.0021
2025-08-20,AVAX,-0.0064
2025-08-20,BCH,0.0574
2025-08-20,BNB,0.0127
2025-08-20,BTC,0.1365
2025-08-20,CRV,0.0002
2025-08-20,DOGE,-0.0138
2025-08-20,ENA,-0.0409
2025-08-20,ETH,0.0004
2025-08-20,FARTCOIN,-0.0129
2025-08-20,GRASS,0.0076
2025-08-20,HYPE,-0.0133
2025-08-20,INJ,-0.0054
2025-08-20,JUP,0.0276
2025-08-20,LDO,0.0042
2025-08-20,LINK,0.0088
2025-08-20,LTC,0.0445
2025-08-20,NEAR,0.0251
2025-08-20,ONDO,-0.0063
2025-08-20,PENGU,-0.0289
2025-08-20,SOL,-0.0024
2025-08-20,SUI,0.013
2025-08-20,TAO,0.0694
2025-08-20,UNI,-0.0227
2025-08-20,WLD,-0.0294
2025-08-20,XRP,0.0064
2025-08-20,ZRO,-0.031
2025-08-20,kPEPE,-0.0217
2025-08-21,AAVE,-0.0291
2025-08-21,ADA,0.0144
2025-08-21,ARB,0.0156
2025-08-21,AVAX,-0.0218
2025-08-21,BCH,-0.0007
2025-08-21,BNB,-0.0105
2025-08-21,BTC,-0.0187
2025-08-21,CRV,-0.0083
2025-08-21,ENA,0.002
2025-08-21,ETH,-0.0164
2025-08-21,FARTCOIN,0.0142
2025-08-21,GRASS,-0.0062
2025-08-21,HYPE,-0.0384
2025-08-21,INJ,-0.0076
2025-08-21,JUP,0.0176
2025-08-21,LDO,-0.0044
2025-08-21,LINK,-0.0077
2025-08-21,LTC,0.0043
2025-08-21,NEAR,-0.0032
2025-08-21,ONDO,0.0149
2025-08-21,PENGU,0.0202
2025-08-21,SOL,0.0126
2025-08-21,SUI,-0.0035
2025-08-21,TAO,-0.0079
2025-08-21,UNI,0.0129
2025-08-21,WLD,-0.0093
2025-08-21,XRP,-0.0134
2025-08-21,ZRO,0.0114
2025-08-21,kPEPE,0.0061
2025-08-22,AAVE,0.0157
2025-08-22,ARB,-0.0117
2025-08-22,AVAX,0.0398
2025-08-22,BCH,0.0012
2025-08-22,BNB,-0.01
2025-08-22,BTC,0.0791
2025-08-22,CRV,0.0168
2025-08-22,DOGE,0.0004
2025-08-22,ENA,-0.003
2025-08-22,ETH,-0.0545
2025-08-22,FARTCOIN,-0.0172
2025-08-22,GRASS,0.0188
2025-08-22,HYPE,0.0135
2025-08-22,INJ,0.0055
2025-08-22,JUP,-0.0205
2025-08-22,LDO,0.0022
2025-08-22,LINK,0.009
2025-08-22,LTC,0.0161
2025-08-22,NEAR,-0.0031
2025-08-22,ONDO,-0.0213
2025-08-22,PENGU,-0.0157
2025-08-22,SOL,0.004
2025-08-22,SUI,-0.0035
2025-08-22,TAO,-0.0089
2025-08-22,UNI,0.006
2025-08-22,WLD,0.0182
2025-08-22,XRP,0.0171
2025-08-22,ZRO,0.0092
2025-08-22,kPEPE,-0.0002
2025-08-23,AAVE,-0.0055
2025-08-23,ADA,-0.0003
2025-08-23,ARB,-0.0039
2025-08-23,AVAX,-0.0376
2025-08-23,BCH,-0.0045
2025-08-23,BNB,0.0088
2025-08-23,BTC,-0.0018
2025-08-23,CRV,-0.0079
2025-08-23,DOGE,0.0179
2025-08-23,ENA,-0.0033
2025-08-23,ETH,0.0214
2025-08-23,FARTCOIN,0.0028
2025-08-23,GRASS,0.0072
2025-08-23,HYPE,0.0222
2025-08-23,INJ,0.0154
2025-08-23,JUP,0.0147
2025-08-23,LDO,0.0065
2025-08-23,LINK,0.0012
2025-08-23,LTC,-0.0044
2025-08-23,NEAR,-0.0153
2025-08-23,ONDO,-0.0001
2025-08-23,PENGU,-0.0015
2025-08-23,SOL,-0.0134
2025-08-23,SUI,0.006
2025-08-23,TAO,-0.0099
2025-08-23,UNI,-0.003
2025-08-23,WLD,-0.0029
2025-08-23,XRP,-0.0002
2025-08-23,ZRO,0.0122
2025-08-23,kPEPE,-0.027
2025-08-24,AAVE,0.0114
2025-08-24,ADA,0.0106
2025-08-24,ARB,0.0063
2025-08-24,AVAX,0.0016
2025-08-24,BCH,0.009
2025-08-24,BNB,-0.0102
2025-08-24,BTC,-0.0278
2025-08-24,CRV,-0.0096
2025-08-24,DOGE,0.0057
2025-08-24,ENA,-0.0059
2025-08-24,ETH,0.0032
2025-08-24,FARTCOIN,-0.0039
2025-08-24,GRASS,-0.0026
2025-08-24,HYPE,-0.0481
2025-08-24,INJ,-0.0026
2025-08-24,JUP,0.003
2025-08-24,LDO,0.0002
2025-08-24,LINK,-0.0027
2025-08-24,LTC,-0.0122
2025-08-24,NEAR,0.0247
2025-08-24,ONDO,-0.0104
2025-08-24,SOL,-0.0241
2025-08-24,SUI,0.0102
2025-08-24,TAO,0.0102
2025-08-24,UNI,0.003
2025-08-24,WLD,0.0029
2025-08-24,XRP,0.004
2025-08-24,ZRO,-0.0058
2025-08-24,kPEPE,0.021
2025-08-25,AAVE,0.0031
2025-08-25,ADA,-0.0025
2025-08-25,ARB,0.0061
2025-08-25,AVAX,-0.0243
2025-08-25,BCH,-0.0746
2025-08-25,BNB,-0.0361
2025-08-25,BTC,-0.2156
2025-08-25,CRV,0.0551
2025-08-25,DOGE,0.0105
2025-08-25,ENA,0.0513
2025-08-25,ETH,0.0141
2025-08-25,FARTCOIN,0.0416
2025-08-25,GRASS,0.0226
2025-08-25,HYPE,-0.0196
2025-08-25,INJ,-0.0026
2025-08-25,JUP,-0.0091
2025-08-25,LDO,0.0461
2025-08-25,LINK,0.0205
2025-08-25,LTC,-0.0755
2025-08-25,NEAR,0.0028
2025-08-25,ONDO,-0.0343
2025-08-25,PENGU,0.0651
2025-08-25,SOL,-0.0227
2025-08-25,SUI,0.0033
2025-08-25,TAO,-0.0265
2025-08-25,UNI,0.0026
2025-08-25,WLD,0.0201
2025-08-25,XRP,-0.0907
2025-08-25,ZRO,0.0022
2025-08-25,kPEPE,0.0322
2025-08-26,AAVE,-0.0013
2025-08-26,ADA,0.001
2025-08-26,ARB,-0.015
2025-08-26,AVAX,0.0311
2025-08-26,BCH,0.0727
2025-08-26,BNB,0.0472
2025-08-26,BTC,0.1196
2025-08-26,CRV,0.0018
2025-08-26,DOGE,-0.0162
2025-08-26,ENA,-0.0544
2025-08-26,ETH,-0.0258
2025-08-26,FARTCOIN,0.0018
2025-08-26,GRASS,-0.0313
2025-08-26,HYPE,0.0135
2025-08-26,INJ,-0.026
2025-08-26,JUP,0.0172
2025-08-26,LDO,-0.0594
2025-08-26,LINK,-0.0204
2025-08-26,LTC,0.071
2025-08-26,NEAR,-0.0056
2025-08-26,ONDO,0.0352
2025-08-26,PENGU,-0.0181
2025-08-26,SOL,0.044
2025-08-26,SUI,0.0105
2025-08-26,TAO,0.0307
2025-08-26,UNI,-0.0148
2025-08-26,WLD,-0.0267
2025-08-26,XRP,0.0675
2025-08-26,ZRO,0.0023
2025-08-26,kPEPE,-0.0028
2025-08-27,AAVE,0.0274
2025-08-27,ADA,-0.0029
2025-08-27,ARB,0.0033
2025-08-27,AVAX,-0.0214
2025-08-27,BCH,0.0027
2025-08-27,BNB,0.0007
2025-08-27,BTC,0.0046
2025-08-27,CRV,-0.0259
2025-08-27,DOGE,-0.03
2025-08-27,ENA,0.0344
2025-08-27,ETH,0.0302
2025-08-27,FARTCOIN,-0.0077
2025-08-27,GRASS,-0.0031
2025-08-27,HYPE,0.0014
2025-08-27,INJ,0.0201
2025-08-27,JUP,-0.055
2025-08-27,LDO,0.0055
2025-08-27,LINK,0.0106
2025-08-27,LTC,0.0055
2025-08-27,NEAR,-0.0034
2025-08-27,ONDO,0.0111
2025-08-27,PENGU,0.0154
2025-08-27,SOL,-0.0353
2025-08-27,SUI,-0.0025
2025-08-27,TAO,-0.014
2025-08-27,UNI,0.0247
2025-08-27,WLD,0.0093
2025-08-27,XRP,-0.0163
2025-08-27,ZRO,0.0063
2025-08-27,kPEPE,-0.0036
2025-08-28,AAVE,-0.0147
2025-08-28,ADA,-0.0171
2025-08-28,ARB,0.0043
2025-08-28,AVAX,0.0396
2025-08-28,BCH,-0.0053
2025-08-28,BNB,-0.0039
2025-08-28,BTC,0.1067
2025-08-28,CRV,-0.0186
2025-08-28,DOGE,0.023
2025-08-28,ENA,-0.0332
2025-08-28,ETH,-0.0053
2025-08-28,FARTCOIN,-0.0352
2025-08-28,GRASS,0.0143
2025-08-28,HYPE,0.008
2025-08-28,INJ,-0.0115
2025-08-28,JUP,0.0035
2025-08-28,LDO,0.002
2025-08-28,LINK,-0.0096
2025-08-28,LTC,-0.0041
2025-08-28,NEAR,0.0058
2025-08-28,ONDO,0.0013
2025-08-28,PENGU,-0.0417
2025-08-28,SOL,0.0136
2025-08-28,SUI,-0.0066
2025-08-28,TAO,-0.0013
2025-08-28,UNI,-0.0184
2025-08-28,WLD,-0.0053
2025-08-28,XRP,0.0298
2025-08-28,ZRO,-0.0204
2025-08-28,kPEPE,-0.0258
2025-08-29,AAVE,-0.0311
2025-08-29,ADA,-0.0097
2025-08-29,ARB,0.0128
2025-08-29,AVAX,-0.0149
2025-08-29,BCH,-0.0074
2025-08-29,BNB,0.0034
2025-08-29,BTC,-0.1122
2025-08-29,CRV,0.028
2025-08-29,DOGE,0.0179
2025-08-29,ENA,0.0039
2025-08-29,ETH,-0.0131
2025-08-29,FARTCOIN,-0.0003
2025-08-29,GRASS,-0.0203
2025-08-29,HYPE,-0.0237
2025-08-29,INJ,0.0035
2025-08-29,JUP,-0.0095
2025-08-29,LDO,0.0341
2025-08-29,LINK,0.0057
2025-08-29,LTC,-0.0521
2025-08-29,NEAR,0.0142
2025-08-29,ONDO,0.01
2025-08-29,PENGU,-0.0114
2025-08-29,SOL,0.0034
2025-08-29,SUI,0.01
2025-08-29,TAO,-0.0121
2025-08-29,UNI,0.0249
2025-08-29,WLD,0.0023
2025-08-29,XRP,0.0092
2025-08-29,ZRO,-0.0309
2025-08-29,kPEPE,0.0422
2025-08-30,AAVE,0.0544
2025-08-30,ADA,0.0198
2025-08-30,ARB,-0.0076
2025-08-30,AVAX,0.0093
2025-08-30,BCH,-0.0635
2025-08-30,BNB,-0.0049
2025-08-30,BTC,0.0653
2025-08-30,CRV,-0.0467
2025-08-30,DOGE,-0.0223
2025-08-30,ENA,-0.0054
2025-08-30,ETH,0.0314
2025-08-30,FARTCOIN,-0.0006
2025-08-30,GRASS,0.0087
2025-08-30,HYPE,0.0198
2025-08-30,INJ,0.0139
2025-08-30,JUP,0.0043
2025-08-30,LDO,-0.0267
2025-08-30,LINK,0.0076
2025-08-30,LTC,0.0485
2025-08-30,NEAR,-0.0106
2025-08-30,ONDO,-0.0055
2025-08-30,PENGU,-0.0037
2025-08-30,SOL,0.0202
2025-08-30,SUI,-0.0091
2025-08-30,TAO,-0.0034
2025-08-30,UNI,-0.0219
2025-08-30,WLD,-0.0056
2025-08-30,XRP,0.0009
2025-08-30,ZRO,0.0039
2025-08-30,kPEPE,-0.0267
2025-08-31,AAVE,-0.0236
2025-08-31,ADA,-0.0036
2025-08-31,ARB,-0.0114
2025-08-31,AVAX,0.0057
2025-08-31,BCH,-0.0191
2025-08-31,BNB,0.0062
2025-08-31,BTC,-0.0606
2025-08-31,CRV,0.0287
2025-08-31,DOGE,-0.0169
2025-08-31,ENA,0.0081
2025-08-31,ETH,-0.0123
2025-08-31,FARTCOIN,0.0029
2025-08-31,GRASS,-0.0211
2025-08-31,HYPE,-0.0112
2025-08-31,INJ,0.0185
2025-08-31,JUP,0.0534
2025-08-31,LDO,0.0175
2025-08-31,LINK,-0.016
2025-08-31,LTC,0.0051
2025-08-31,NEAR,-0.0061
2025-08-31,ONDO,0.0085
2025-08-31,PENGU,0.0093
2025-08-31,SOL,-0.0007
2025-08-31,SUI,0.0121
2025-08-31,TAO,0.0134
2025-08-31,UNI,-0.0341
2025-08-31,WLD,0.0026
2025-08-31,XRP,0.0016
2025-08-31,ZRO,-0.0003
2025-08-31,kPEPE,0.0102
2025-09-01,AAVE,0.0275
2025-09-01,ADA,-0.014
2025-09-01,ARB,-0.0003
2025-09-01,AVAX,-0.0366
2025-09-01,BCH,0.0414
2025-09-01,BNB,0.0002
2025-09-01,BTC,-0.0173
2025-09-01,CRV,-0.0185
2025-09-01,DOGE,0.0272
2025-09-01,ENA,-0.0057
2025-09-01,ETH,0.0195
2025-09-01,FARTCOIN,-0.0021
2025-09-01,GRASS,0.0174
2025-09-01,HYPE,0.0028
2025-09-01,INJ,-0.0107
2025-09-01,JUP,0.0003
2025-09-01,LDO,-0.0046
2025-09-01,LINK,0.0259
2025-09-01,LTC,-0.0616
2025-09-01,NEAR,-0.0368
2025-09-01,ONDO,-0.0069
2025-09-01,PENGU,-0.0154
2025-09-01,SOL,0.0301
2025-09-01,SUI,-0.0062
2025-09-01,TAO,0.0002
2025-09-01,UNI,0.0627
2025-09-01,WLD,-0.0093
2025-09-01,XRP,-0.0531
2025-09-01,ZRO,-0.0001
2025-09-01,kPEPE,0.0133
2025-09-02,AAVE,-0.016
2025-09-02,ADA,0.0099
2025-09-02,ARB,0.0045
2025-09-02,AVAX,0.0106
2025-09-02,BCH,-0.0218
2025-09-02,BNB,-0.0072
2025-09-02,BTC,0.1361
2025-09-02,CRV,-0.0012
2025-09-02,DOGE,0.0078
2025-09-02,ENA,-0.001
2025-09-02,ETH,-0.0101
2025-09-02,FARTCOIN,0.0009
2025-09-02,GRASS,0.007
2025-09-02,HYPE,0.0142
2025-09-02,INJ,-0.0204
2025-09-02,JUP,-0.0167
2025-09-02,LDO,-0.0212
2025-09-02,LINK,-0.0245
2025-09-02,LTC,0.0552
2025-09-02,NEAR,0.0487
2025-09-02,ONDO,-0.0464
2025-09-02,PENGU,0.0075
2025-09-02,SOL,-0.0404
2025-09-02,SUI,-0.01
2025-09-02,TAO,0.0022
2025-09-02,UNI,-0.0111
2025-09-02,WLD,0.0241
2025-09-02,XRP,0.0499
2025-09-02,ZRO,0.0158
2025-09-02,kPEPE,-0.0301
2025-09-03,AAVE,-0.003
2025-09-03,ADA,0.0063
2025-09-03,ARB,0.0062
2025-09-03,AVAX,0.0021
2025-09-03,BCH,-0.0166
2025-09-03,BNB,0.0023
2025-09-03,BTC,-0.0022
2025-09-03,CRV,-0.005
2025-09-03,DOGE,0.0033
2025-09-03,ENA,-0.0013
2025-09-03,ETH,0.0034
2025-09-03,FARTCOIN,-0.0001
2025-09-03,GRASS,0.0003
2025-09-03,HYPE,0.0061
2025-09-03,INJ,0.0027
2025-09-03,JUP,0.0091
2025-09-03,LDO,-0.0016
2025-09-03,LINK,0.0004
2025-09-03,LTC,0.0091
2025-09-03,NEAR,-0.0002
2025-09-03,ONDO,0.0229
2025-09-03,PENGU,0.0027
2025-09-03,SOL,0.002
2025-09-03,SUI,-0.0004
2025-09-03,TAO,0.0059
2025-09-03,UNI,-0.0205
2025-09-03,WLD,-0.0139
2025-09-03,XRP,-0.0093
2025-09-03,ZRO,0.0029
2025-09-03,kPEPE,0.0027
2025-09-04,AAVE,-0.0028
2025-09-04,ADA,0.0003
2025-09-04,ARB,-0.0002
2025-09-04,AVAX,0.0011
2025-09-04,BCH,-0.0176
2025-09-04,BNB,-0.002
2025-09-04,BTC,-0.0231
2025-09-04,CRV,0.0083
2025-09-04,DOGE,-0.0058
2025-09-04,ENA,0.0009
2025-09-04,ETH,0.0017
2025-09-04,FARTCOIN,-0.0002
2025-09-04,GRASS,0.0027
2025-09-04,HYPE,-0.023
2025-09-04,INJ,0.0024
2025-09-04,JUP,0.0155
2025-09-04,LDO,0.0125
2025-09-04,LINK,0.0401
2025-09-04,LTC,-0.0248
2025-09-04,NEAR,-0.0091
2025-09-04,ONDO,-0.0392
2025-09-04,PENGU,0.0043
2025-09-04,SOL,0.0275
2025-09-04,SUI,-0.0229
2025-09-04,TAO,-0.0249
2025-09-04,UNI,-0.0091
2025-09-04,WLD,0.0027
2025-09-04,XRP,-0.009
2025-09-04,ZRO,0.0115
2025-09-04,kPEPE,-0.0027
2025-09-05,AAVE,-0.0137
2025-09-05,ADA,-0.0014
2025-09-05,ARB,-0.004
2025-09-05,AVAX,0.0223
2025-09-05,BCH,0.021
2025-09-05,BNB,0.0045
2025-09-05,BTC,-0.0148
2025-09-05,CRV,0.014
2025-09-05,DOGE,-0.0104
2025-09-05,ENA,-0.0009
2025-09-05,ETH,-0.0029
2025-09-05,FARTCOIN,0.0068
2025-09-05,GRASS,0.0129
2025-09-05,HYPE,0.0029
2025-09-05,INJ,-0.005
2025-09-05,JUP,-0.0338
2025-09-05,LDO,-0.0064
2025-09-05,LINK,-0.0428
2025-09-05,LTC,0.023
2025-09-05,NEAR,0.0031
2025-09-05,ONDO,0.0295
2025-09-05,PENGU,0.0043
2025-09-05,SOL,-0.006
2025-09-05,SUI,0.0102
2025-09-05,TAO,0.0318
2025-09-05,UNI,0.0274
2025-09-05,WLD,-0.0306
2025-09-05,XRP,0.0258
2025-09-05,ZRO,-0.0173
2025-09-05,kPEPE,-0.0059
2025-09-06,AAVE,0.0192
2025-09-06,ADA,-0.0088
2025-09-06,ARB,0.0026
2025-09-06,AVAX,-0.0034
2025-09-06,BCH,0.0297
2025-09-06,BNB,0.001
2025-09-06,BTC,0.0351
2025-09-06,CRV,-0.0162
2025-09-06,DOGE,0.0141
2025-09-06,ENA,0.0028
2025-09-06,ETH,-0.0003
2025-09-06,FARTCOIN,-0.0035
2025-09-06,GRASS,-0.0129
2025-09-06,HYPE,0.0118
2025-09-06,INJ,0.005
2025-09-06,JUP,0.0061
2025-09-06,LDO,0.002
2025-09-06,LINK,0.0048
2025-09-06,LTC,-0.0395
2025-09-06,NEAR,-0.0216
2025-09-06,ONDO,-0.0033
2025-09-06,PENGU,0.023
2025-09-06,SOL,-0.033
2025-09-06,SUI,0.0215
2025-09-06,TAO,0.0002
2025-09-06,UNI,0.0032
2025-09-06,WLD,-0.0015
2025-09-06,XRP,-0.0012
2025-09-06,ZRO,-0.0251
2025-09-06,kPEPE,0.0057
2025-09-07,AAVE,-0.0082
2025-09-07,ADA,0.0037
2025-09-07,ARB,0.0057
2025-09-07,AVAX,-0.004
2025-09-07,BCH,0.0123
2025-09-07,BNB,0.0055
2025-09-07,BTC,0.0039
2025-09-07,CRV,0.0165
2025-09-07,DOGE,-0.036
2025-09-07,ENA,0.0039
2025-09-07,ETH,-0.0107
2025-09-07,GRASS,0.0103
2025-09-07,HYPE,0.0169
2025-09-07,INJ,0.0025
2025-09-07,JUP,0.003
2025-09-07,LDO,-0.0044
2025-09-07,LINK,-0.0012
2025-09-07,LTC,0.0404
2025-09-07,NEAR,0.0308
2025-09-07,ONDO,0.0301
2025-09-07,PENGU,-0.0313
2025-09-07,PUMP,-0.0234
2025-09-07,SOL,0.023
2025-09-07,SUI,0.0034
2025-09-07,TAO,-0.0098
2025-09-07,UNI,-0.0153
2025-09-07,WLD,0.0037
2025-09-07,XRP,0.0087
2025-09-07,ZRO,0.014
2025-09-07,kPEPE,-0.0177
2025-09-08,AAVE,-0.0114
2025-09-08,ADA,0.0091
2025-09-08,ARB,-0.0005
2025-09-08,AVAX,0.0131
2025-09-08,BCH,0.0046
2025-09-08,BNB,0.0012
2025-09-08,BTC,0.0097
2025-09-08,CRV,0.0082
2025-09-08,DOGE,0.0153
2025-09-08,ENA,-0.0036
2025-09-08,ETH,0.0018
2025-09-08,FARTCOIN,-0.0017
2025-09-08,INJ,0.0024
2025-09-08,JUP,0.0093
2025-09-08,LDO,-0.0012
2025-09-08,LINK,0.0032
2025-09-08,LTC,-0.0031
2025-09-08,NEAR,-0.0122
2025-09-08,ONDO,0.0003
2025-09-08,PENGU,-0.0016
2025-09-08,PUMP,-0.0007
2025-09-08,SOL,-0.004
2025-09-08,SUI,0.0003
2025-09-08,TAO,-0.0413
2025-09-08,UNI,0.0159
2025-09-08,WLD,0.0194
2025-09-08,XRP,0.0046
2025-09-08,ZRO,-0.0002
2025-09-08,kPEPE,0.0091
2025-09-09,ADA,-0.0002
2025-09-09,ARB,-0.0039
2025-09-09,AVAX,0.0048
2025-09-09,BCH,0.004
2025-09-09,BNB,-0.0036
2025-09-09,BTC,-0.0047
2025-09-09,DOGE,-0.009
2025-09-09,ENA,0.0017
2025-09-09,ETH,-0.0002
2025-09-09,FARTCOIN,-0.0016
2025-09-09,HYPE,-0.0055
2025-09-09,INJ,-0.0099
2025-09-09,LDO,0.0017
2025-09-09,LINK,0.0014
2025-09-09,LTC,0.0064
2025-09-09,NEAR,-0.0124
2025-09-09,ONDO,-0.0003
2025-09-09,PENGU,0.0021
2025-09-09,PUMP,0.0018
2025-09-09,SOL,-0.0014
2025-09-09,SUI,-0.0072
2025-09-09,TAO,0.016
2025-09-09,UNI,-0.0064
2025-09-09,WLD,-0.0004
2025-09-09,XRP,-0.0002
2025-09-09,ZRO,0.0207
2025-09-09,kPEPE,0.0061
2025-09-10,AAVE,0.0141
2025-09-10,ADA,0.0058
2025-09-10,ARB,0.0057
2025-09-10,AVAX,-0.0477
2025-09-10,BCH,0.0124
2025-09-10,BNB,0.0058
2025-09-10,BTC,0.0046
2025-09-10,DOGE,0.0063
2025-09-10,ENA,-0.0019
2025-09-10,ETH,0.0083
2025-09-10,FARTCOIN,-0.0002
2025-09-10,HYPE,-0.0085
2025-09-10,INJ,0.0074
2025-09-10,JUP,0.013
2025-09-10,LDO,-0.0075
2025-09-10,LINK,0.0025
2025-09-10,LTC,-0.0172
2025-09-10,NEAR,0.0156
2025-09-10,ONDO,-0.03
2025-09-10,PENGU,0.0017
2025-09-10,PUMP,-0.0006
2025-09-10,SOL,0.0034
2025-09-10,SUI,0.0002
2025-09-10,TAO,-0.0002
2025-09-10,UNI,-0.0001
2025-09-10,WLD,0.0024
2025-09-10,XRP,-0.0027
2025-09-10,ZRO,0.0033
2025-09-10,kPEPE,0.0097
2025-09-11,AAVE,-0.0058
2025-09-11,ADA,0.0013
2025-09-11,AVAX,-0.0052
2025-09-11,BCH,-0.0072
2025-09-11,BNB,0.0041
2025-09-11,BTC,-0.0033
2025-09-11,CRV,-0.011
2025-09-11,DOGE,0.0052
2025-09-11,ENA,0.0068
2025-09-11,ETH,0.001
2025-09-11,FARTCOIN,-0.0007
2025-09-11,HYPE,0.0032
2025-09-11,INJ,0.0101
2025-09-11,JUP,0.0104
2025-09-11,LDO,0.0084
2025-09-11,LINK,-0.0109
2025-09-11,LTC,-0.0082
2025-09-11,NEAR,0.0034
2025-09-11,ONDO,-0.0064
2025-09-11,PENGU,0.0048
2025-09-11,PUMP,0.0012
2025-09-11,SOL,0.0144
2025-09-11,SUI,-0.0031
2025-09-11,TAO,0.0199
2025-09-11,UNI,-0.0094
2025-09-11,WLD,-0.0042
2025-09-11,XRP,0.003
2025-09-11,ZRO,-0.0067
2025-09-11,kPEPE,0.0071
2025-09-12,AAVE,0.0059
2025-09-12,ADA,0.0074
2025-09-12,ARB,0.0026
2025-09-12,AVAX,0.0014
2025-09-12,BCH,0.004
2025-09-12,BNB,-0.0015
2025-09-12,BTC,0.0017
2025-09-12,CRV,0.011
2025-09-12,DOGE,-0.012
2025-09-12,ENA,0.002
2025-09-12,ETH,-0.0074
2025-09-12,FARTCOIN,-0.0002
2025-09-12,GRASS,-0.0107
2025-09-12,HYPE,0.0054
2025-09-12,INJ,0.0133
2025-09-12,JUP,-0.0066
2025-09-12,LDO,0.015
2025-09-12,LINK,0.0093
2025-09-12,LTC,-0.0046
2025-09-12,NEAR,0.0173
2025-09-12,ONDO,0.0065
2025-09-12,PENGU,-0.0104
2025-09-12,PUMP,-0.0015
2025-09-12,SOL,-0.0004
2025-09-12,SUI,0.0072
2025-09-12,TAO,-0.0035
2025-09-12,UNI,0.0063
2025-09-12,WLD,0.0013
2025-09-12,XRP,0.0083
2025-09-12,ZRO,-0.0032
2025-09-12,kPEPE,-0.0532
2025-09-13,AAVE,-0.0057
2025-09-13,ADA,-0.0107
2025-09-13,ARB,0.0069
2025-09-13,AVAX,-0.0041
2025-09-13,BCH,-0.0013
2025-09-13,BNB,-0.0048
2025-09-13,BTC,0.0156
2025-09-13,CRV,0.0029
2025-09-13,DOGE,-0.0017
2025-09-13,ENA,-0.0033
2025-09-13,ETH,-0.007
2025-09-13,FARTCOIN,-0.0017
2025-09-13,GRASS,0.0024
2025-09-13,HYPE,0.0135
2025-09-13,INJ,-0.0133
2025-09-13,JUP,0.0097
2025-09-13,LDO,-0.0071
2025-09-13,LINK,0.0068
2025-09-13,LTC,0.0137
2025-09-13,ONDO,-0.0157
2025-09-13,PENGU,0.0042
2025-09-13,PUMP,0.0023
2025-09-13,SOL,-0.0021
2025-09-13,SUI,-0.001
2025-09-13,TAO,-0.0002
2025-09-13,UNI,0.0101
2025-09-13,WLD,0.0029
2025-09-13,kPEPE,0.0026
2025-09-14,AAVE,0.0227
2025-09-14,ADA,-0.0189
2025-09-14,ARB,-0.0114
2025-09-14,AVAX,0.0037
2025-09-14,BCH,0.0167
2025-09-14,BNB,-0.0075
2025-09-14,BTC,0.0043
2025-09-14,DOGE,0.0038
2025-09-14,ENA,0.0253
2025-09-14,ETH,0.006
2025-09-14,FARTCOIN,0.0003
2025-09-14,GRASS,-0.0028
2025-09-14,HYPE,-0.0079
2025-09-14,INJ,0.0157
2025-09-14,JUP,-0.0064
2025-09-14,LDO,-0.0095
2025-09-14,LINK,0.0131
2025-09-14,LTC,-0.0234
2025-09-14,NEAR,-0.02
2025-09-14,ONDO,-0.0061
2025-09-14,PENGU,0.0128
2025-09-14,PUMP,-0.0002
2025-09-14,SOL,0.0206
2025-09-14,SUI,-0.0071
2025-09-14,TAO,-0.0163
2025-09-14,UNI,-0.0566
2025-09-14,WLD,-0.0012
2025-09-14,XRP,-0.0176
2025-09-14,kPEPE,0.0061
2025-09-15,AAVE,0.0004
2025-09-15,ADA,0.0116
2025-09-15,ARB,0.0158
2025-09-15,AVAX,-0.011
2025-09-15,BCH,0.0054
2025-09-15,BNB,0.004
2025-09-15,BTC,-0.0304
2025-09-15,CRV,-0.0208
2025-09-15,DOGE,0.0077
2025-09-15,ENA,0.0021
2025-09-15,ETH,0.0117
2025-09-15,FARTCOIN,0.0017
2025-09-15,GRASS,-0.003
2025-09-15,HYPE,-0.0056
2025-09-15,INJ,0.0003
2025-09-15,JUP,-0.0162
2025-09-15,LDO,0.002
2025-09-15,LINK,0.0107
2025-09-15,LTC,-0.0009
2025-09-15,NEAR,-0.0267
2025-09-15,ONDO,-0.007
2025-09-15,PENGU,0.0107
2025-09-15,PUMP,-0.0005
2025-09-15,SOL,0.0038
2025-09-15,SUI,-0.0207
2025-09-15,TAO,-0.0001
2025-09-15,UNI,0.0117
2025-09-15,WLD,0.0009
2025-09-15,XRP,-0.0129
2025-09-15,kPEPE,-0.0089
2025-09-16,AAVE,-0.0032
2025-09-16,ADA,-0.0174
2025-09-16,AVAX,0.0259
2025-09-16,BCH,0.007
2025-09-16,BNB,-0.0041
2025-09-16,BTC,0.0097
2025-09-16,CRV,-0.0025
2025-09-16,ENA,-0.0118
2025-09-16,ETH,-0.0073
2025-09-16,FARTCOIN,-0.0015
2025-09-16,GRASS,-0.0071
2025-09-16,HYPE,0.0164
2025-09-16,INJ,-0.0106
2025-09-16,JUP,0.0059
2025-09-16,LDO,0.0052
2025-09-16,LINK,-0.0164
2025-09-16,LTC,0.0462
2025-09-16,NEAR,0.0037
2025-09-16,ONDO,0.0039
2025-09-16,PENGU,-0.0274
2025-09-16,PUMP,0.0012
2025-09-16,SOL,-0.0215
2025-09-16,SUI,0.0031
2025-09-16,TAO,0.0361
2025-09-16,UNI,0.0068
2025-09-16,WLD,-0.0008
2025-09-16,XRP,0.016
2025-09-16,kPEPE,-0.0022
2025-09-17,AAVE,-0.0024
2025-09-17,ADA,0.0125
2025-09-17,ARB,-0.0094
2025-09-17,AVAX,-0.0063
2025-09-17,BCH,0.0006
2025-09-17,BNB,-0.0014
2025-09-17,BTC,-0.0029
2025-09-17,CRV,-0.0078
2025-09-17,DOGE,-0.0021
2025-09-17,ENA,-0.01
2025-09-17,ETH,0.0063
2025-09-17,FARTCOIN,0.0024
2025-09-17,GRASS,0.0046
2025-09-17,HYPE,-0.0081
2025-09-17,INJ,0.0002
2025-09-17,JUP,-0.0095
2025-09-17,LDO,-0.0116
2025-09-17,LINK,0.0017
2025-09-17,LTC,0.0153
2025-09-17,NEAR,-0.0069
2025-09-17,ONDO,0.0375
2025-09-17,PENGU,0.0039
2025-09-17,PUMP,-0.0017
2025-09-17,SOL,0.0083
2025-09-17,SUI,0.0138
2025-09-17,TAO,-0.0061
2025-09-17,UNI,0.0092
2025-09-17,WLD,-0.0014
2025-09-17,XRP,-0.0019
2025-09-17,kPEPE,0.0266
2025-09-18,AAVE,0.0024
2025-09-18,ADA,0.0133
2025-09-18,ARB,0.0071
2025-09-18,AVAX,0.0064
2025-09-18,BCH,-0.0095
2025-09-18,BNB,-0.0111
2025-09-18,BTC,0.0419
2025-09-18,CRV,0.0065
2025-09-18,DOGE,-0.0021
2025-09-18,ENA,0.0043
2025-09-18,ETH,0.0004
2025-09-18,FARTCOIN,-0.0012
2025-09-18,GRASS,-0.0009
2025-09-18,HYPE,0.0054
2025-09-18,INJ,-0.0056
2025-09-18,JUP,-0.0188
2025-09-18,LDO,0.0035
2025-09-18,LINK,0.0042
2025-09-18,LTC,-0.0074
2025-09-18,NEAR,-0.0094
2025-09-18,ONDO,0.0061
2025-09-18,PENGU,-0.0032
2025-09-18,PUMP,0.0035
2025-09-18,SOL,0.0018
2025-09-18,SUI,-0.014
2025-09-18,TAO,-0.0008
2025-09-18,UNI,0.0157
2025-09-18,WLD,-0.0005
2025-09-18,XRP,0.0223
2025-09-18,kPEPE,-0.0058
2025-09-19,AAVE,-0.023
2025-09-19,ADA,-0.0221
2025-09-19,ARB,-0.0142
2025-09-19,AVAX,0.0077
2025-09-19,BCH,-0.0051
2025-09-19,BNB,0.0211
2025-09-19,BTC,-0.0219
2025-09-19,CRV,-0.0091
2025-09-19,DOGE,0.0048
2025-09-19,ENA,-0.0076
2025-09-19,ETH,-0.0035
2025-09-19,FARTCOIN,0.0374
2025-09-19,GRASS,0.0175
2025-09-19,HYPE,0.0106
2025-09-19,INJ,0.0055
2025-09-19,JUP,0.0151
2025-09-19,LDO,0.0092
2025-09-19,LINK,0.0226
2025-09-19,LTC,-0.0248
2025-09-19,NEAR,0.0026
2025-09-19,ONDO,-0.0156
2025-09-19,PENGU,0.0122
2025-09-19,PUMP,0.0383
2025-09-19,SOL,-0.0035
2025-09-19,SUI,0.0028
2025-09-19,TAO,-0.0193
2025-09-19,UNI,-0.0413
2025-09-19,WLD,0.0012
2025-09-19,XRP,-0.022
2025-09-19,ZRO,-0.0385
2025-09-19,kPEPE,-0.0027
2025-09-20,AAVE,0.02
2025-09-20,ADA,0.0143
2025-09-20,ARB,0.003
2025-09-20,AVAX,-0.0079
2025-09-20,BCH,-0.0025
2025-09-20,BNB,-0.0362
2025-09-20,BTC,-0.0005
2025-09-20,CRV,-0.0036
2025-09-20,DOGE,-0.0217
2025-09-20,ENA,0.0136
2025-09-20,ETH,0.0116
2025-09-20,FARTCOIN,0.0047
2025-09-20,HYPE,-0.0264
2025-09-20,INJ,0.0025
2025-09-20,JUP,-0.0032
2025-09-20,LDO,-0.016
2025-09-20,LINK,0.0044
2025-09-20,LTC,0.0123
2025-09-20,NEAR,-0.0077
2025-09-20,ONDO,0.0029
2025-09-20,PENGU,0.0083
2025-09-20,PUMP,-0.0242
2025-09-20,SOL,-0.0116
2025-09-20,SUI,-0.0036
2025-09-20,TAO,0.0185
2025-09-20,UNI,0.0106
2025-09-20,WLD,0.006
2025-09-20,XRP,0.0079
2025-09-20,ZRO,0.0077
2025-09-20,kPEPE,0.0116
2025-09-21,AAVE,0.0233
2025-09-21,ADA,0.0099
2025-09-21,ARB,0.003
2025-09-21,AVAX,-0.0175
2025-09-21,BCH,-0.0108
2025-09-21,BNB,-0.0013
2025-09-21,BTC,0.0008
2025-09-21,CRV,0.0267
2025-09-21,DOGE,0.0357
2025-09-21,ENA,-0.014
2025-09-21,ETH,-0.0159
2025-09-21,FARTCOIN,-0.0019
2025-09-21,HYPE,0.0128
2025-09-21,INJ,0.0057
2025-09-21,JUP,-0.0058
2025-09-21,LDO,0.0041
2025-09-21,LINK,0.0067
2025-09-21,LTC,-0.0721
2025-09-21,NEAR,-0.0021
2025-09-21,ONDO,-0.0265
2025-09-21,PENGU,-0.0086
2025-09-21,PUMP,0.0072
2025-09-21,SOL,0.0229
2025-09-21,SUI,0.013
2025-09-21,TAO,-0.0248
2025-09-21,UNI,-0.0022
2025-09-21,WLD,-0.002
2025-09-21,XRP,0.0161
2025-09-21,ZRO,0.0248
2025-09-21,kPEPE,0.0084
2025-09-22,AAVE,-0.0132
2025-09-22,ADA,-0.0122
2025-09-22,ARB,-0.0139
2025-09-22,AVAX,-0.0036
2025-09-22,BCH,-0.0226
2025-09-22,BNB,-0.0107
2025-09-22,BTC,-0.0148
2025-09-22,CRV,-0.0102
2025-09-22,DOGE,-0.0066
2025-09-22,ENA,0.0135
2025-09-22,ETH,0.0123
2025-09-22,FARTCOIN,-0.0164
2025-09-22,HYPE,0.0026
2025-09-22,INJ,-0.0219
2025-09-22,JUP,-0.0113
2025-09-22,LDO,-0.0022
2025-09-22,LINK,-0.013
2025-09-22,LTC,0.0683
2025-09-22,NEAR,0.016
2025-09-22,ONDO,-0.0011
2025-09-22,PENGU,0.0127
2025-09-22,PUMP,0.0555
2025-09-22,SOL,-0.0117
2025-09-22,SUI,-0.0093
2025-09-22,TAO,-0.0134
2025-09-22,UNI,-0.0093
2025-09-22,WLD,-0.0038
2025-09-22,XRP,-0.084
2025-09-22,ZRO,-0.0356
2025-09-22,kPEPE,0.0089
2025-09-23,AAVE,-0.0413
2025-09-23,ADA,0.0108
2025-09-23,ARB,0.0244
2025-09-23,AVAX,0.0055
2025-09-23,BCH,0.0238
2025-09-23,BNB,0.0095
2025-09-23,BTC,0.0056
2025-09-23,CRV,-0.0024
2025-09-23,DOGE,0.0085
2025-09-23,ENA,-0.0169
2025-09-23,ETH,0.0083
2025-09-23,FARTCOIN,-0.005
2025-09-23,GRASS,-0.0233
2025-09-23,HYPE,-0.0276
2025-09-23,INJ,0.0109
2025-09-23,JUP,0.0085
2025-09-23,LDO,-0.0006
2025-09-23,LINK,0.0097
2025-09-23,LTC,-0.0405
2025-09-23,NEAR,0.0115
2025-09-23,ONDO,0.0309
2025-09-23,PENGU,-0.0153
2025-09-23,PUMP,-0.0405
2025-09-23,SOL,-0.0102
2025-09-23,TAO,0.0297
2025-09-23,UNI,0.023
2025-09-23,WLD,0.0072
2025-09-23,XRP,0.0252
2025-09-23,ZRO,0.0416
2025-09-23,kPEPE,0.0148
2025-09-24,AAVE,0.0238
2025-09-24,ADA,-0.0031
2025-09-24,AVAX,-0.0006
2025-09-24,BCH,0.0182
2025-09-24,BNB,0.0051
2025-09-24,BTC,0.0019
2025-09-24,CRV,-0.0082
2025-09-24,DOGE,-0.0222
2025-09-24,ENA,0.023
2025-09-24,FARTCOIN,-0.0143
2025-09-24,GRASS,0.0233
2025-09-24,HYPE,0.0022
2025-09-24,INJ,-0.0161
2025-09-24,JUP,-0.0164
2025-09-24,LDO,0.0204
2025-09-24,LINK,-0.0088
2025-09-24,LTC,0.0327
2025-09-24,NEAR,-0.0168
2025-09-24,ONDO,0.0116
2025-09-24,PENGU,0.0047
2025-09-24,PUMP,0.0121
2025-09-24,SOL,-0.008
2025-09-24,SUI,-0.0066
2025-09-24,TAO,0.0148
2025-09-24,UNI,0.0065
2025-09-24,WLD,-0.0055
2025-09-24,XRP,-0.0071
2025-09-24,ZRO,-0.0291
2025-09-24,kPEPE,-0.0121
2025-09-25,AAVE,-0.0484
2025-09-25,ADA,-0.0138
2025-09-25,AVAX,-0.0077
2025-09-25,BCH,-0.0627
2025-09-25,BNB,-0.0082
2025-09-25,BTC,-0.1827
2025-09-25,CRV,0.0256
2025-09-25,DOGE,0.0386
2025-09-25,ENA,-0.0219
2025-09-25,ETH,-0.0464
2025-09-25,FARTCOIN,0.048
2025-09-25,HYPE,-0.0014
2025-09-25,INJ,0.0339
2025-09-25,JUP,0.025
2025-09-25,LDO,-0.0096
2025-09-25,LINK,-0.0032
2025-09-25,LTC,-0.1076
2025-09-25,NEAR,0.0021
2025-09-25,ONDO,-0.0144
2025-09-25,PENGU,0.04
2025-09-25,PUMP,-0.0243
2025-09-25,SOL,0.0144
2025-09-25,SUI,0.0245
2025-09-25,TAO,-0.0683
2025-09-25,UNI,-0.0121
2025-09-25,WLD,0.0177
2025-09-25,XRP,-0.036
2025-09-25,ZRO,-0.0186
2025-09-25,kPEPE,-0.0009
2025-09-26,AAVE,0.038
2025-09-26,ADA,0.014
2025-09-26,ARB,0.0183
2025-09-26,AVAX,0.0098
2025-09-26,BCH,0.0559
2025-09-26,BNB,0.0101
2025-09-26,BTC,0.0763
2025-09-26,CRV,-0.0138
2025-09-26,DOGE,-0.0309
2025-09-26,ETH,0.0538
2025-09-26,FARTCOIN,-0.0483
2025-09-26,HYPE,-0.0131
2025-09-26,INJ,-0.0351
2025-09-26,JUP,-0.0057
2025-09-26,LDO,0.0085
2025-09-26,LINK,-0.0157
2025-09-26,LTC,0.1293
2025-09-26,NEAR,0.0146
2025-09-26,ONDO,0.0237
2025-09-26,PENGU,-0.0473
2025-09-26,PUMP,-0.0241
2025-09-26,SOL,-0.0463
2025-09-26,SUI,-0.0273
2025-09-26,TAO,0.0607
2025-09-26,UNI,0.0503
2025-09-26,WLD,-0.0165
2025-09-26,XRP,0.0492
2025-09-26,ZRO,0.0167
2025-09-26,kPEPE,0.0126
2025-09-27,AAVE,0.0248
2025-09-27,ADA,0.0038
2025-09-27,ARB,-0.0357
2025-09-27,AVAX,0.0009
2025-09-27,BCH,-0.0194
2025-09-27,BNB,-0.01
2025-09-27,BTC,0.092
2025-09-27,CRV,-0.0116
2025-09-27,DOGE,0.0253
2025-09-27,ENA,-0.0022
2025-09-27,ETH,-0.0135
2025-09-27,FARTCOIN,-0.0004
2025-09-27,HYPE,0.0025
2025-09-27,INJ,-0.0077
2025-09-27,LDO,-0.0047
2025-09-27,LINK,0.0073
2025-09-27,LTC,-0.0808
2025-09-27,NEAR,0.0005
2025-09-27,ONDO,0.0044
2025-09-27,PENGU,0.0218
2025-09-27,PUMP,0.0171
2025-09-27,SOL,0.0168
2025-09-27,SUI,0.0058
2025-09-27,TAO,0.01
2025-09-27,UNI,-0.0455
2025-09-27,WLD,0.0047
2025-09-27,XRP,-0.0266
2025-09-27,ZRO,-0.0034
2025-09-27,kPEPE,-0.0052
2025-09-28,AAVE,-0.0078
2025-09-28,ADA,-0.0142
2025-09-28,ARB,0.0086
2025-09-28,AVAX,0.0023
2025-09-28,BCH,0.0165
2025-09-28,BNB,0.0052
2025-09-28,BTC,0.029
2025-09-28,CRV,0.0086
2025-09-28,DOGE,-0.0286
2025-09-28,ENA,0.0092
2025-09-28,ETH,0.0044
2025-09-28,FARTCOIN,-0.0011
2025-09-28,HYPE,0.01
2025-09-28,INJ,0.0166
2025-09-28,JUP,-0.011
2025-09-28,LDO,0.0003
2025-09-28,LINK,-0.0008
2025-09-28,LTC,0.069
2025-09-28,NEAR,0.0081
2025-09-28,ONDO,-0.0129
2025-09-28,PENGU,-0.0201
2025-09-28,PUMP,-0.0151
2025-09-28,SOL,-0.0014
2025-09-28,SUI,0.0094
2025-09-28,TAO,-0.0003
2025-09-28,UNI,0.0179
2025-09-28,WLD,-0.0035
2025-09-28,XRP,0.0642
2025-09-28,ZRO,0.0006
2025-09-28,kPEPE,-0.0121
2025-09-29,AAVE,-0.0132
2025-09-29,ADA,0.0081
2025-09-29,ARB,0.0235
2025-09-29,AVAX,0.0013
2025-09-29,BCH,0.0074
2025-09-29,BNB,-0.0113
2025-09-29,BTC,0.004
2025-09-29,CRV,0.0046
2025-09-29,DOGE,0.0138
2025-09-29,ENA,-0.0022
2025-09-29,ETH,-0.0417
2025-09-29,FARTCOIN,-0.0006
2025-09-29,HYPE,0.0041
2025-09-29,INJ,0.0086
2025-09-29,JUP,-0.0002
2025-09-29,LDO,-0.0128
2025-09-29,LINK,0.0144
2025-09-29,LTC,0.0148
2025-09-29,NEAR,0.0055
2025-09-29,ONDO,0.0004
2025-09-29,PENGU,0.0038
2025-09-29,PUMP,-0.0003
2025-09-29,SOL,-0.003
2025-09-29,SUI,0.0038
2025-09-29,TAO,-0.0416
2025-09-29,UNI,-0.0143
2025-09-29,WLD,-0.0012
2025-09-29,XRP,0.0063
2025-09-29,ZRO,0.0022
2025-09-29,kPEPE,0.0123
2025-09-30,AAVE,0.01
2025-09-30,ADA,-0.0358
2025-09-30,ARB,-0.0265
2025-09-30,AVAX,0.0031
2025-09-30,BCH,-0.0045
2025-09-30,BNB,0.0066
2025-09-30,BTC,-0.0092
2025-09-30,CRV,-0.0123
2025-09-30,DOGE,0.0088
2025-09-30,ENA,0.0152
2025-09-30,ETH,0.0331
2025-09-30,FARTCOIN,0.0018
2025-09-30,HYPE,-0.002
2025-09-30,INJ,-0.0116
2025-09-30,JUP,0.0057
2025-09-30,LDO,0.0015
2025-09-30,LINK,0.0039
2025-09-30,LTC,-0.0035
2025-09-30,NEAR,-0.0214
2025-09-30,ONDO,0.0029
2025-09-30,PENGU,-0.0019
2025-09-30,PUMP,-0.0012
2025-09-30,SOL,0.0037
2025-09-30,SUI,-0.0129
2025-09-30,TAO,0.0306
2025-09-30,UNI,0.0037
2025-09-30,WLD,0.0039
2025-09-30,XRP,-0.0031
2025-09-30,ZRO,0.0017
2025-09-30,kPEPE,-0.0091
2025-10-01,AAVE,0.0107
2025-10-01,ADA,0.0304
2025-10-01,ARB,0.0179
2025-10-01,AVAX,-0.0034
2025-10-01,BCH,0.0029
2025-10-01,BNB,0.0121
2025-10-01,BTC,0.0055
2025-10-01,CRV,0.0122
2025-10-01,DOGE,-0.0267
2025-10-01,ENA,-0.0022
2025-10-01,ETH,0.0022
2025-10-01,FARTCOIN,0.0057
2025-10-01,HYPE,0.0108
2025-10-01,INJ,0.0087
2025-10-01,JUP,-0.0136
2025-10-01,LDO,-0.002
2025-10-01,LINK,-0.0129
2025-10-01,LTC,-0.0199
2025-10-01,ONDO,0.0034
2025-10-01,PENGU,-0.0074
2025-10-01,PUMP,0.0026
2025-10-01,SOL,0.0041
2025-10-01,SUI,-0.0189
2025-10-01,TAO,0.0229
2025-10-01,UNI,0.0213
2025-10-01,WLD,-0.0054
2025-10-01,XRP,0.0016
2025-10-01,ZRO,-0.0052
2025-10-01,kPEPE,-0.0086
2025-10-02,AAVE,0.0079
2025-10-02,ADA,0.0081
2025-10-02,ARB,0.0129
2025-10-02,AVAX,0.0149
2025-10-02,BCH,0.0032
2025-10-02,BNB,-0.008
2025-10-02,BTC,0.0077
2025-10-02,CRV,0.0023
2025-10-02,DOGE,0.0017
2025-10-02,ENA,-0.0115
2025-10-02,ETH,0.0147
2025-10-02,FARTCOIN,-0.0099
2025-10-02,GRASS,-0.0167
2025-10-02,HYPE,-0.0138
2025-10-02,JUP,0.0163
2025-10-02,LDO,0.0009
2025-10-02,LINK,0.0149
2025-10-02,LTC,-0.0166
2025-10-02,NEAR,0.0026
2025-10-02,ONDO,-0.0079
2025-10-02,PENGU,0.0031
2025-10-02,PUMP,-0.0021
2025-10-02,SOL,0.0055
2025-10-02,SUI,0.0094
2025-10-02,TAO,-0.0065
2025-10-02,UNI,-0.0035
2025-10-02,WLD,0.0038
2025-10-02,XRP,0.0107
2025-10-02,ZRO,0.0175
2025-10-02,kPEPE,-0.0091
2025-10-03,AAVE,0.0081
2025-10-03,ADA,0.0073
2025-10-03,ARB,0.0032
2025-10-03,AVAX,-0.0069
2025-10-03,BCH,0.0007
2025-10-03,BNB,-0.0573
2025-10-03,BTC,-0.0018
2025-10-03,CRV,-0.0124
2025-10-03,DOGE,0.013
2025-10-03,ENA,0.0091
2025-10-03,ETH,0.0052
2025-10-03,FARTCOIN,0.002
2025-10-03,GRASS,0.0002
2025-10-03,HYPE,0.0094
2025-10-03,JUP,0.0028
2025-10-03,LDO,0.014
2025-10-03,LINK,0.0009
2025-10-03,LTC,-0.0012
2025-10-03,NEAR,0.0027
2025-10-03,ONDO,-0.007
2025-10-03,PENGU,0.0021
2025-10-03,PUMP,0.0068
2025-10-03,SOL,0.0114
2025-10-03,SUI,0.0159
2025-10-03,TAO,-0.0002
2025-10-03,UNI,-0.046
2025-10-03,WLD,-0.002
2025-10-03,XRP,-0.0051
2025-10-03,ZRO,-0.0168
2025-10-03,kPEPE,0.0122
2025-10-04,AAVE,0.0021
2025-10-04,ADA,-0.0094
2025-10-04,ARB,-0.0094
2025-10-04,AVAX,0.0033
2025-10-04,BCH,0.0138
2025-10-04,BNB,0.0308
2025-10-04,CRV,-0.0053
2025-10-04,DOGE,0.0016
2025-10-04,ENA,-0.0129
2025-10-04,ETH,-0.0025
2025-10-04,GRASS,-0.0027
2025-10-04,HYPE,-0.0067
2025-10-04,JUP,0.0028
2025-10-04,LDO,-0.0025
2025-10-04,LINK,0.0034
2025-10-04,LTC,-0.0119
2025-10-04,ONDO,0.0069
2025-10-04,PENGU,-0.0062
2025-10-04,PUMP,0.0054
2025-10-04,SOL,-0.001
2025-10-04,SUI,0.0032
2025-10-04,TAO,-0.0352
2025-10-04,UNI,0.014
2025-10-04,WLD,0.0031
2025-10-04,XRP,-0.0099
2025-10-04,ZRO,0.0076
2025-10-04,kPEPE,-0.0061
2025-10-05,AAVE,-0.0044
2025-10-05,ADA,-0.0018
2025-10-05,ARB,-0.0065
2025-10-05,AVAX,0.0026
2025-10-05,BCH,-0.0135
2025-10-05,BNB,-0.0167
2025-10-05,BTC,-0.002
2025-10-05,CRV,0.0031
2025-10-05,DOGE,-0.019
2025-10-05,ENA,0.0086
2025-10-05,ETH,-0.004
2025-10-05,FARTCOIN,-0.0013
2025-10-05,GRASS,0.0018
2025-10-05,HYPE,0.0069
2025-10-05,JUP,-0.0028
2025-10-05,LDO,0.0025
2025-10-05,LINK,0.0154
2025-10-05,LTC,0.0327
2025-10-05,NEAR,0.0028
2025-10-05,ONDO,0.0031
2025-10-05,PENGU,-0.0036
2025-10-05,PUMP,-0.0064
2025-10-05,SOL,-0.0095
2025-10-05,SUI,-0.0066
2025-10-05,TAO,0.0272
2025-10-05,UNI,-0.0173
2025-10-05,WLD,0.0011
2025-10-05,XRP,-0.014
2025-10-05,ZRO,0.0077
2025-10-05,kPEPE,-0.003
2025-10-06,AAVE,0.0034
2025-10-06,ADA,0.0086
2025-10-06,ARB,-0.0095
2025-10-06,AVAX,-0.0108
2025-10-06,BCH,0.0066
2025-10-06,BNB,0.0121
2025-10-06,BTC,0.0026
2025-10-06,CRV,0.02
2025-10-06,DOGE,-0.0044
2025-10-06,ENA,0.009
2025-10-06,ETH,0.0028
2025-10-06,FARTCOIN,0.0023
2025-10-06,GRASS,0.0174
2025-10-06,HYPE,-0.0072
2025-10-06,INJ,-0.015
2025-10-06,JUP,0.0086
2025-10-06,LDO,-0.0108
2025-10-06,LINK,-0.0555
2025-10-06,LTC,-0.0104
2025-10-06,NEAR,0.0079
2025-10-06,ONDO,-0.0036
2025-10-06,PENGU,0.0078
2025-10-06,PUMP,-0.0041
2025-10-06,SOL,0.0159
2025-10-06,SUI,0.0131
2025-10-06,TAO,-0.0408
2025-10-06,UNI,0.0421
2025-10-06,WLD,-0.0041
2025-10-06,XRP,0.0204
2025-10-06,ZRO,-0.0141
2025-10-06,kPEPE,0.0091
2025-10-07,AAVE,-0.0128
2025-10-07,ADA,-0.0083
2025-10-07,ARB,-0.0089
2025-10-07,AVAX,0.0133
2025-10-07,BCH,-0.0159
2025-10-07,BNB,0.0187
2025-10-07,BTC,-0.0132
2025-10-07,CRV,-0.0079
2025-10-07,DOGE,0.0127
2025-10-07,ENA,-0.0395
2025-10-07,ETH,0.0003
2025-10-07,FARTCOIN,0.0417
2025-10-07,HYPE,0.002
2025-10-07,INJ,0.0209
2025-10-07,JUP,-0.0114
2025-10-07,LDO,0.0153
2025-10-07,LINK,0.0284
2025-10-07,LTC,-0.0145
2025-10-07,NEAR,0.0081
2025-10-07,ONDO,-0.0003
2025-10-07,PENGU,0.0059
2025-10-07,PUMP,-0.0006
2025-10-07,SOL,-0.0112
2025-10-07,SUI,0.0063
2025-10-07,TAO,-0.0311
2025-10-07,UNI,-0.0306
2025-10-07,WLD,0.0008
2025-10-07,XRP,-0.0249
2025-10-07,ZRO,0.0113
2025-10-07,kPEPE,-0.0179
2025-10-08,AAVE,0.006
2025-10-08,ADA,-0.0061
2025-10-08,ARB,0.012
2025-10-08,AVAX,-0.0143
2025-10-08,BCH,0.0249
2025-10-08,BNB,-0.0561
2025-10-08,BTC,-0.0033
2025-10-08,CRV,0.0104
2025-10-08,DOGE,-0.0126
2025-10-08,ENA,0.0088
2025-10-08,ETH,-0.0051
2025-10-08,FARTCOIN,-0.0033
2025-10-08,HYPE,0.0043
2025-10-08,INJ,-0.003
2025-10-08,JUP,0.0085
2025-10-08,LDO,-0.0087
2025-10-08,LINK,-0.0108
2025-10-08,LTC,0.0207
2025-10-08,NEAR,-0.0027
2025-10-08,ONDO,0.0064
2025-10-08,PENGU,-0.0151
2025-10-08,PUMP,0.0043
2025-10-08,SOL,-0.0004
2025-10-08,SUI,-0.0035
2025-10-08,TAO,0.0165
2025-10-08,UNI,0.0203
2025-10-08,WLD,-0.0152
2025-10-08,XRP,0.0108
2025-10-08,ZRO,-0.0024
2025-10-08,kPEPE,0.0177
2025-10-09,AAVE,0.0073
2025-10-09,ADA,-0.0103
2025-10-09,AVAX,-0.0176
2025-10-09,BCH,-0.0337
2025-10-09,BNB,0.0398
2025-10-09,BTC,0.0008
2025-10-09,CRV,-0.0213
2025-10-09,DOGE,-0.0003
2025-10-09,ENA,-0.001
2025-10-09,ETH,-0.0018
2025-10-09,FARTCOIN,0.0099
2025-10-09,HYPE,0.0095
2025-10-09,INJ,0.0032
2025-10-09,JUP,-0.0028
2025-10-09,LDO,0.0131
2025-10-09,LINK,-0.0021
2025-10-09,LTC,-0.0402
2025-10-09,NEAR,0.0085
2025-10-09,ONDO,-0.0096
2025-10-09,PENGU,0.0085
2025-10-09,PUMP,0.0282
2025-10-09,SOL,0.0095
2025-10-09,SUI,0.0101
2025-10-09,TAO,-0.0228
2025-10-09,UNI,-0.0168
2025-10-09,WLD,0.0024
2025-10-09,XRP,-0.0798
2025-10-09,ZRO,-0.0071
2025-10-09,kPEPE,-0.0028
2025-10-10,AAVE,-0.0586
2025-10-10,ADA,-0.009
2025-10-10,ARB,0.0361
2025-10-10,AVAX,0.0757
2025-10-10,BCH,-0.1069
2025-10-10,BNB,-0.0211
2025-10-10,BTC,-0.2363
2025-10-10,CRV,0.0645
2025-10-10,DOGE,0.0211
2025-10-10,ENA,0.0389
2025-10-10,ETH,-0.0858
2025-10-10,FARTCOIN,0.0094
2025-10-10,HYPE,0.009
2025-10-10,INJ,0.0196
2025-10-10,JUP,0.0115
2025-10-10,LDO,0.0161
2025-10-10,LINK,-0.0246
2025-10-10,LTC,-0.0113
2025-10-10,NEAR,-0.0268
2025-10-10,ONDO,-0.0001
2025-10-10,PENGU,0.0443
2025-10-10,PUMP,0.0247
2025-10-10,SOL,-0.0368
2025-10-10,SUI,-0.022
2025-10-10,TAO,-0.0028
2025-10-10,UNI,-0.0059
2025-10-10,WLD,0.0806
2025-10-10,XRP,0.0208
2025-10-10,ZRO,0.0502
2025-10-10,kPEPE,0.0398
2025-10-11,AAVE,0.0067
2025-10-11,ADA,0.0171
2025-10-11,ARB,-0.0255
2025-10-11,AVAX,-0.0548
2025-10-11,BCH,0.0146
2025-10-11,BNB,-0.0119
2025-10-11,BTC,-0.0018
2025-10-11,CRV,0.0127
2025-10-11,DOGE,0.0103
2025-10-11,ENA,0.0563
2025-10-11,ETH,0.0196
2025-10-11,FARTCOIN,0.002
2025-10-11,HYPE,0.0189
2025-10-11,INJ,0.0113
2025-10-11,JUP,-0.0144
2025-10-11,LDO,0.0076
2025-10-11,LINK,-0.0243
2025-10-11,LTC,0.0063
2025-10-11,NEAR,0.0069
2025-10-11,ONDO,-0.0233
2025-10-11,PENGU,0.0126
2025-10-11,PUMP,-0.0013
2025-10-11,SOL,0.0307
2025-10-11,SUI,0.0154
2025-10-11,TAO,-0.0012
2025-10-11,UNI,0.0052
2025-10-11,WLD,-0.0669
2025-10-11,XRP,-0.0096
2025-10-11,ZRO,0.014
2025-10-11,kPEPE,-0.0129
2025-10-12,AAVE,0.0293
2025-10-12,ADA,0.0193
2025-10-12,ARB,-0.0162
2025-10-12,AVAX,0.028
2025-10-12,BCH,0.1057
2025-10-12,BNB,0.0248
2025-10-12,BTC,0.1454
2025-10-12,CRV,-0.0627
2025-10-12,DOGE,0.0175
2025-10-12,ENA,-0.0438
2025-10-12,ETH,0.0709
2025-10-12,FARTCOIN,-0.0397
2025-10-12,HYPE,0.0209
2025-10-12,INJ,-0.0508
2025-10-12,JUP,0.0092
2025-10-12,LDO,-0.051
2025-10-12,LINK,0.0313
2025-10-12,LTC,0.0222
2025-10-12,NEAR,0.0432
2025-10-12,ONDO,0.0002
2025-10-12,PENGU,-0.0475
2025-10-12,PUMP,-0.039
2025-10-12,SOL,0.0431
2025-10-12,SUI,0.0039
2025-10-12,TAO,0.0302
2025-10-12,UNI,-0.0032
2025-10-12,WLD,0.0121
2025-10-12,XRP,0.095
2025-10-12,ZRO,-0.0524
2025-10-12,kPEPE,0.0246
2025-10-13,AAVE,0.0025
2025-10-13,ADA,-0.0326
2025-10-13,ARB,-0.0223
2025-10-13,AVAX,-0.0308
2025-10-13,BCH,0.0272
2025-10-13,BNB,-0.0087
2025-10-13,BTC,0.0535
2025-10-13,CRV,-0.014
2025-10-13,DOGE,-0.0272
2025-10-13,ENA,-0.0077
2025-10-13,ETH,-0.0104
2025-10-13,FARTCOIN,-0.0182
2025-10-13,HYPE,-0.0439
2025-10-13,INJ,0.001
2025-10-13,JUP,-0.0284
2025-10-13,LDO,0.0009
2025-10-13,LINK,0.0069
2025-10-13,LTC,0.0121
2025-10-13,NEAR,-0.0136
2025-10-13,ONDO,0.0192
2025-10-13,PENGU,-0.0108
2025-10-13,PUMP,-0.018
2025-10-13,SOL,-0.0313
2025-10-13,SUI,-0.0332
2025-10-13,TAO,0.0224
2025-10-13,UNI,0.0076
2025-10-13,WLD,-0.0108
2025-10-13,XRP,-0.0305
2025-10-13,ZRO,0.0093
2025-10-13,kPEPE,-0.0579
2025-10-14,AAVE,-0.0554
2025-10-14,ADA,-0.0035
2025-10-14,ARB,0.0164
2025-10-14,AVAX,0.0471
2025-10-14,BCH,-0.0769
2025-10-14,BNB,0.0292
2025-10-14,BTC,-0.0737
2025-10-14,CRV,-0.0008
2025-10-14,DOGE,0.0088
2025-10-14,ENA,-0.0149
2025-10-14,ETH,-0.0511
2025-10-14,FARTCOIN,-0.0026
2025-10-14,HYPE,0.0069
2025-10-14,INJ,-0.0101
2025-10-14,JUP,0.0376
2025-10-14,LDO,0.0038
2025-10-14,LINK,-0.0596
2025-10-14,LTC,-0.0608
2025-10-14,NEAR,0.0139
2025-10-14,ONDO,0.0047
2025-10-14,PENGU,0.0055
2025-10-14,PUMP,0.0131
2025-10-14,SOL,0.0008
2025-10-14,SUI,0.0236
2025-10-14,TAO,-0.0056
2025-10-14,UNI,-0.021
2025-10-14,WLD,0.0429
2025-10-14,XRP,0.0026
2025-10-14,ZRO,-0.0071
2025-10-14,kPEPE,0.0125
2025-10-15,AAVE,0.0124
2025-10-15,ADA,0.0219
2025-10-15,ARB,0.0202
2025-10-15,AVAX,-0.0617
2025-10-15,BCH,-0.0231
2025-10-15,BNB,-0.0132
2025-10-15,BTC,-0.1118
2025-10-15,CRV,0.0071
2025-10-15,DOGE,-0.0017
2025-10-15,ENA,0.026
2025-10-15,ETH,-0.0165
2025-10-15,FARTCOIN,-0.0002
2025-10-15,HYPE,0.0241
2025-10-15,INJ,0.0629
2025-10-15,JUP,-0.0122
2025-10-15,LDO,-0.0001
2025-10-15,LINK,0.0611
2025-10-15,LTC,0.0152
2025-10-15,ONDO,0.007
2025-10-15,PENGU,0.0156
2025-10-15,PUMP,0.0387
2025-10-15,SOL,-0.0369
2025-10-15,SUI,0.0036
2025-10-15,TAO,-0.0257
2025-10-15,UNI,0.0028
2025-10-15,WLD,-0.0707
2025-10-15,XRP,-0.0735
2025-10-15,ZRO,0.0027
2025-10-15,kPEPE,0.0003
2025-10-16,AAVE,0.0247
2025-10-16,ADA,-0.0348
2025-10-16,ARB,-0.0336
2025-10-16,AVAX,0.0158
2025-10-16,BCH,-0.0152
2025-10-16,BNB,-0.016
2025-10-16,BTC,-0.0384
2025-10-16,CRV,-0.0084
2025-10-16,DOGE,0.0089
2025-10-16,ENA,-0.0011
2025-10-16,ETH,-0.0272
2025-10-16,FARTCOIN,0.006
2025-10-16,HYPE,-0.0507
2025-10-16,INJ,-0.0046
2025-10-16,JUP,0.0116
2025-10-16,LDO,-0.0061
2025-10-16,LINK,-0.0261
2025-10-16,LTC,0.0174
2025-10-16,NEAR,-0.0055
2025-10-16,ONDO,-0.011
2025-10-16,PENGU,-0.0076
2025-10-16,PUMP,-0.0015
2025-10-16,SOL,0.0005
2025-10-16,SUI,0.0045
2025-10-16,TAO,0.0094
2025-10-16,UNI,0.0196
2025-10-16,WLD,0.0752
2025-10-16,XRP,-0.0143
2025-10-16,ZRO,0.0344
2025-10-16,kPEPE,-0.0007
2025-10-17,AAVE,0.0187
2025-10-17,ADA,0.0284
2025-10-17,ARB,0.0164
2025-10-17,AVAX,-0.0117
2025-10-17,BCH,0.0809
2025-10-17,BNB,0.0136
2025-10-17,BTC,0.0171
2025-10-17,CRV,0.0043
2025-10-17,DOGE,-0.0317
2025-10-17,ENA,-0.0517
2025-10-17,ETH,0.0183
2025-10-17,FARTCOIN,0.0432
2025-10-17,HYPE,0.0299
2025-10-17,INJ,0.0034
2025-10-17,JUP,-0.0117
2025-10-17,LDO,0.0089
2025-10-17,LINK,0.0411
2025-10-17,LTC,-0.0132
2025-10-17,NEAR,0.0041
2025-10-17,ONDO,0.0036
2025-10-17,PENGU,-0.0102
2025-10-17,PUMP,-0.0615
2025-10-17,SOL,-0.0073
2025-10-17,SUI,-0.0152
2025-10-17,TAO,-0.01
2025-10-17,UNI,-0.0062
2025-10-17,WLD,-0.0106
2025-10-17,XRP,0.0489
2025-10-17,ZRO,-0.0422
2025-10-17,kPEPE,-0.0148
2025-10-18,AAVE,-0.0395
2025-10-18,ADA,-0.0011
2025-10-18,ARB,0.0032
2025-10-18,AVAX,0.0044
2025-10-18,BCH,0.0328
2025-10-18,BNB,-0.0216
2025-10-18,BTC,0.1933
2025-10-18,CRV,-0.0009
2025-10-18,DOGE,0.0072
2025-10-18,ENA,-0.0002
2025-10-18,ETH,0.0423
2025-10-18,FARTCOIN,-0.0393
2025-10-18,HYPE,-0.026
2025-10-18,INJ,-0.0416
2025-10-18,JUP,-0.0004
2025-10-18,LDO,-0.001
2025-10-18,LINK,-0.0003
2025-10-18,LTC,0.0527
2025-10-18,NEAR,-0.0018
2025-10-18,ONDO,0.0118
2025-10-18,PENGU,-0.0017
2025-10-18,PUMP,0.0009
2025-10-18,SOL,0.026
2025-10-18,SUI,-0.0224
2025-10-18,TAO,0.0045
2025-10-18,UNI,0.0126
2025-10-18,WLD,-0.0181
2025-10-18,XRP,0.0362
2025-10-18,ZRO,0.0012
2025-10-18,kPEPE,0.0028
2025-10-19,AAVE,0.0344
2025-10-19,ADA,-0.0008
2025-10-19,ARB,0.0184
2025-10-19,AVAX,-0.0027
2025-10-19,BCH,-0.0005
2025-10-19,BNB,0.0078
2025-10-19,BTC,0.0217
2025-10-19,CRV,-0.0017
2025-10-19,DOGE,-0.018
2025-10-19,ENA,-0.0018
2025-10-19,ETH,0.021
2025-10-19,FARTCOIN,0.0031
2025-10-19,HYPE,0.0158
2025-10-19,INJ,0.0104
2025-10-19,LDO,0.0026
2025-10-19,LINK,-0.0068
2025-10-19,LTC,-0.0006
2025-10-19,NEAR,-0.0405
2025-10-19,ONDO,-0.0003
2025-10-19,PENGU,-0.0021
2025-10-19,PUMP,0.0061
2025-10-19,SOL,-0.0002
2025-10-19,SUI,-0.006
2025-10-19,TAO,-0.0014
2025-10-19,UNI,-0.0193
2025-10-19,WLD,-0.0216
2025-10-19,XRP,-0.0144
2025-10-19,ZRO,0.024
2025-10-19,kPEPE,-0.0194
2025-10-20,AAVE,-0.0488
2025-10-20,ADA,0.0101
2025-10-20,ARB,-0.0158
2025-10-20,AVAX,0.0233
2025-10-20,BCH,-0.0123
2025-10-20,BNB,0.0023
2025-10-20,BTC,-0.0215
2025-10-20,CRV,0.0124
2025-10-20,DOGE,0.004
2025-10-20,ENA,0.0012
2025-10-20,ETH,-0.0049
2025-10-20,FARTCOIN,0.0044
2025-10-20,HYPE,0.0196
2025-10-20,INJ,-0.0078
2025-10-20,JUP,-0.0203
2025-10-20,LDO,0.0014
2025-10-20,LINK,-0.0473
2025-10-20,LTC,-0.0035
2025-10-20,NEAR,0.0525
2025-10-20,ONDO,-0.0185
2025-10-20,PENGU,0.0016
2025-10-20,PUMP,-0.0052
2025-10-20,SOL,0.0349
2025-10-20,SUI,0.0279
2025-10-20,TAO,-0.0014
2025-10-20,UNI,0.0424
2025-10-20,WLD,0.0135
2025-10-20,XPL,-0.0119
2025-10-20,XRP,-0.0251
2025-10-20,ZRO,-0.0027
2025-10-20,kPEPE,0.0079
2025-10-21,AAVE,0.0141
2025-10-21,ADA,0.0003
2025-10-21,ARB,0.011
2025-10-21,AVAX,0.0121
2025-10-21,BCH,-0.0993
2025-10-21,BNB,0.0196
2025-10-21,BTC,0.0204
2025-10-21,CRV,0.0045
2025-10-21,DOGE,0.0076
2025-10-21,ENA,-0.0054
2025-10-21,ETH,0.0046
2025-10-21,FARTCOIN,-0.0119
2025-10-21,HYPE,-0.0262
2025-10-21,JUP,0.0058
2025-10-21,LDO,-0.0002
2025-10-21,LINK,-0.0014
2025-10-21,LTC,-0.0308
2025-10-21,NEAR,-0.0299
2025-10-21,ONDO,0.0131
2025-10-21,PENGU,0.0049
2025-10-21,PUMP,0.0479
2025-10-21,SOL,-0.0105
2025-10-21,SUI,0.0033
2025-10-21,TAO,0.0028
2025-10-21,UNI,-0.044
2025-10-21,XPL,-0.0013
2025-10-21,XRP,0.0302
2025-10-21,ZRO,-0.0028
2025-10-21,kPEPE,0.0203
2025-10-22,AAVE,-0.0092
2025-10-22,ADA,-0.0131
2025-10-22,ARB,0.0094
2025-10-22,AVAX,-0.0098
2025-10-22,BCH,-0.0022
2025-10-22,BNB,0.0011
2025-10-22,BTC,-0.1855
2025-10-22,CRV,-0.0204
2025-10-22,DOGE,-0.016
2025-10-22,ENA,0.001
2025-10-22,ETH,-0.0066
2025-10-22,FARTCOIN,0.038
2025-10-22,HYPE,-0.0142
2025-10-22,JUP,-0.0069
2025-10-22,LDO,0.0116
2025-10-22,LINK,-0.0062
2025-10-22,LTC,-0.0181
2025-10-22,NEAR,0.0289
2025-10-22,ONDO,-0.0197
2025-10-22,PENGU,0.0152
2025-10-22,PUMP,-0.0031
2025-10-22,SOL,0.0035
2025-10-22,SUI,-0.0086
2025-10-22,TAO,-0.0038
2025-10-22,UNI,0.0389
2025-10-22,WLD,-0.0058
2025-10-22,XPL,0.0678
2025-10-22,XRP,-0.0448
2025-10-22,ZRO,-0.0295
2025-10-22,kPEPE,0.016
2025-10-23,AAVE,0.0451
2025-10-23,ADA,0.0096
2025-10-23,ARB,-0.012
2025-10-23,AVAX,-0.0207
2025-10-23,BCH,0.0933
2025-10-23,BNB,-0.0513
2025-10-23,BTC,0.1376
2025-10-23,CRV,0.0126
2025-10-23,DOGE,0.0441
2025-10-23,ENA,0.0088
2025-10-23,ETH,0.0247
2025-10-23,FARTCOIN,-0.0399
2025-10-23,HYPE,-0.0082
2025-10-23,JUP,0.0005
2025-10-23,LDO,-0.0124
2025-10-23,LINK,0.0291
2025-10-23,LTC,0.0512
2025-10-23,NEAR,0.0066
2025-10-23,ONDO,0.0268
2025-10-23,PENGU,-0.013
2025-10-23,PUMP,-0.0456
2025-10-23,SOL,-0.0558
2025-10-23,SUI,0.0028
2025-10-23,TAO,0.0076
2025-10-23,UNI,-0.0277
2025-10-23,WLD,0.0058
2025-10-23,XPL,-0.0331
2025-10-23,XRP,0.0611
2025-10-23,ZRO,0.0411
2025-10-23,kPEPE,-0.0127
2025-10-24,AAVE,0.003
2025-10-24,ADA,-0.0037
2025-10-24,ARB,-0.0085
2025-10-24,AVAX,0.0212
2025-10-24,BCH,0.0166
2025-10-24,BTC,0.0493
2025-10-24,CRV,0.0076
2025-10-24,DOGE,-0.0077
2025-10-24,ENA,0.0012
2025-10-24,ETH,0.0112
2025-10-24,FARTCOIN,0.0025
2025-10-24,HYPE,0.0041
2025-10-24,JUP,-0.0095
2025-10-24,LDO,0.0056
2025-10-24,LINK,0.0092
2025-10-24,LTC,-0.0001
2025-10-24,NEAR,-0.0282
2025-10-24,ONDO,0.0053
2025-10-24,PENGU,-0.0071
2025-10-24,PUMP,0.0015
2025-10-24,SOL,0.0408
2025-10-24,SUI,-0.0256
2025-10-24,TAO,-0.0013
2025-10-24,UNI,0.0271
2025-10-24,WLD,-0.0113
2025-10-24,XPL,0.0003
2025-10-24,XRP,-0.027
2025-10-24,ZRO,-0.0231
2025-10-24,kPEPE,-0.0092
2025-10-25,AAVE,-0.0178
2025-10-25,ADA,-0.0006
2025-10-25,ARB,0.0054
2025-10-25,AVAX,-0.0162
2025-10-25,BCH,-0.0064
2025-10-25,BNB,0.0306
2025-10-25,BTC,0.0107
2025-10-25,CRV,0.0001
2025-10-25,DOGE,0.0018
2025-10-25,ENA,0.0031
2025-10-25,ETH,0.0016
2025-10-25,FARTCOIN,-0.0028
2025-10-25,HYPE,0.001
2025-10-25,JUP,-0.0025
2025-10-25,LDO,0.0028
2025-10-25,LINK,0.0092
2025-10-25,LTC,-0.003
2025-10-25,NEAR,0.0163
2025-10-25,ONDO,-0.0132
2025-10-25,PUMP,0.0042
2025-10-25,SOL,-0.001
2025-10-25,SUI,0.0215
2025-10-25,TAO,-0.0037
2025-10-25,UNI,0.0027
2025-10-25,WLD,0.0029
2025-10-25,XPL,-0.0397
2025-10-25,XRP,-0.0268
2025-10-25,ZRO,-0.0023
2025-10-25,kPEPE,-0.0142
2025-10-26,AAVE,-0.0035
2025-10-26,ADA,-0.0003
2025-10-26,ARB,-0.0081
2025-10-26,AVAX,0.01
2025-10-26,BCH,-0.0379
2025-10-26,BNB,-0.0018
2025-10-26,BTC,0.0128
2025-10-26,CRV,-0.0183
2025-10-26,DOGE,0.0028
2025-10-26,ENA,0.0026
2025-10-26,ETH,0.001
2025-10-26,FARTCOIN,-0.0017
2025-10-26,HYPE,-0.004
2025-10-26,JUP,0.0162
2025-10-26,LDO,0.0047
2025-10-26,LINK,0.0002
2025-10-26,LTC,-0.002
2025-10-26,NEAR,0.0074
2025-10-26,ONDO,-0.0032
2025-10-26,PENGU,0.0048
2025-10-26,PUMP,-0.003
2025-10-26,SOL,0.0191
2025-10-26,SUI,-0.0153
2025-10-26,TAO,0.0065
2025-10-26,UNI,-0.0285
2025-10-26,WLD,-0.0135
2025-10-26,XPL,0.0029
2025-10-26,XRP,0.0357
2025-10-26,ZRO,0.0223
2025-10-26,kPEPE,0.0197
2025-10-27,AAVE,0.0035
2025-10-27,ADA,0.0003
2025-10-27,ARB,-0.0082
2025-10-27,AVAX,0.003
2025-10-27,BCH,0.0138
2025-10-27,BNB,0.0249
2025-10-27,BTC,-0.0391
2025-10-27,CRV,0.0114
2025-10-27,DOGE,0.0033
2025-10-27,ENA,0.0095
2025-10-27,ETH,0.0051
2025-10-27,FARTCOIN,-0.0002
2025-10-27,HYPE,-0.0127
2025-10-27,JUP,-0.0167
2025-10-27,LDO,-0.0072
2025-10-27,LINK,0.0033
2025-10-27,LTC,-0.0069
2025-10-27,NEAR,0.0005
2025-10-27,ONDO,-0.0062
2025-10-27,PENGU,-0.0077
2025-10-27,PUMP,0.0017
2025-10-27,SOL,-0.0258
2025-10-27,SUI,0.0031
2025-10-27,TAO,-0.0002
2025-10-27,UNI,0.0113
2025-10-27,WLD,-0.0055
2025-10-27,XPL,0.0095
2025-10-27,XRP,0.0074
2025-10-27,ZRO,-0.0087
2025-10-27,kPEPE,0.0058
2025-10-28,AAVE,0.0109
2025-10-28,ADA,0.0024
2025-10-28,ARB,-0.0004
2025-10-28,AVAX,-0.0086
2025-10-28,BCH,-0.0219
2025-10-28,BNB,-0.0015
2025-10-28,BTC,-0.0284
2025-10-28,CRV,-0.0054
2025-10-28,DOGE,0.0003
2025-10-28,ENA,0.0047
2025-10-28,ETH,-0.0069
2025-10-28,FARTCOIN,0.006
2025-10-28,HYPE,-0.0014
2025-10-28,JUP,0.0163
2025-10-28,LDO,-0.0029
2025-10-28,LINK,0.0029
2025-10-28,LTC,0.0124
2025-10-28,NEAR,-0.0145
2025-10-28,ONDO,0.0167
2025-10-28,PENGU,0.0045
2025-10-28,PUMP,0.0002
2025-10-28,SOL,-0.0026
2025-10-28,SUI,-0.0062
2025-10-28,TAO,-0.0031
2025-10-28,UNI,-0.0031
2025-10-28,WLD,0.0273
2025-10-28,XPL,-0.0204
2025-10-28,ZRO,-0.0211
2025-10-28,kPEPE,-0.0112
2025-10-29,AAVE,-0.0003
2025-10-29,ADA,-0.0046
2025-10-29,ARB,0.0112
2025-10-29,AVAX,-0.0061
2025-10-29,BCH,0.0132
2025-10-29,BNB,-0.001
2025-10-29,BTC,0.023
2025-10-29,CRV,-0.0041
2025-10-29,DOGE,-0.0167
2025-10-29,ENA,-0.0023
2025-10-29,ETH,-0.0058
2025-10-29,FARTCOIN,-0.0042
2025-10-29,HYPE,0.0199
2025-10-29,JUP,-0.0163
2025-10-29,LDO,-0.0021
2025-10-29,LINK,-0.0167
2025-10-29,LTC,-0.0279
2025-10-29,NEAR,0.0028
2025-10-29,ONDO,-0.0007
2025-10-29,PENGU,-0.0072
2025-10-29,PUMP,-0.0046
2025-10-29,SOL,0.013
2025-10-29,SUI,0.0032
2025-10-29,TAO,0.0007
2025-10-29,UNI,-0.0026
2025-10-29,WLD,0.0027
2025-10-29,XPL,0.0148
2025-10-29,XRP,0.0009
2025-10-29,ZRO,0.0094
2025-10-29,kPEPE,0.0113
2025-10-30,AAVE,-0.0447
2025-10-30,ADA,0.0028
2025-10-30,ARB,0.02
2025-10-30,AVAX,0.0047
2025-10-30,BCH,-0.0123
2025-10-30,BNB,0.0045
2025-10-30,BTC,-0.1411
2025-10-30,CRV,0.0157
2025-10-30,DOGE,0.008
2025-10-30,ENA,0.0427
2025-10-30,ETH,-0.0992
2025-10-30,FARTCOIN,0.0381
2025-10-30,HYPE,-0.0252
2025-10-30,JUP,-0.0053
2025-10-30,LDO,-0.0015
2025-10-30,LINK,-0.0116
2025-10-30,LTC,-0.0275
2025-10-30,NEAR,0.0065
2025-10-30,ONDO,-0.0084
2025-10-30,PENGU,0.0472
2025-10-30,PUMP,0.0384
2025-10-30,SOL,-0.0277
2025-10-30,SUI,-0.0032
2025-10-30,TAO,0.0512
2025-10-30,UNI,0.0145
2025-10-30,WLD,0.0329
2025-10-30,XPL,0.0272
2025-10-30,XRP,-0.0174
2025-10-30,ZRO,-0.0183
2025-10-30,kPEPE,-0.0081
2025-10-31,AAVE,0.0132
2025-10-31,ADA,-0.0126
2025-10-31,ARB,-0.0146
2025-10-31,AVAX,0.0121
2025-10-31,BCH,0.0419
2025-10-31,BNB,-0.0041
2025-10-31,BTC,0.1166
2025-10-31,CRV,-0.0088
2025-10-31,DOGE,0.0101
2025-10-31,ENA,-0.0521
2025-10-31,ETH,0.1036
2025-10-31,FARTCOIN,0.003
2025-10-31,HYPE,0.0158
2025-10-31,JUP,0.0187
2025-10-31,LDO,-0.0015
2025-10-31,LINK,0.0037
2025-10-31,LTC,0.0302
2025-10-31,NEAR,-0.0008
2025-10-31,ONDO,0.0024
2025-10-31,PENGU,0.0054
2025-10-31,PUMP,-0.0017
2025-10-31,SOL,0.0387
2025-10-31,SUI,-0.0092
2025-10-31,TAO,-0.052
2025-10-31,UNI,-0.0031
2025-10-31,WLD,-0.0328
2025-10-31,XPL,-0.0387
2025-10-31,XRP,-0.0074
2025-10-31,ZRO,0.0424
2025-10-31,kPEPE,-0.0148
2025-11-01,AAVE,0.0379
2025-11-01,ADA,0.0113
2025-11-01,ARB,-0.0185
2025-11-01,AVAX,-0.0108
2025-11-01,BCH,-0.0113
2025-11-01,BNB,-0.0052
2025-11-01,BTC,0.0167
2025-11-01,CRV,0.0003
2025-11-01,DOGE,-0.0065
2025-11-01,ENA,-0.0073
2025-11-01,ETH,0.0044
2025-11-01,FARTCOIN,-0.0028
2025-11-01,HYPE,0.0187
2025-11-01,JUP,0.0171
2025-11-01,LDO,0.0147
2025-11-01,LINK,0.0237
2025-11-01,LTC,-0.0225
2025-11-01,NEAR,-0.0284
2025-11-01,ONDO,0.0028
2025-11-01,PENGU,-0.005
2025-11-01,PUMP,0.0045
2025-11-01,SOL,-0.0054
2025-11-01,SUI,0.0216
2025-11-01,TAO,-0.0015
2025-11-01,UNI,-0.0028
2025-11-01,WLD,-0.0347
2025-11-01,XPL,0.0096
2025-11-01,XRP,0.0288
2025-11-01,ZRO,-0.0376
2025-11-01,kPEPE,0.0114
2025-11-02,AAVE,-0.0491
2025-11-02,ADA,-0.0052
2025-11-02,ARB,-0.0042
2025-11-02,AVAX,0.0028
2025-11-02,BCH,0.0149
2025-11-02,BNB,-0.0023
2025-11-02,BTC,0.0378
2025-11-02,CRV,0.0162
2025-11-02,DOGE,0.0049
2025-11-02,ENA,0.0126
2025-11-02,ETH,-0.0348
2025-11-02,FARTCOIN,-0.0336
2025-11-02,HYPE,0.0036
2025-11-02,JUP,0.0052
2025-11-02,LDO,-0.0092
2025-11-02,LINK,-0.0371
2025-11-02,LTC,-0.0012
2025-11-02,NEAR,0.0108
2025-11-02,ONDO,0.005
2025-11-02,PENGU,-0.0246
2025-11-02,PUMP,-0.0362
2025-11-02,SOL,-0.0169
2025-11-02,SUI,0.0025
2025-11-02,TAO,0.0035
2025-11-02,UNI,0.0083
2025-11-02,WLD,0.0065
2025-11-02,XPL,0.0215
2025-11-02,XRP,-0.0117
2025-11-02,ZRO,-0.0143
2025-11-02,kPEPE,-0.0164
2025-11-03,AAVE,0.0536
2025-11-03,ADA,-0.0453
2025-11-03,ARB,0.0252
2025-11-03,AVAX,0.037
2025-11-03,BCH,-0.1206
2025-11-03,BNB,-0.0744
2025-11-03,BTC,-0.2412
2025-11-03,CRV,-0.0049
2025-11-03,DOGE,-0.0306
2025-11-03,ENA,0.038
2025-11-03,ETH,-0.1025
2025-11-03,FARTCOIN,0.0765
2025-11-03,HYPE,-0.0202
2025-11-03,JUP,-0.008
2025-11-03,LDO,0.0312
2025-11-03,LINK,0.0404
2025-11-03,LTC,0.0376
2025-11-03,NEAR,-0.0155
2025-11-03,ONDO,0.0132
2025-11-03,PENGU,0.0685
2025-11-03,PUMP,0.0388
2025-11-03,SOL,-0.0112
2025-11-03,SUI,0.053
2025-11-03,TAO,0.0087
2025-11-03,UNI,0.0087
2025-11-03,WLD,0.0487
2025-11-03,XPL,-0.0293
2025-11-03,XRP,-0.0974
2025-11-03,ZRO,0.0207
2025-11-03,kPEPE,0.0674
2025-11-04,AAVE,0.0125
2025-11-04,ADA,0.0363
2025-11-04,ARB,-0.0249
2025-11-04,AVAX,-0.0036
2025-11-04,BCH,0.0455
2025-11-04,BNB,0.0521
2025-11-04,BTC,0.0439
2025-11-04,CRV,-0.0214
2025-11-04,DOGE,0.0039
2025-11-04,ENA,-0.016
2025-11-04,ETH,0.0625
2025-11-04,FARTCOIN,-0.0178
2025-11-04,HYPE,-0.0207
2025-11-04,JUP,0.0153
2025-11-04,LDO,-0.0466
2025-11-04,LINK,-0.0012
2025-11-04,LTC,-0.0093
2025-11-04,NEAR,0.0342
2025-11-04,ONDO,-0.02
2025-11-04,PENGU,0.0061
2025-11-04,PUMP,-0.0273
2025-11-04,SOL,0.0213
2025-11-04,SUI,0.0059
2025-11-04,TAO,0.0412
2025-11-04,UNI,-0.0547
2025-11-04,WLD,0.0141
2025-11-04,XPL,0.052
2025-11-04,XRP,0.042
2025-11-04,ZRO,-0.009
2025-11-04,kPEPE,-0.0493
2025-11-05,AAVE,-0.0224
2025-11-05,ADA,0.0067
2025-11-05,ARB,0.0037
2025-11-05,AVAX,-0.0193
2025-11-05,BCH,0.0711
2025-11-05,BNB,0.0165
2025-11-05,BTC,0.1487
2025-11-05,CRV,0.0261
2025-11-05,DOGE,0.0181
2025-11-05,ENA,-0.0181
2025-11-05,ETH,0.0647
2025-11-05,FARTCOIN,-0.0243
2025-11-05,HYPE,0.0334
2025-11-05,JUP,-0.0095
2025-11-05,LDO,0.0065
2025-11-05,LINK,0.0179
2025-11-05,LTC,0.0546
2025-11-05,NEAR,-0.0341
2025-11-05,ONDO,-0.0042
2025-11-05,PENGU,-0.0557
2025-11-05,PUMP,-0.0155
2025-11-05,SOL,0.0177
2025-11-05,SUI,-0.0081
2025-11-05,TAO,-0.0102
2025-11-05,UNI,0.0142
2025-11-05,WLD,-0.0456
2025-11-05,XPL,-0.057
2025-11-05,XRP,0.019
2025-11-05,ZRO,0.0176
2025-11-05,kPEPE,0.0302
2025-11-06,AAVE,-0.0287
2025-11-06,ADA,-0.0129
2025-11-06,ARB,-0.0121
2025-11-06,AVAX,0.0301
2025-11-06,BCH,-0.0073
2025-11-06,BNB,-0.048
2025-11-06,BTC,-0.0571
2025-11-06,CRV,0.0024
2025-11-06,DOGE,-0.0346
2025-11-06,ENA,0.0023
2025-11-06,ETH,-0.0345
2025-11-06,FARTCOIN,-0.025
2025-11-06,HYPE,-0.0072
2025-11-06,JUP,0.0094
2025-11-06,LDO,0.0096
2025-11-06,LINK,-0.0711
2025-11-06,LTC,-0.0758
2025-11-06,NEAR,-0.0531
2025-11-06,ONDO,0.011
2025-11-06,PENGU,0.0173
2025-11-06,PUMP,0.0098
2025-11-06,SOL,0.0023
2025-11-06,SUI,-0.0234
2025-11-06,TAO,-0.0055
2025-11-06,UNI,-0.0168
2025-11-06,WLD,0.014
2025-11-06,XPL,0.0707
2025-11-06,XRP,0.0229
2025-11-06,ZRO,-0.0267
2025-11-06,kPEPE,-0.0074
2025-11-07,AAVE,0.0407
2025-11-07,ADA,0.0157
2025-11-07,ARB,0.0175
2025-11-07,AVAX,-0.0354
2025-11-07,BCH,0.0145
2025-11-07,BNB,0.054
2025-11-07,BTC,0.0594
2025-11-07,CRV,-0.0213
2025-11-07,DOGE,0.0404
2025-11-07,ENA,0.0027
2025-11-07,ETH,0.0321
2025-11-07,FARTCOIN,-0.0145
2025-11-07,HYPE,0.0271
2025-11-07,JUP,-0.0032
2025-11-07,LDO,-0.0116
2025-11-07,LINK,0.0396
2025-11-07,LTC,0.0024
2025-11-07,NEAR,0.0242
2025-11-07,ONDO,-0.0083
2025-11-07,PENGU,-0.0416
2025-11-07,PUMP,-0.0075
2025-11-07,SOL,-0.0041
2025-11-07,SUI,-0.0234
2025-11-07,TAO,-0.0307
2025-11-07,UNI,0.0198
2025-11-07,WLD,-0.0241
2025-11-07,XPL,-0.0302
2025-11-07,XRP,0.0103
2025-11-07,ZRO,0.0238
2025-11-07,kPEPE,-0.0386
2025-11-08,AAVE,-0.0134
2025-11-08,ADA,0.0074
2025-11-08,ARB,-0.0162
2025-11-08,AVAX,0.0186
2025-11-08,BCH,-0.0364
2025-11-08,BNB,0.018
2025-11-08,BTC,0.0094
2025-11-08,CRV,-0.0002
2025-11-08,DOGE,-0.0086
2025-11-08,ETH,-0.0652
2025-11-08,FARTCOIN,-0.0002
2025-11-08,HYPE,0.0166
2025-11-08,JUP,0.0123
2025-11-08,LDO,0.0124
2025-11-08,LINK,0.0054
2025-11-08,LTC,-0.0228
2025-11-08,NEAR,-0.0126
2025-11-08,ONDO,-0.0125
2025-11-08,PENGU,0.036
2025-11-08,PUMP,0.0141
2025-11-08,SOL,0.0046
2025-11-08,SUI,-0.0218
2025-11-08,TAO,0.0247
2025-11-08,UNI,-0.0178
2025-11-08,WLD,0.005
2025-11-08,XPL,0.0044
2025-11-08,XRP,0.005
2025-11-08,ZRO,-0.0069
2025-11-09,AAVE,-0.0259
2025-11-09,ADA,0.0087
2025-11-09,ARB,0.0238
2025-11-09,AVAX,0.0037
2025-11-09,BCH,0.0169
2025-11-09,BNB,-0.0215
2025-11-09,BTC,0.0332
2025-11-09,CRV,0.0112
2025-11-09,DOGE,0.0228
2025-11-09,ENA,-0.0044
2025-11-09,ETH,0.0428
2025-11-09,FARTCOIN,0.0003
2025-11-09,HYPE,-0.0256
2025-11-09,JUP,-0.0053
2025-11-09,LDO,-0.0108
2025-11-09,LINK,-0.0005
2025-11-09,LTC,0.0054
2025-11-09,NEAR,0.0113
2025-11-09,ONDO,0.0033
2025-11-09,PENGU,-0.028
2025-11-09,PUMP,-0.0118
2025-11-09,SOL,-0.0259
2025-11-09,SUI,0.0225
2025-11-09,TAO,-0.0173
2025-11-09,UNI,0.0075
2025-11-09,WLD,-0.0057
2025-11-09,XPL,-0.0407
2025-11-09,XRP,0.0083
2025-11-09,ZRO,0.0228
2025-11-09,kPEPE,0.0149
2025-11-10,AAVE,-0.0065
2025-11-10,ADA,-0.0045
2025-11-10,ARB,-0.0001
2025-11-10,AVAX,0.0244
2025-11-10,BCH,0.0145
2025-11-10,BNB,0.0022
2025-11-10,BTC,-0.0035
2025-11-10,CRV,-0.0105
2025-11-10,DOGE,-0.0057
2025-11-10,ENA,0.0018
2025-11-10,ETH,0.0037
2025-11-10,FARTCOIN,-0.0026
2025-11-10,HYPE,0.0088
2025-11-10,JUP,0.0006
2025-11-10,LDO,0.0126
2025-11-10,LINK,0.0141
2025-11-10,LTC,0.0112
2025-11-10,NEAR,-0.0091
2025-11-10,ONDO,0.0004
2025-11-10,PENGU,-0.0181
2025-11-10,PUMP,0.0012
2025-11-10,SOL,0.013
2025-11-10,SUI,-0.0028
2025-11-10,TAO,-0.0025
2025-11-10,UNI,0.0154
2025-11-10,WLD,0.0049
2025-11-10,XPL,0.0016
2025-11-10,XRP,-0.0357
2025-11-10,kPEPE,0.0002
2025-11-11,AAVE,-0.0134
2025-11-11,ADA,-0.0302
2025-11-11,ARB,0.0001
2025-11-11,AVAX,-0.0174
2025-11-11,BCH,-0.0289
2025-11-11,BNB,0.0278
2025-11-11,BTC,-0.0887
2025-11-11,CRV,0.005
2025-11-11,DOGE,-0.0679
2025-11-11,ENA,0.0078
2025-11-11,ETH,0.0178
2025-11-11,FARTCOIN,0.0347
2025-11-11,HYPE,-0.0117
2025-11-11,JUP,-0.0132
2025-11-11,LDO,0.0027
2025-11-11,LINK,0.004
2025-11-11,LTC,-0.032
2025-11-11,NEAR,0.028
2025-11-11,ONDO,0.008
2025-11-11,PENGU,0.0099
2025-11-11,PUMP,0.0006
2025-11-11,SOL,0.0112
2025-11-11,SUI,0.0273
2025-11-11,TAO,-0.0031
2025-11-11,UNI,0.0011
2025-11-11,WLD,0.039
2025-11-11,XPL,0.0463
2025-11-11,XRP,-0.0461
2025-11-11,ZRO,0.0247
2025-11-11,kPEPE,0.0136
2025-11-12,AAVE,0.0113
2025-11-12,ADA,0.0453
2025-11-12,ARB,0.0121
2025-11-12,AVAX,0.0041
2025-11-12,BCH,-0.0432
2025-11-12,BNB,-0.0096
2025-11-12,BTC,-0.0121
2025-11-12,CRV,0.0128
2025-11-12,DOGE,0.0179
2025-11-12,ENA,-0.0224
2025-11-12,ETH,0.0063
2025-11-12,FARTCOIN,0.0054
2025-11-12,HYPE,-0.0063
2025-11-12,JUP,0.0139
2025-11-12,LDO,-0.0067
2025-11-12,LINK,-0.0169
2025-11-12,LTC,0.0062
2025-11-12,NEAR,-0.0267
2025-11-12,ONDO,0.0113
2025-11-12,PENGU,0.026
2025-11-12,PUMP,-0.002
2025-11-12,SOL,-0.0089
2025-11-12,SUI,-0.0048
2025-11-12,TAO,0.0234
2025-11-12,UNI,-0.0069
2025-11-12,WLD,-0.0137
2025-11-12,XPL,0.0046
2025-11-12,XRP,0.0185
2025-11-12,ZRO,-0.0573
2025-11-12,kPEPE,0.011
2025-11-13,AAVE,0.0185
2025-11-13,ADA,-0.0071
2025-11-13,ARB,0.0023
2025-11-13,AVAX,-0.0096
2025-11-13,BCH,-0.0202
2025-11-13,BNB,0.0102
2025-11-13,BTC,0.0068
2025-11-13,CRV,-0.033
2025-11-13,DOGE,0.0006
2025-11-13,ENA,0.0199
2025-11-13,ETH,-0.0171
2025-11-13,FARTCOIN,0.0138
2025-11-13,HYPE,-0.0025
2025-11-13,JUP,-0.0139
2025-11-13,LDO,-0.013
2025-11-13,LINK,0.0076
2025-11-13,LTC,-0.0045
2025-11-13,NEAR,0.0287
2025-11-13,ONDO,-0.0016
2025-11-13,PENGU,-0.0037
2025-11-13,PUMP,0.0083
2025-11-13,SOL,0.0042
2025-11-13,SUI,0.0017
2025-11-13,TAO,-0.0248
2025-11-13,UNI,0.0013
2025-11-13,WLD,-0.0166
2025-11-13,XPL,-0.0011
2025-11-13,XRP,0.02
2025-11-13,ZRO,-0.0024
2025-11-13,kPEPE,-0.0019
2025-11-14,AAVE,0.0288
2025-11-14,ADA,0.0011
2025-11-14,ARB,-0.033
2025-11-14,AVAX,0.0059
2025-11-14,BCH,0.0375
2025-11-14,BNB,-0.0542
2025-11-14,BTC,-0.024
2025-11-14,CRV,0.027
2025-11-14,DOGE,0.014
2025-11-14,ENA,0.0145
2025-11-14,ETH,-0.0834
2025-11-14,FARTCOIN,-0.034
2025-11-14,HYPE,-0.0174
2025-11-14,JUP,0.0132
2025-11-14,LDO,0.0062
2025-11-14,LINK,0.0074
2025-11-14,LTC,0.0021
2025-11-14,NEAR,-0.021
2025-11-14,ONDO,-0.0021
2025-11-14,PENGU,0.0192
2025-11-14,PUMP,0.0196
2025-11-14,SOL,-0.0105
2025-11-14,SUI,0.0166
2025-11-14,TAO,-0.0112
2025-11-14,UNI,-0.0013
2025-11-14,WLD,0.0396
2025-11-14,XPL,-0.0316
2025-11-14,XRP,-0.0761
2025-11-14,ZRO,0.0201
2025-11-14,kPEPE,-0.0025
2025-11-15,AAVE,-0.0053
2025-11-15,ADA,-0.0024
2025-11-15,ARB,0.0393
2025-11-15,AVAX,-0.0074
2025-11-15,BCH,0.0198
2025-11-15,BNB,0.0437
2025-11-15,BTC,0.0588
2025-11-15,CRV,-0.0053
2025-11-15,DOGE,0.0121
2025-11-15,ENA,-0.0311
2025-11-15,ETH,0.1007
2025-11-15,FARTCOIN,-0.0183
2025-11-15,HYPE,0.0107
2025-11-15,JUP,-0.0196
2025-11-15,LDO,0.0183
2025-11-15,LINK,-0.019
2025-11-15,LTC,0.0096
2025-11-15,NEAR,-0.0075
2025-11-15,ONDO,0.0098
2025-11-15,PENGU,-0.0386
2025-11-15,PUMP,-0.0259
2025-11-15,SOL,0.0127
2025-11-15,SUI,-0.0157
2025-11-15,TAO,0.0225
2025-11-15,UNI,0.001
2025-11-15,WLD,-0.0342
2025-11-15,XPL,-0.0139
2025-11-15,XRP,0.0415
2025-11-15,ZRO,0.033
2025-11-15,kPEPE,-0.0204
2025-11-16,AAVE,0.0347
2025-11-16,ADA,0.0071
2025-11-16,ARB,-0.0364
2025-11-16,AVAX,0.0003
2025-11-16,BCH,0.025
2025-11-16,BNB,-0.0567
2025-11-16,BTC,-0.0859
2025-11-16,CRV,0.0142
2025-11-16,DOGE,-0.0206
2025-11-16,ENA,-0.0079
2025-11-16,ETH,-0.0958
2025-11-16,FARTCOIN,0.0008
2025-11-16,HYPE,-0.0079
2025-11-16,JUP,0.0331
2025-11-16,LDO,-0.0003
2025-11-16,LINK,0.0083
2025-11-16,LTC,-0.0208
2025-11-16,NEAR,0.0073
2025-11-16,ONDO,0.0165
2025-11-16,PENGU,0.0237
2025-11-16,PUMP,0.0145
2025-11-16,SOL,-0.0182
2025-11-16,SUI,0.0016
2025-11-16,TAO,0.0167
2025-11-16,UNI,0.0023
2025-11-16,WLD,0.0345
2025-11-16,XPL,-0.0058
2025-11-16,XRP,-0.0205
2025-11-16,ZRO,-0.0068
2025-11-16,kPEPE,0.0071
2025-11-17,AAVE,-0.0794
2025-11-17,ADA,-0.0185
2025-11-17,ARB,0.034
2025-11-17,AVAX,-0.0141
2025-11-17,BCH,-0.0404
2025-11-17,BNB,0.0147
2025-11-17,BTC,-0.0595
2025-11-17,DOGE,0.0084
2025-11-17,ENA,0.003
2025-11-17,ETH,0.0005
2025-11-17,FARTCOIN,0.0062
2025-11-17,HYPE,0.0289
2025-11-17,JUP,-0.0042
2025-11-17,LDO,0.0003
2025-11-17,LINK,0.0031
2025-11-17,LTC,0.0285
2025-11-17,NEAR,-0.0058
2025-11-17,ONDO,-0.0161
2025-11-17,PENGU,-0.015
2025-11-17,PUMP,0.0655
2025-11-17,SOL,0.022
2025-11-17,SUI,0.0138
2025-11-17,TAO,-0.0227
2025-11-17,UNI,-0.0029
2025-11-17,WLD,-0.0008
2025-11-17,XPL,0.0006
2025-11-17,XRP,-0.0125
2025-11-17,ZRO,-0.0226
2025-11-17,kPEPE,0.013
2025-11-18,AAVE,0.0071
2025-11-18,ADA,0.0125
2025-11-18,ARB,-0.021
2025-11-18,AVAX,0.0046
2025-11-18,BCH,0.0383
2025-11-18,BNB,0.0622
2025-11-18,BTC,0.1662
2025-11-18,CRV,-0.014
2025-11-18,DOGE,0.0282
2025-11-18,ENA,0.0044
2025-11-18,ETH,0.0802
2025-11-18,FARTCOIN,-0.0045
2025-11-18,HYPE,-0.0089
2025-11-18,JUP,-0.0227
2025-11-18,LDO,-0.0156
2025-11-18,LINK,0.0074
2025-11-18,LTC,0.0158
2025-11-18,NEAR,0.001
2025-11-18,ONDO,-0.0154
2025-11-18,PENGU,-0.003
2025-11-18,PUMP,-0.0449
2025-11-18,SOL,-0.0593
2025-11-18,SUI,-0.0368
2025-11-18,TAO,-0.011
2025-11-18,UNI,0.001
2025-11-18,WLD,-0.0443
2025-11-18,XPL,0.007
2025-11-18,XRP,0.0578
2025-11-18,ZRO,0.0461
2025-11-18,kPEPE,-0.0139
2025-11-19,AAVE,0.0107
2025-11-19,ADA,0.0078
2025-11-19,ARB,0.0027
2025-11-19,AVAX,0.0261
2025-11-19,BCH,-0.0593
2025-11-19,BNB,-0.0174
2025-11-19,BTC,-0.1104
2025-11-19,CRV,-0.0155
2025-11-19,DOGE,-0.0045
2025-11-19,ENA,-0.0042
2025-11-19,ETH,-0.0565
2025-11-19,FARTCOIN,-0.0029
2025-11-19,HYPE,-0.0039
2025-11-19,JUP,0.0004
2025-11-19,LDO,0.0242
2025-11-19,LINK,0.012
2025-11-19,LTC,0.011
2025-11-19,NEAR,0.0009
2025-11-19,ONDO,0.0123
2025-11-19,PENGU,0.015
2025-11-19,PUMP,-0.0012
2025-11-19,SOL,0.0422
2025-11-19,SUI,0.0117
2025-11-19,TAO,0.0102
2025-11-19,UNI,-0.0012
2025-11-19,WLD,0.0218
2025-11-19,XPL,0.0008
2025-11-19,XRP,-0.0536
2025-11-19,ZRO,0.0131
2025-11-19,kPEPE,-0.0026
2025-11-20,AAVE,-0.0001
2025-11-20,ADA,-0.0029
2025-11-20,ARB,0.0275
2025-11-20,AVAX,-0.0787
2025-11-20,BCH,0.0159
2025-11-20,BNB,-0.0391
2025-11-20,BTC,0.0782
2025-11-20,CRV,0.0475
2025-11-20,DOGE,-0.0238
2025-11-20,ENA,0.009
2025-11-20,ETH,-0.0002
2025-11-20,FARTCOIN,-0.0044
2025-11-20,HYPE,-0.0141
2025-11-20,JUP,0.0069
2025-11-20,LDO,-0.0085
2025-11-20,LINK,-0.0086
2025-11-20,LTC,-0.0048
2025-11-20,NEAR,0.0339
2025-11-20,ONDO,0.0189
2025-11-20,PENGU,0.0217
2025-11-20,PUMP,-0.0229
2025-11-20,SOL,-0.0779
2025-11-20,SUI,0.0072
2025-11-20,TAO,-0.0009
2025-11-20,UNI,0.0033
2025-11-20,WLD,-0.0167
2025-11-20,XPL,-0.0051
2025-11-20,XRP,0.0043
2025-11-20,ZRO,-0.0028
2025-11-20,kPEPE,0.0272
2025-11-21,AAVE,-0.0139
2025-11-21,ADA,-0.0159
2025-11-21,ARB,0.0129
2025-11-21,AVAX,-0.0116
2025-11-21,BCH,0.0439
2025-11-21,BNB,-0.068
2025-11-21,BTC,-0.1286
2025-11-21,CRV,-0.0097
2025-11-21,DOGE,0.0111
2025-11-21,ENA,0.0036
2025-11-21,ETH,-0.0266
2025-11-21,FARTCOIN,0.0415
2025-11-21,HYPE,0.0031
2025-11-21,JUP,-0.0071
2025-11-21,LDO,0.0295
2025-11-21,LINK,-0.0326
2025-11-21,LTC,-0.0125
2025-11-21,NEAR,0.019
2025-11-21,ONDO,-0.0037
2025-11-21,PENGU,-0.0082
2025-11-21,PUMP,0.0058
2025-11-21,SOL,0.0188
2025-11-21,SUI,-0.0091
2025-11-21,TAO,0.0388
2025-11-21,UNI,-0.0023
2025-11-21,WLD,0.0292
2025-11-21,XPL,0.0179
2025-11-21,XRP,-0.0149
2025-11-21,ZRO,-0.0244
2025-11-21,kPEPE,-0.0216
2025-11-22,AAVE,-0.0189
2025-11-22,ADA,0.0132
2025-11-22,ARB,-0.0041
2025-11-22,AVAX,0.0351
2025-11-22,BCH,-0.059
2025-11-22,BNB,0.0174
2025-11-22,BTC,0.036
2025-11-22,CRV,0.0176
2025-11-22,DOGE,0.0165
2025-11-22,ENA,0.0182
2025-11-22,ETH,0.0473
2025-11-22,FARTCOIN,-0.0013
2025-11-22,HYPE,0.0051
2025-11-22,JUP,0.034
2025-11-22,LDO,-0.0572
2025-11-22,LINK,0.0196
2025-11-22,LTC,0.0061
2025-11-22,NEAR,0.0076
2025-11-22,ONDO,-0.0013
2025-11-22,PENGU,-0.0015
2025-11-22,PUMP,0.0073
2025-11-22,SOL,-0.0016
2025-11-22,SUI,0.0259
2025-11-22,TAO,0.0007
2025-11-22,UNI,0.006
2025-11-22,WLD,-0.051
2025-11-22,XPL,-0.0131
2025-11-22,XRP,0.0045
2025-11-22,ZRO,-0.0316
2025-11-22,kPEPE,0.0008
2025-11-23,AAVE,0.0125
2025-11-23,ADA,-0.0002
2025-11-23,ARB,-0.0243
2025-11-23,AVAX,0.0306
2025-11-23,BCH,-0.0316
2025-11-23,BNB,0.0968
2025-11-23,BTC,0.0302
2025-11-23,CRV,-0.046
2025-11-23,DOGE,-0.022
2025-11-23,ENA,-0.0062
2025-11-23,ETH,0.0091
2025-11-23,FARTCOIN,-0.0015
2025-11-23,HYPE,-0.0141
2025-11-23,JUP,0.0192
2025-11-23,LDO,0.0334
2025-11-23,LINK,0.0131
2025-11-23,LTC,-0.0106
2025-11-23,NEAR,-0.0492
2025-11-23,ONDO,-0.029
2025-11-23,PUMP,-0.0113
2025-11-23,SOL,0.0384
2025-11-23,SUI,-0.0068
2025-11-23,TAO,-0.0458
2025-11-23,UNI,-0.0048
2025-11-23,WLD,0.0219
2025-11-23,XRP,0.0261
2025-11-23,ZRO,0.0394
2025-11-23,kPEPE,0.0199
2025-11-24,AAVE,0.0046
2025-11-24,ADA,0.0036
2025-11-24,ARB,-0.0035
2025-11-24,AVAX,0.004
2025-11-24,BCH,0.0489
2025-11-24,BNB,-0.0039
2025-11-24,BTC,0.1001
2025-11-24,CRV,0.004
2025-11-24,DOGE,0.0177
2025-11-24,ENA,-0.0364
2025-11-24,ETH,0.0312
2025-11-24,FARTCOIN,-0.0334
2025-11-24,HYPE,0.039
2025-11-24,JUP,-0.0054
2025-11-24,LDO,-0.018
2025-11-24,LINK,0.0056
2025-11-24,LTC,0.0238
2025-11-24,NEAR,-0.0033
2025-11-24,ONDO,-0.0012
2025-11-24,PENGU,-0.0435
2025-11-24,PUMP,-0.0153
2025-11-24,SOL,0.0226
2025-11-24,SUI,-0.0491
2025-11-24,TAO,0.025
2025-11-24,UNI,0.0056
2025-11-24,WLD,-0.0025
2025-11-24,XPL,0.0084
2025-11-24,XRP,-0.0167
2025-11-24,ZRO,-0.0014
2025-11-24,kPEPE,-0.0483
2025-11-25,AAVE,0.0079
2025-11-25,ADA,-0.0161
2025-11-25,ARB,0.0029
2025-11-25,AVAX,-0.0027
2025-11-25,BCH,0.008
2025-11-25,BNB,0.0097
2025-11-25,BTC,0.0037
2025-11-25,CRV,0.0049
2025-11-25,DOGE,0.0174
2025-11-25,ENA,-0.0029
2025-11-25,ETH,-0.0189
2025-11-25,HYPE,-0.0195
2025-11-25,JUP,-0.0001
2025-11-25,LDO,-0.0002
2025-11-25,LINK,-0.0014
2025-11-25,LTC,-0.0087
2025-11-25,NEAR,-0.0019
2025-11-25,ONDO,0.007
2025-11-25,PENGU,0.0108
2025-11-25,PUMP,0.0079
2025-11-25,SOL,0.0249
2025-11-25,SUI,-0.0062
2025-11-25,TAO,-0.0316
2025-11-25,WLD,0.0052
2025-11-25,XPL,-0.0123
2025-11-25,XRP,0.0381
2025-11-25,ZRO,-0.0204
2025-11-25,kPEPE,0.0237
2025-11-26,AAVE,-0.011
2025-11-26,ADA,-0.001
2025-11-26,ARB,-0.0112
2025-11-26,AVAX,-0.0135
2025-11-26,BCH,0.0214
2025-11-26,BNB,0.011
2025-11-26,BTC,0.021
2025-11-26,CRV,-0.0079
2025-11-26,DOGE,-0.0018
2025-11-26,ENA,0.0194
2025-11-26,ETH,0.0016
2025-11-26,FARTCOIN,0.001
2025-11-26,HYPE,-0.0211
2025-11-26,JUP,-0.0076
2025-11-26,LDO,0.0052
2025-11-26,LINK,-0.0059
2025-11-26,LTC,0.0058
2025-11-26,NEAR,-0.0038
2025-11-26,ONDO,-0.0069
2025-11-26,PENGU,0.0028
2025-11-26,PUMP,-0.0091
2025-11-26,SOL,-0.0083
2025-11-26,TAO,0.021
2025-11-26,UNI,0.0016
2025-11-26,WLD,0.0027
2025-11-26,XPL,0.0045
2025-11-26,XRP,0.0228
2025-11-26,ZRO,0.0136
2025-11-26,kPEPE,-0.0177
2025-11-27,AAVE,-0.0053
2025-11-27,ADA,0.0114
2025-11-27,ARB,-0.0139
2025-11-27,AVAX,-0.0142
2025-11-27,BCH,-0.0112
2025-11-27,BNB,0.0002
2025-11-27,BTC,0.0014
2025-11-27,CRV,-0.0054
2025-11-27,ENA,-0.0196
2025-11-27,ETH,0.0087
2025-11-27,HYPE,0.0343
2025-11-27,JUP,-0.0004
2025-11-27,LDO,-0.0051
2025-11-27,LINK,-0.0002
2025-11-27,LTC,0.0087
2025-11-27,NEAR,0.0113
2025-11-27,ONDO,-0.0434
2025-11-27,PENGU,0.0054
2025-11-27,PUMP,0.0057
2025-11-27,SOL,-0.0077
2025-11-27,SUI,0.0246
2025-11-27,TAO,0.0027
2025-11-27,UNI,0.0081
2025-11-27,WLD,0.0079
2025-11-27,XPL,-0.0046
2025-11-27,XRP,-0.0154
2025-11-27,ZRO,-0.0103
2025-11-27,kPEPE,0.0059
2025-11-28,AAVE,0.0078
2025-11-28,ADA,-0.0387
2025-11-28,ARB,0.0082
2025-11-28,AVAX,0.0089
2025-11-28,BCH,0.0147
2025-11-28,BNB,0.0046
2025-11-28,BTC,-0.0034
2025-11-28,CRV,0.0022
2025-11-28,DOGE,0.0005
2025-11-28,ENA,0.0306
2025-11-28,ETH,0.0141
2025-11-28,FARTCOIN,-0.0007
2025-11-28,HYPE,-0.0127
2025-11-28,JUP,-0.0029
2025-11-28,LDO,0.0075
2025-11-28,LINK,-0.0031
2025-11-28,LTC,-0.0411
2025-11-28,NEAR,-0.0021
2025-11-28,ONDO,0.0469
2025-11-28,PENGU,0.0002
2025-11-28,PUMP,-0.0073
2025-11-28,SOL,-0.0105
2025-11-28,SUI,-0.0059
2025-11-28,TAO,-0.0218
2025-11-28,UNI,-0.0132
2025-11-28,WLD,0.011
2025-11-28,XPL,0.0011
2025-11-28,XRP,-0.0076
2025-11-28,ZRO,0.007
2025-11-29,AAVE,0.0114
2025-11-29,ADA,0.0241
2025-11-29,ARB,-0.0088
2025-11-29,AVAX,0.017
2025-11-29,BCH,-0.0257
2025-11-29,BNB,-0.0038
2025-11-29,BTC,-0.0284
2025-11-29,CRV,0.0137
2025-11-29,DOGE,0.0037
2025-11-29,ENA,-0.0211
2025-11-29,ETH,-0.0053
2025-11-29,FARTCOIN,-0.0005
2025-11-29,HYPE,-0.0062
2025-11-29,JUP,0.0111
2025-11-29,LDO,0.0052
2025-11-29,LINK,0.0084
2025-11-29,LTC,-0.0028
2025-11-29,NEAR,0.0152
2025-11-29,ONDO,0.0034
2025-11-29,PENGU,0.0061
2025-11-29,PUMP,-0.001
2025-11-29,SOL,-0.0352
2025-11-29,SUI,0.0002
2025-11-29,TAO,0.0002
2025-11-29,UNI,0.0001
2025-11-29,XRP,-0.0114
2025-11-29,ZRO,-0.0136
2025-11-29,kPEPE,-0.003
2025-11-30,ADA,-0.0083
2025-11-30,ARB,0.0231
2025-11-30,AVAX,0.01
2025-11-30,BCH,0.0063
2025-11-30,BNB,-0.0096
2025-11-30,BTC,0.026
2025-11-30,CRV,0.0112
2025-11-30,DOGE,-0.0005
2025-11-30,ENA,0.0183
2025-11-30,ETH,-0.0202
2025-11-30,FARTCOIN,0.0004
2025-11-30,HYPE,-0.0082
2025-11-30,JUP,-0.0043
2025-11-30,LDO,0.0054
2025-11-30,LINK,-0.0171
2025-11-30,LTC,0.022
2025-11-30,NEAR,-0.0168
2025-11-30,ONDO,-0.0104
2025-11-30,PENGU,-0.0146
2025-11-30,PUMP,0.0003
2025-11-30,SOL,0.0382
2025-11-30,SUI,-0.0287
2025-11-30,TAO,0.0232
2025-11-30,UNI,0.0003
2025-11-30,WLD,-0.0057
2025-11-30,XPL,0.0097
2025-11-30,XRP,0.0227
2025-11-30,ZEC,-0.0143
2025-11-30,ZRO,-0.0299
2025-11-30,kPEPE,-0.0298
2025-12-01,AAVE,-0.0278
2025-12-01,ADA,0.0186
2025-12-01,ARB,0.0201
2025-12-01,AVAX,0.0165
2025-12-01,BCH,-0.0237
2025-12-01,BNB,-0.0628
2025-12-01,BTC,-0.081
2025-12-01,CRV,0.0127
2025-12-01,DOGE,-0.0079
2025-12-01,ENA,0.0021
2025-12-01,ETH,-0.0316
2025-12-01,FARTCOIN,-0.0031
2025-12-01,HYPE,-0.0076
2025-12-01,JUP,0.0107
2025-12-01,LINK,0.0248
2025-12-01,LTC,-0.0132
2025-12-01,NEAR,-0.0016
2025-12-01,ONDO,-0.0096
2025-12-01,PENGU,0.0348
2025-12-01,PUMP,-0.0014
2025-12-01,SOL,-0.0156
2025-12-01,SUI,0.0156
2025-12-01,TAO,-0.008
2025-12-01,UNI,0.0029
2025-12-01,WLD,0.0061
2025-12-01,XPL,-0.0026
2025-12-01,XRP,-0.0535
2025-12-01,ZEC,0.0772
2025-12-01,ZRO,0.0041
2025-12-01,kPEPE,0.0068
2025-12-02,AAVE,0.0088
2025-12-02,ADA,-0.0291
2025-12-02,ARB,-0.0348
2025-12-02,AVAX,-0.0128
2025-12-02,BCH,0.0343
2025-12-02,BNB,0.0662
2025-12-02,BTC,0.0666
2025-12-02,CRV,-0.0216
2025-12-02,DOGE,-0.0067
2025-12-02,ENA,-0.0083
2025-12-02,ETH,0.0512
2025-12-02,FARTCOIN,0.0005
2025-12-02,HYPE,0.0378
2025-12-02,JUP,-0.0133
2025-12-02,LINK,-0.037
2025-12-02,LTC,0.026
2025-12-02,NEAR,-0.0035
2025-12-02,ONDO,0.0032
2025-12-02,PENGU,-0.0623
2025-12-02,PUMP,0.0066
2025-12-02,SOL,0.0026
2025-12-02,SUI,-0.0283
2025-12-02,TAO,0.0248
2025-12-02,UNI,0.002
2025-12-02,WLD,-0.0249
2025-12-02,XPL,-0.0019
2025-12-02,XRP,0.0779
2025-12-02,ZEC,-0.0071
2025-12-02,ZRO,0.0097
2025-12-02,kPEPE,0.0057
2025-12-03,AAVE,0.0174
2025-12-03,ADA,0.0128
2025-12-03,ARB,0.0184
2025-12-03,AVAX,-0.0082
2025-12-03,BCH,-0.013
2025-12-03,BNB,0.0014
2025-12-03,BTC,0.008
2025-12-03,CRV,0.0032
2025-12-03,DOGE,0.0105
2025-12-03,ENA,-0.0159
2025-12-03,ETH,0.0014
2025-12-03,FARTCOIN,-0.0011
2025-12-03,HYPE,-0.0123
2025-12-03,JUP,0.0006
2025-12-03,LINK,0.0061
2025-12-03,LTC,0.0073
2025-12-03,NEAR,0.0003
2025-12-03,ONDO,0.0073
2025-12-03,PENGU,0.0024
2025-12-03,PUMP,0.0046
2025-12-03,SOL,0.0225
2025-12-03,SUI,0.0134
2025-12-03,TAO,-0.0168
2025-12-03,UNI,-0.0031
2025-12-03,WLD,0.0091
2025-12-03,XPL,0.0057
2025-12-03,XRP,0.0088
2025-12-03,ZEC,-0.0386
2025-12-03,ZRO,0.0127
2025-12-03,kPEPE,0.0023
2025-12-04,AAVE,0.0063
2025-12-04,ADA,-0.0035
2025-12-04,ARB,0.0059
2025-12-04,AVAX,0.0015
2025-12-04,BCH,0.0211
2025-12-04,BNB,-0.0022
2025-12-04,BTC,0.0031
2025-12-04,CRV,0.0116
2025-12-04,DOGE,0.0012
2025-12-04,ENA,0.0142
2025-12-04,ETH,0.0091
2025-12-04,FARTCOIN,0.0007
2025-12-04,HYPE,-0.0238
2025-12-04,JUP,-0.0046
2025-12-04,LINK,-0.0073
2025-12-04,LTC,-0.0036
2025-12-04,NEAR,0.0081
2025-12-04,ONDO,-0.0142
2025-12-04,PENGU,0.0095
2025-12-04,PUMP,-0.0037
2025-12-04,SOL,-0.0072
2025-12-04,SUI,-0.0101
2025-12-04,TAO,0.0133
2025-12-04,UNI,0.0105
2025-12-04,WLD,-0.0122
2025-12-04,XPL,-0.0102
2025-12-04,XRP,-0.0188
2025-12-04,ZEC,-0.0369
2025-12-04,ZRO,0.0033
2025-12-04,kPEPE,-0.0026
2025-12-05,AAVE,0.0061
2025-12-05,ADA,0.0165
2025-12-05,ARB,0.0094
2025-12-05,AVAX,-0.0066
2025-12-05,BCH,-0.0073
2025-12-05,BNB,0.0037
2025-12-05,BTC,-0.0028
2025-12-05,CRV,0.0086
2025-12-05,DOGE,-0.0062
2025-12-05,ENA,0.0216
2025-12-05,ETH,-0.0059
2025-12-05,FARTCOIN,0.0017
2025-12-05,HYPE,0.0211
2025-12-05,JUP,-0.0316
2025-12-05,LINK,-0.0074
2025-12-05,LTC,-0.0113
2025-12-05,NEAR,-0.0039
2025-12-05,PENGU,-0.0092
2025-12-05,PUMP,0.0121
2025-12-05,SOL,0.0044
2025-12-05,SUI,0.0131
2025-12-05,TAO,0.0104
2025-12-05,UNI,-0.0117
2025-12-05,WLD,0.018
2025-12-05,XPL,-0.0038
2025-12-05,XRP,-0.0608
2025-12-05,ZEC,-0.0017
2025-12-05,ZRO,-0.0299
2025-12-05,kPEPE,0.012
2025-12-06,AAVE,-0.0032
2025-12-06,ADA,-0.0054
2025-12-06,ARB,-0.0248
2025-12-06,AVAX,0.0036
2025-12-06,BCH,0.0071
2025-12-06,BNB,-0.0089
2025-12-06,BTC,-0.0021
2025-12-06,CRV,-0.0114
2025-12-06,DOGE,0.004
2025-12-06,ENA,-0.0162
2025-12-06,ETH,0.0029
2025-12-06,FARTCOIN,-0.0019
2025-12-06,HYPE,0.0058
2025-12-06,JUP,0.0157
2025-12-06,LINK,0.009
2025-12-06,LTC,0.0098
2025-12-06,NEAR,0.0018
2025-12-06,ONDO,0.0207
2025-12-06,PENGU,0.0024
2025-12-06,PUMP,-0.0191
2025-12-06,SOL,-0.0072
2025-12-06,SUI,-0.0026
2025-12-06,TAO,-0.0346
2025-12-06,UNI,0.0034
2025-12-06,WLD,-0.0029
2025-12-06,XPL,-0.0011
2025-12-06,XRP,0.0586
2025-12-06,ZEC,0.0026
2025-12-06,ZRO,0.0232
2025-12-06,kPEPE,-0.0143
2025-12-07,AAVE,-0.0177
2025-12-07,ADA,-0.0266
2025-12-07,ARB,0.0231
2025-12-07,AVAX,0.0032
2025-12-07,BCH,-0.0217
2025-12-07,BNB,0.004
2025-12-07,BTC,-0.0031
2025-12-07,CRV,0.0225
2025-12-07,DOGE,0.007
2025-12-07,ENA,-0.0228
2025-12-07,ETH,-0.0461
2025-12-07,FARTCOIN,0.0043
2025-12-07,HYPE,-0.009
2025-12-07,JUP,-0.0086
2025-12-07,LDO,-0.0119
2025-12-07,LINK,-0.0032
2025-12-07,LTC,0.0394
2025-12-07,NEAR,0.0175
2025-12-07,ONDO,-0.0207
2025-12-07,PENGU,0.0099
2025-12-07,PUMP,0.017
2025-12-07,SOL,0.0133
2025-12-07,SUI,-0.0168
2025-12-07,TAO,0.0205
2025-12-07,UNI,-0.0008
2025-12-07,WLD,0.0285
2025-12-07,XPL,-0.0054
2025-12-07,XRP,-0.023
2025-12-07,ZEC,0.0014
2025-12-07,ZRO,-0.0032
2025-12-07,kPEPE,0.0142
2025-12-08,AAVE,0.0121
2025-12-08,ADA,0.0137
2025-12-08,ARB,-0.0167
2025-12-08,AVAX,-0.0003
2025-12-08,BCH,-0.0205
2025-12-08,BNB,-0.0006
2025-12-08,BTC,-0.0006
2025-12-08,CRV,-0.0128
2025-12-08,DOGE,0.0012
2025-12-08,ENA,0.0311
2025-12-08,ETH,0.0399
2025-12-08,FARTCOIN,-0.0016
2025-12-08,HYPE,0.003
2025-12-08,JUP,0.0177
2025-12-08,LDO,-0.0084
2025-12-08,LINK,0.0139
2025-12-08,LTC,-0.009
2025-12-08,NEAR,-0.0142
2025-12-08,PENGU,-0.0065
2025-12-08,PUMP,-0.0127
2025-12-08,SOL,-0.0019
2025-12-08,SUI,0.0126
2025-12-08,TAO,0.0064
2025-12-08,UNI,0.0064
2025-12-08,WLD,-0.0443
2025-12-08,XPL,0.0023
2025-12-08,XRP,0.0282
2025-12-08,ZEC,-0.0032
2025-12-08,ZRO,0.0099
2025-12-08,kPEPE,-0.0245
2025-12-09,AAVE,-0.0121
2025-12-09,ADA,-0.0199
2025-12-09,ARB,0.0063
2025-12-09,AVAX,-0.015
2025-12-09,BCH,0.0481
2025-12-09,BNB,-0.0008
2025-12-09,BTC,0.0081
2025-12-09,CRV,-0.0216
2025-12-09,DOGE,0.0023
2025-12-09,ETH,-0.0162
2025-12-09,FARTCOIN,-0.0023
2025-12-09,HYPE,0.0059
2025-12-09,JUP,-0.0035
2025-12-09,LDO,-0.0058
2025-12-09,LINK,0.0195
2025-12-09,LTC,0.0117
2025-12-09,NEAR,0.0115
2025-12-09,PENGU,-0.0016
2025-12-09,PUMP,0.012
2025-12-09,SOL,0.009
2025-12-09,SUI,0.0122
2025-12-09,TAO,-0.0031
2025-12-09,UNI,-0.0068
2025-12-09,WLD,-0.0133
2025-12-09,XPL,-0.0107
2025-12-09,XRP,0.0012
2025-12-09,ZEC,0.0013
2025-12-09,ZRO,0.0164
2025-12-09,kPEPE,0.0139
2025-12-10,AAVE,0.0211
2025-12-10,ADA,0.0032
2025-12-10,ARB,-0.0006
2025-12-10,AVAX,0.0193
2025-12-10,BCH,0.0007
2025-12-10,BNB,-0.0096
2025-12-10,BTC,-0.0096
2025-12-10,CRV,0.0061
2025-12-10,DOGE,-0.0064
2025-12-10,ENA,-0.0145
2025-12-10,ETH,-0.0815
2025-12-10,FARTCOIN,0.0078
2025-12-10,HYPE,-0.0256
2025-12-10,JUP,-0.0081
2025-12-10,LDO,0.0008
2025-12-10,LINK,0.0088
2025-12-10,LTC,0.0077
2025-12-10,NEAR,0.0145
2025-12-10,ONDO,-0.0137
2025-12-10,PENGU,-0.005
2025-12-10,PUMP,0.0067
2025-12-10,SOL,-0.0203
2025-12-10,SUI,0.017
2025-12-10,TAO,0.009
2025-12-10,UNI,0.0008
2025-12-10,WLD,-0.0147
2025-12-10,XPL,0.0394
2025-12-10,XRP,-0.0373
2025-12-10,ZEC,0.0076
2025-12-10,ZRO,-0.0197
2025-12-10,kPEPE,0.0038
2025-12-11,AAVE,-0.0336
2025-12-11,ADA,-0.0371
2025-12-11,ARB,0.01
2025-12-11,AVAX,-0.034
2025-12-11,BCH,-0.0011
2025-12-11,BNB,0.0044
2025-12-11,BTC,-0.0132
2025-12-11,CRV,0.0263
2025-12-11,DOGE,-0.0043
2025-12-11,ENA,-0.0075
2025-12-11,ETH,0.0121
2025-12-11,FARTCOIN,-0.0055
2025-12-11,HYPE,0.0032
2025-12-11,JUP,-0.0104
2025-12-11,LDO,0.0224
2025-12-11,LINK,-0.0251
2025-12-11,LTC,-0.018
2025-12-11,NEAR,-0.0378
2025-12-11,ONDO,0.0341
2025-12-11,PENGU,0.0346
2025-12-11,PUMP,-0.0021
2025-12-11,SOL,-0.0033
2025-12-11,SUI,-0.0187
2025-12-11,TAO,-0.0339
2025-12-11,UNI,0.022
2025-12-11,WLD,0.0348
2025-12-11,XPL,-0.0172
2025-12-11,XRP,0.0609
2025-12-11,ZEC,-0.0085
2025-12-11,kPEPE,0.0105
2025-12-12,AAVE,0.0245
2025-12-12,ADA,0.0341
2025-12-12,ARB,-0.0091
2025-12-12,AVAX,0.0165
2025-12-12,BCH,0.0007
2025-12-12,BNB,-0.0012
2025-12-12,BTC,0.0025
2025-12-12,CRV,-0.0196
2025-12-12,DOGE,0.0041
2025-12-12,ENA,0.005
2025-12-12,ETH,-0.0084
2025-12-12,FARTCOIN,-0.0005
2025-12-12,HYPE,-0.0034
2025-12-12,JUP,-0.0214
2025-12-12,LDO,-0.029
2025-12-12,LINK,0.0102
2025-12-12,LTC,-0.0075
2025-12-12,NEAR,-0.0003
2025-12-12,ONDO,0.014
2025-12-12,PENGU,-0.0081
2025-12-12,PUMP,-0.0131
2025-12-12,SOL,0.0114
2025-12-12,SUI,0.0046
2025-12-12,TAO,0.0216
2025-12-12,UNI,0.011
2025-12-12,XPL,-0.0025
2025-12-12,XRP,-0.0207
2025-12-12,ZEC,-0.001
2025-12-12,kPEPE,-0.0103
2025-12-13,AAVE,-0.0089
2025-12-13,ADA,-0.0093
2025-12-13,ARB,-0.0066
2025-12-13,AVAX,-0.0211
2025-12-13,BCH,-0.0164
2025-12-13,BNB,0.0056
2025-12-13,BTC,0.0058
2025-12-13,CRV,0.0134
2025-12-13,DOGE,0.0023
2025-12-13,ENA,-0.0026
2025-12-13,ETH,0.0513
2025-12-13,HYPE,0.0035
2025-12-13,JUP,0.0212
2025-12-13,LDO,0.0089
2025-12-13,LINK,0.0037
2025-12-13,LTC,-0.0085
2025-12-13,NEAR,0.009
2025-12-13,ONDO,-0.0069
2025-12-13,PENGU,-0.0184
2025-12-13,PUMP,0.0151
2025-12-13,SOL,0.0054
2025-12-13,WLD,-0.019
2025-12-13,XPL,-0.0193
2025-12-13,XRP,0.0239
2025-12-13,ZEC,0.0001
2025-12-13,kPEPE,0.0025
2025-12-14,AAVE,0.0311
2025-12-14,ADA,0.0126
2025-12-14,ARB,0.0221
2025-12-14,AVAX,0.018
2025-12-14,BCH,0.0101
2025-12-14,BNB,-0.0472
2025-12-14,BTC,0.0016
2025-12-14,CRV,-0.0302
2025-12-14,DOGE,0.0086
2025-12-14,ENA,0.0125
2025-12-14,ETH,-0.0465
2025-12-14,FARTCOIN,-0.0025
2025-12-14,HYPE,-0.0054
2025-12-14,JUP,0.0125
2025-12-14,LDO,-0.0055
2025-12-14,LINK,0.003
2025-12-14,LTC,0.0012
2025-12-14,NEAR,0.0088
2025-12-14,ONDO,0.0072
2025-12-14,PENGU,-0.0015
2025-12-14,PUMP,-0.0064
2025-12-14,SOL,-0.0038
2025-12-14,SUI,-0.0072
2025-12-14,UNI,-0.0634
2025-12-14,WLD,0.019
2025-12-14,XPL,0.014
2025-12-14,XRP,-0.0478
2025-12-14,ZEC,0.0069
2025-12-14,kPEPE,0.0076
2025-12-15,AAVE,-0.0066
2025-12-15,ADA,-0.0255
2025-12-15,ARB,-0.0188
2025-12-15,AVAX,0.0109
2025-12-15,BCH,0.0082
2025-12-15,BNB,0.0177
2025-12-15,BTC,-0.0526
2025-12-15,CRV,0.0067
2025-12-15,DOGE,0.0004
2025-12-15,ENA,0.0098
2025-12-15,ETH,-0.0175
2025-12-15,FARTCOIN,0.0121
2025-12-15,HYPE,-0.0014
2025-12-15,JUP,-0.0347
2025-12-15,LDO,0.0139
2025-12-15,LINK,-0.0008
2025-12-15,LTC,-0.0238
2025-12-15,NEAR,-0.0273
2025-12-15,ONDO,0.0077
2025-12-15,PENGU,-0.0008
2025-12-15,PUMP,-0.0071
2025-12-15,SOL,-0.0585
2025-12-15,SUI,0.024
2025-12-15,TAO,0.0282
2025-12-15,UNI,0.0212
2025-12-15,WLD,0.0161
2025-12-15,XPL,0.0388
2025-12-15,XRP,0.0477
2025-12-15,ZEC,-0.0092
2025-12-15,kPEPE,-0.0195
2025-12-16,AAVE,-0.0239
2025-12-16,ADA,0.0501
2025-12-16,ARB,-0.0226
2025-12-16,AVAX,0.0009
2025-12-16,BCH,-0.017
2025-12-16,BNB,0.0334
2025-12-16,BTC,0.0143
2025-12-16,CRV,-0.0324
2025-12-16,DOGE,-0.0028
2025-12-16,ENA,0.0073
2025-12-16,ETH,0.066
2025-12-16,FARTCOIN,-0.0103
2025-12-16,HYPE,0.0153
2025-12-16,JUP,0.0003
2025-12-16,LDO,0.0003
2025-12-16,LINK,0.0009
2025-12-16,LTC,-0.0043
2025-12-16,NEAR,0.0094
2025-12-16,ONDO,0.0065
2025-12-16,PENGU,0.0208
2025-12-16,PUMP,0.0223
2025-12-16,SOL,0.0418
2025-12-16,SUI,-0.0385
2025-12-16,TAO,-0.0406
2025-12-16,UNI,-0.011
2025-12-16,WLD,0.0029
2025-12-16,XPL,-0.0461
2025-12-16,XRP,-0.0352
2025-12-16,ZEC,0.0003
2025-12-16,kPEPE,0.0248
2025-12-17,AAVE,-0.0183
2025-12-17,ADA,0.0008
2025-12-17,ARB,-0.0065
2025-12-17,AVAX,-0.0057
2025-12-17,BCH,-0.0298
2025-12-17,BNB,-0.1379
2025-12-17,BTC,-0.1325
2025-12-17,CRV,-0.0049
2025-12-17,DOGE,-0.0399
2025-12-17,ENA,0.0204
2025-12-17,ETH,-0.0521
2025-12-17,FARTCOIN,0.0359
2025-12-17,HYPE,0.0027
2025-12-17,JUP,0.0077
2025-12-17,LDO,0.0435
2025-12-17,LINK,-0.0204
2025-12-17,LTC,-0.0302
2025-12-17,NEAR,0.0177
2025-12-17,ONDO,0.0015
2025-12-17,PENGU,0.021
2025-12-17,PUMP,0.0313
2025-12-17,SOL,-0.0239
2025-12-17,SUI,0.0387
2025-12-17,TAO,0.0245
2025-12-17,UNI,0.0272
2025-12-17,WLD,0.0232
2025-12-17,XPL,0.0182
2025-12-17,XRP,-0.0384
2025-12-17,ZEC,0.0072
2025-12-17,kPEPE,0.0223
2025-12-18,AAVE,0.0317
2025-12-18,ADA,-0.0137
2025-12-18,ARB,0.0065
2025-12-18,AVAX,0.0064
2025-12-18,BCH,0.0389
2025-12-18,BNB,0.0186
2025-12-18,BTC,0.0036
2025-12-18,CRV,0.0163
2025-12-18,DOGE,-0.0035
2025-12-18,ENA,-0.0124
2025-12-18,ETH,-0.0124
2025-12-18,FARTCOIN,0.0452
2025-12-18,HYPE,-0.0019
2025-12-18,JUP,0.0389
2025-12-18,LDO,-0.06
2025-12-18,LINK,-0.0214
2025-12-18,LTC,-0.0009
2025-12-18,NEAR,-0.0239
2025-12-18,ONDO,-0.0115
2025-12-18,PENGU,-0.0169
2025-12-18,PUMP,-0.0006
2025-12-18,SOL,-0.0122
2025-12-18,SUI,0.0022
2025-12-18,TAO,0.0058
2025-12-18,UNI,-0.0456
2025-12-18,WLD,-0.029
2025-12-18,XPL,0.049
2025-12-18,XRP,0.0045
2025-12-18,ZEC,-0.0083
2025-12-18,kPEPE,-0.0141
2025-12-19,AAVE,0.0453
2025-12-19,ADA,-0.0027
2025-12-19,ARB,0.001
2025-12-19,AVAX,-0.0096
2025-12-19,BCH,-0.0424
2025-12-19,BNB,0.113
2025-12-19,BTC,0.1375
2025-12-19,CRV,0.0279
2025-12-19,DOGE,0.0089
2025-12-19,ENA,-0.0204
2025-12-19,ETH,0.06
2025-12-19,FARTCOIN,-0.0402
2025-12-19,HYPE,-0.0084
2025-12-19,JUP,-0.0423
2025-12-19,LDO,0.0137
2025-12-19,LINK,0.033
2025-12-19,LTC,0.0965
2025-12-19,NEAR,0.001
2025-12-19,ONDO,-0.0126
2025-12-19,PENGU,-0.0179
2025-12-19,PUMP,-0.06
2025-12-19,SOL,0.0564
2025-12-19,SUI,-0.0191
2025-12-19,TAO,-0.0152
2025-12-19,UNI,0.0273
2025-12-19,WLD,0.002
2025-12-19,XPL,-0.0667
2025-12-19,XRP,0.0696
2025-12-19,ZEC,0.0009
2025-12-19,kPEPE,-0.021
2025-12-20,AAVE,0.0103
2025-12-20,ADA,-0.0062
2025-12-20,ARB,0.006
2025-12-20,AVAX,-0.0006
2025-12-20,BCH,0.0063
2025-12-20,BNB,-0.0385
2025-12-20,BTC,0.04
2025-12-20,CRV,-0.0034
2025-12-20,DOGE,0.0204
2025-12-20,ENA,-0.0121
2025-12-20,ETH,0.038
2025-12-20,FARTCOIN,0.0022
2025-12-20,HYPE,0.0184
2025-12-20,JUP,-0.0257
2025-12-20,LDO,-0.0108
2025-12-20,LINK,-0.0039
2025-12-20,LTC,-0.0077
2025-12-20,NEAR,0.0229
2025-12-20,ONDO,-0.0166
2025-12-20,PENGU,0.0005
2025-12-20,PUMP,0.0183
2025-12-20,SOL,-0.0055
2025-12-20,SUI,-0.0067
2025-12-20,TAO,0.0056
2025-12-20,UNI,-0.0107
2025-12-20,WLD,-0.0123
2025-12-20,XPL,-0.0011
2025-12-20,XRP,-0.0125
2025-12-20,ZEC,0.0009
2025-12-20,kPEPE,0.0027
2025-12-21,AAVE,-0.0453
2025-12-21,ADA,-0.0061
2025-12-21,AVAX,-0.0128
2025-12-21,BCH,0.0384
2025-12-21,BNB,0.0236
2025-12-21,BTC,-0.0074
2025-12-21,CRV,0.0309
2025-12-21,DOGE,-0.0069
2025-12-21,ENA,0.0171
2025-12-21,ETH,-0.0169
2025-12-21,FARTCOIN,-0.0411
2025-12-21,HYPE,-0.0197
2025-12-21,JUP,0.0163
2025-12-21,LDO,0.0109
2025-12-21,LINK,0.0142
2025-12-21,LTC,0.0111
2025-12-21,NEAR,-0.0132
2025-12-21,ONDO,0.0098
2025-12-21,PENGU,0.0001
2025-12-21,PUMP,-0.0176
2025-12-21,SOL,-0.0258
2025-12-21,SUI,-0.0022
2025-12-21,TAO,0.0031
2025-12-21,UNI,0.0039
2025-12-21,WLD,-0.006
2025-12-21,XPL,0.005
2025-12-21,XRP,-0.0007
2025-12-21,ZEC,0.0059
2025-12-21,kPEPE,0.0025
2025-12-22,AAVE,-0.0206
2025-12-22,ADA,-0.0062
2025-12-22,ARB,-0.014
2025-12-22,AVAX,-0.0134
2025-12-22,BCH,-0.0005
2025-12-22,BNB,0.0267
2025-12-22,BTC,0.0015
2025-12-22,CRV,-0.0653
2025-12-22,DOGE,0.011
2025-12-22,ENA,0.0047
2025-12-22,ETH,0.004
2025-12-22,FARTCOIN,0.0003
2025-12-22,HYPE,0.0192
2025-12-22,JUP,0.0283
2025-12-22,LDO,-0.0159
2025-12-22,LINK,-0.0191
2025-12-22,LTC,-0.018
2025-12-22,NEAR,0.0131
2025-12-22,ONDO,0.0026
2025-12-22,PENGU,-0.0015
2025-12-22,PUMP,0.0243
2025-12-22,SOL,0.0307
2025-12-22,SUI,-0.0019
2025-12-22,TAO,-0.0061
2025-12-22,UNI,-0.0022
2025-12-22,WLD,0.0149
2025-12-22,XPL,0.0127
2025-12-22,XRP,-0.0012
2025-12-22,ZEC,0.0003
2025-12-22,kPEPE,0.0027
2025-12-23,AAVE,-0.0215
2025-12-23,ADA,0.0072
2025-12-23,ARB,-0.0117
2025-12-23,AVAX,-0.002
2025-12-23,BCH,0.0042
2025-12-23,BNB,-0.0202
2025-12-23,BTC,-0.03
2025-12-23,CRV,0.0024
2025-12-23,DOGE,-0.0148
2025-12-23,ENA,-0.0023
2025-12-23,ETH,-0.0286
2025-12-23,FARTCOIN,0.0147
2025-12-23,HYPE,-0.0194
2025-12-23,JUP,-0.0345
2025-12-23,LDO,0.0274
2025-12-23,LINK,0.0018
2025-12-23,LTC,0.0029
2025-12-23,NEAR,-0.0225
2025-12-23,ONDO,0.0038
2025-12-23,PENGU,-0.0002
2025-12-23,PUMP,0.0318
2025-12-23,SOL,-0.0054
2025-12-23,SUI,0.029
2025-12-23,TAO,-0.0085
2025-12-23,UNI,0.0163
2025-12-23,WLD,-0.0028
2025-12-23,XPL,-0.0248
2025-12-23,XRP,-0.0016
2025-12-23,ZEC,0.0076
2025-12-23,kPEPE,0.0024
2025-12-24,AAVE,0.027
2025-12-24,ADA,-0.009
2025-12-24,ARB,0.0258
2025-12-24,AVAX,0.027
2025-12-24,BCH,-0.0122
2025-12-24,BNB,0.0119
2025-12-24,BTC,0.0157
2025-12-24,CRV,0.0063
2025-12-24,DOGE,0.0086
2025-12-24,ENA,0.0026
2025-12-24,ETH,0.0202
2025-12-24,FARTCOIN,-0.0174
2025-12-24,HYPE,0.0014
2025-12-24,JUP,-0.0026
2025-12-24,LDO,0.0028
2025-12-24,LINK,0.0024
2025-12-24,LTC,0.0077
2025-12-24,NEAR,0.0351
2025-12-24,ONDO,-0.0132
2025-12-24,PENGU,-0.0013
2025-12-24,PUMP,-0.0449
2025-12-24,SOL,-0.003
2025-12-24,SUI,-0.0181
2025-12-24,UNI,-0.0097
2025-12-24,WLD,0.0056
2025-12-24,XPL,0.0134
2025-12-24,XRP,0.02
2025-12-24,ZEC,-0.0125
2025-12-24,kPEPE,-0.0101
2025-12-25,AAVE,-0.024
2025-12-25,ARB,0.0029
2025-12-25,AVAX,0.0051
2025-12-25,BCH,0.0105
2025-12-25,BNB,-0.004
2025-12-25,BTC,-0.0015
2025-12-25,CRV,0.0161
2025-12-25,DOGE,-0.0186
2025-12-25,ENA,0.0081
2025-12-25,ETH,-0.0065
2025-12-25,FARTCOIN,0.0013
2025-12-25,HYPE,0.0102
2025-12-25,JUP,0.0091
2025-12-25,LDO,-0.0225
2025-12-25,LINK,0.0067
2025-12-25,LTC,-0.0107
2025-12-25,NEAR,-0.0094
2025-12-25,ONDO,0.0161
2025-12-25,PENGU,0.0073
2025-12-25,PUMP,0.0087
2025-12-25,SOL,-0.0106
2025-12-25,SUI,-0.0092
2025-12-25,TAO,0.0063
2025-12-25,UNI,-0.0081
2025-12-25,WLD,-0.0058
2025-12-25,XPL,-0.0059
2025-12-25,XRP,0.0019
2025-12-25,ZEC,0.0047
2025-12-26,AAVE,0.0152
2025-12-26,ADA,0.0029
2025-12-26,ARB,-0.0027
2025-12-26,AVAX,0.0024
2025-12-26,BCH,-0.0003
2025-12-26,BNB,0.002
2025-12-26,BTC,0.0058
2025-12-26,CRV,0.0063
2025-12-26,DOGE,0.0035
2025-12-26,ENA,-0.033
2025-12-26,ETH,0.0196
2025-12-26,FARTCOIN,-0.002
2025-12-26,HYPE,-0.0155
2025-12-26,JUP,0.0155
2025-12-26,LDO,0.0144
2025-12-26,LINK,-0.0111
2025-12-26,LTC,-0.0053
2025-12-26,NEAR,-0.0179
2025-12-26,ONDO,-0.0004
2025-12-26,PENGU,0.002
2025-12-26,PUMP,-0.0173
2025-12-26,SOL,0.0051
2025-12-26,SUI,0.0161
2025-12-26,TAO,0.003
2025-12-26,UNI,0.0084
2025-12-26,WLD,0.0027
2025-12-26,XPL,0.0057
2025-12-26,XRP,-0.0055
2025-12-26,ZEC,-0.0029
2025-12-26,kPEPE,0.0052
2025-12-27,AAVE,-0.0036
2025-12-27,ADA,-0.0014
2025-12-27,ARB,0.0085
2025-12-27,AVAX,-0.0069
2025-12-27,BCH,-0.0025
2025-12-27,BNB,0.0057
2025-12-27,BTC,-0.0297
2025-12-27,CRV,-0.0065
2025-12-27,DOGE,0.0176
2025-12-27,ENA,0.0199
2025-12-27,ETH,-0.0179
2025-12-27,FARTCOIN,-0.0006
2025-12-27,HYPE,0.0093
2025-12-27,JUP,0.0188
2025-12-27,LDO,-0.0003
2025-12-27,LINK,0.0025
2025-12-27,LTC,0.0165
2025-12-27,NEAR,-0.0091
2025-12-27,ONDO,0.0069
2025-12-27,PENGU,-0.004
2025-12-27,PUMP,-0.0026
2025-12-27,SOL,0.0089
2025-12-27,SUI,-0.0046
2025-12-27,TAO,0.0002
2025-12-27,UNI,0.0126
2025-12-27,WLD,-0.0058
2025-12-27,XPL,-0.0062
2025-12-27,XRP,0.0169
2025-12-27,ZEC,-0.0029
2025-12-27,kPEPE,-0.0052
2025-12-28,AAVE,0.0182
2025-12-28,ADA,0.0029
2025-12-28,ARB,-0.0144
2025-12-28,AVAX,0.0113
2025-12-28,BCH,0.007
2025-12-28,BNB,0.0076
2025-12-28,BTC,0.0303
2025-12-28,CRV,0.013
2025-12-28,ENA,-0.0153
2025-12-28,ETH,0.0244
2025-12-28,FARTCOIN,0.0038
2025-12-28,HYPE,0.0027
2025-12-28,JUP,0.0094
2025-12-28,LDO,-0.011
2025-12-28,LINK,0.0043
2025-12-28,LTC,-0.0316
2025-12-28,NEAR,0.012
2025-12-28,ONDO,-0.0257
2025-12-28,PUMP,-0.0044
2025-12-28,SOL,-0.0053
2025-12-28,SUI,-0.0023
2025-12-28,TAO,0.0032
2025-12-28,UNI,-0.0105
2025-12-28,XPL,-0.0005
2025-12-28,XRP,-0.0048
2025-12-28,ZEC,-0.0004
2025-12-28,kPEPE,0.0101
2025-12-29,AAVE,-0.0059
2025-12-29,ADA,-0.0066
2025-12-29,ARB,0.0201
2025-12-29,AVAX,-0.0007
2025-12-29,BCH,0.0004
2025-12-29,BTC,-0.0049
2025-12-29,CRV,0.0097
2025-12-29,DOGE,0.0072
2025-12-29,ENA,-0.0125
2025-12-29,ETH,-0.0042
2025-12-29,FARTCOIN,0.0039
2025-12-29,HYPE,-0.0077
2025-12-29,JUP,-0.0312
2025-12-29,LDO,0.0056
2025-12-29,LINK,-0.0011
2025-12-29,LTC,-0.0059
2025-12-29,NEAR,0.0002
2025-12-29,ONDO,0.0094
2025-12-29,PENGU,-0.0017
2025-12-29,PUMP,0.0221
2025-12-29,SOL,0.0012
2025-12-29,SUI,-0.0091
2025-12-29,TAO,-0.0095
2025-12-29,UNI,0.0004
2025-12-29,XPL,-0.0025
2025-12-29,ZEC,0.0002
2025-12-29,kPEPE,-0.0025
2025-12-30,AAVE,0.012
2025-12-30,ADA,-0.0056
2025-12-30,ARB,0.0028
2025-12-30,AVAX,-0.0051
2025-12-30,BCH,-0.0239
2025-12-30,BNB,0.0042
2025-12-30,BTC,0.0088
2025-12-30,CRV,-0.0034
2025-12-30,DOGE,0.0032
2025-12-30,ENA,0.0122
2025-12-30,ETH,0.006
2025-12-30,FARTCOIN,0.0019
2025-12-30,HYPE,0.0048
2025-12-30,JUP,-0.006
2025-12-30,LDO,0.0138
2025-12-30,LINK,0.0096
2025-12-30,LTC,0.015
2025-12-30,ONDO,-0.0033
2025-12-30,PENGU,-0.0016
2025-12-30,PUMP,-0.0215
2025-12-30,SOL,-0.0126
2025-12-30,SUI,0.007
2025-12-30,UNI,-0.0023
2025-12-30,XPL,-0.0021
2025-12-30,XRP,0.0069
2025-12-30,ZEC,0.0031
2025-12-30,kPEPE,-0.0123
2025-12-31,AAVE,-0.0141
2025-12-31,ADA,-0.015
2025-12-31,ARB,0.0028
2025-12-31,AVAX,0.0134
2025-12-31,BCH,0.0189
2025-12-31,BNB,0.0075
2025-12-31,BTC,-0.0259
2025-12-31,CRV,-0.0096
2025-12-31,DOGE,-0.0292
2025-12-31,ENA,0.0055
2025-12-31,ETH,0.0012
2025-12-31,FARTCOIN,-0.0027
2025-12-31,HYPE,-0.0012
2025-12-31,JUP,0.0089
2025-12-31,LDO,0.0141
2025-12-31,LINK,0.0014
2025-12-31,LTC,-0.0068
2025-12-31,NEAR,-0.0219
2025-12-31,ONDO,-0.0095
2025-12-31,PENGU,0.011
2025-12-31,PUMP,-0.0004
2025-12-31,SOL,0.0044
2025-12-31,SUI,0.0159
2025-12-31,TAO,-0.025
2025-12-31,UNI,0.0059
2025-12-31,WLD,-0.0086
2025-12-31,XPL,0.0033
2025-12-31,XRP,-0.0094
2025-12-31,ZEC,0.0088
2025-12-31,kPEPE,0.0122
2026-01-01,AAVE,0.0171
2026-01-01,ADA,0.0324
2026-01-01,ARB,-0.0141
2026-01-01,AVAX,-0.0484
2026-01-01,BCH,-0.028
2026-01-01,BNB,-0.0042
2026-01-01,BTC,0.0156
2026-01-01,CRV,-0.023
2026-01-01,DOGE,0.0059
2026-01-01,ENA,-0.0136
2026-01-01,ETH,0.015
2026-01-01,FARTCOIN,-0.0019
2026-01-01,HYPE,0.0207
2026-01-01,JUP,0.0025
2026-01-01,LDO,-0.014
2026-01-01,LINK,0.0162
2026-01-01,LTC,0.0186
2026-01-01,NEAR,0.0306
2026-01-01,ONDO,0.0081
2026-01-01,PENGU,-0.0031
2026-01-01,PUMP,0.0018
2026-01-01,SOL,0.0276
2026-01-01,SUI,0.0172
2026-01-01,TAO,0.0332
2026-01-01,UNI,0.011
2026-01-01,WLD,-0.0129
2026-01-01,XPL,0.0013
2026-01-01,XRP,0.015
2026-01-01,ZEC,-0.0011
2026-01-01,kPEPE,-0.0156
2026-01-02,AAVE,-0.0234
2026-01-02,ADA,-0.0203
2026-01-02,ARB,0.0053
2026-01-02,AVAX,0.029
2026-01-02,BCH,0.0111
2026-01-02,BNB,0.0313
2026-01-02,BTC,0.0417
2026-01-02,CRV,0.023
2026-01-02,DOGE,-0.0164
2026-01-02,ENA,-0.0024
2026-01-02,ETH,0.0109
2026-01-02,FARTCOIN,0.0004
2026-01-02,HYPE,-0.0049
2026-01-02,JUP,0.0076
2026-01-02,LDO,0.0133
2026-01-02,LINK,-0.0044
2026-01-02,LTC,0.0256
2026-01-02,NEAR,0.0262
2026-01-02,ONDO,-0.0169
2026-01-02,PENGU,-0.0135
2026-01-02,PUMP,0.0074
2026-01-02,SOL,0.0095
2026-01-02,SUI,-0.0078
2026-01-02,TAO,-0.0032
2026-01-02,UNI,0.0025
2026-01-02,WLD,0.0083
2026-01-02,XPL,0.0033
2026-01-02,XRP,-0.0198
2026-01-02,ZEC,0.0019
2026-01-02,kPEPE,0.0068
2026-01-03,AAVE,-0.0029
2026-01-03,ADA,0.0048
2026-01-03,ARB,0.0054
2026-01-03,AVAX,0.0114
2026-01-03,BCH,0.0045
2026-01-03,BNB,-0.0304
2026-01-03,BTC,0.017
2026-01-03,CRV,-0.0027
2026-01-03,ENA,0.0164
2026-01-03,ETH,0.0009
2026-01-03,FARTCOIN,-0.0018
2026-01-03,HYPE,0.005
2026-01-03,JUP,-0.0051
2026-01-03,LDO,0.0111
2026-01-03,LINK,-0.0032
2026-01-03,LTC,-0.0211
2026-01-03,NEAR,-0.0027
2026-01-03,ONDO,0.0025
2026-01-03,PENGU,0.0038
2026-01-03,PUMP,-0.0057
2026-01-03,SOL,0.022
2026-01-03,SUI,-0.0109
2026-01-03,TAO,-0.0054
2026-01-03,UNI,-0.0069
2026-01-03,WLD,-0.0119
2026-01-03,XPL,0.0052
2026-01-03,XRP,0.0125
2026-01-03,ZEC,-0.0002
2026-01-03,kPEPE,-0.0047
2026-01-04,AAVE,0.0107
2026-01-04,ADA,0.0028
2026-01-04,AVAX,0.0112
2026-01-04,BCH,-0.025
2026-01-04,BNB,0.0148
2026-01-04,BTC,0.0139
2026-01-04,CRV,0.008
2026-01-04,DOGE,0.003
2026-01-04,ENA,-0.0072
2026-01-04,ETH,-0.0029
2026-01-04,FARTCOIN,0.0044
2026-01-04,HYPE,-0.0117
2026-01-04,JUP,-0.0053
2026-01-04,LDO,0.0045
2026-01-04,LINK,-0.0027
2026-01-04,LTC,0.0064
2026-01-04,NEAR,0.0033
2026-01-04,PENGU,0.0024
2026-01-04,PUMP,0.0038
2026-01-04,SOL,0.0032
2026-01-04,SUI,0.0082
2026-01-04,TAO,-0.0183
2026-01-04,UNI,0.009
2026-01-04,WLD,0.0144
2026-01-04,XPL,-0.0036
2026-01-04,XRP,0.0048
2026-01-04,ZEC,-0.0059
2026-01-04,kPEPE,-0.0012
2026-01-05,AAVE,0.0049
2026-01-05,ADA,0.0082
2026-01-05,ARB,0.0058
2026-01-05,AVAX,0.0068
2026-01-05,BCH,0.0193
2026-01-05,BNB,0.0058
2026-01-05,BTC,0.0083
2026-01-05,CRV,-0.0026
2026-01-05,DOGE,-0.0001
2026-01-05,ENA,0.0069
2026-01-05,ETH,0.0081
2026-01-05,FARTCOIN,-0.0003
2026-01-05,HYPE,-0.0006
2026-01-05,JUP,0.0081
2026-01-05,LDO,-0.0057
2026-01-05,LINK,-0.0134
2026-01-05,LTC,0.0149
2026-01-05,NEAR,0.0035
2026-01-05,ONDO,0.0078
2026-01-05,PENGU,-0.0005
2026-01-05,PUMP,-0.0044
2026-01-05,SOL,-0.0013
2026-01-05,SUI,-0.0282
2026-01-05,TAO,0.0156
2026-01-05,UNI,-0.0166
2026-01-05,WLD,-0.0122
2026-01-05,XPL,0.003
2026-01-05,XRP,-0.0382
2026-01-05,ZEC,0.0074
2026-01-05,kPEPE,-0.0005
2026-01-06,AAVE,0.0128
2026-01-06,ADA,-0.0019
2026-01-06,ARB,0.0029
2026-01-06,AVAX,0.0032
2026-01-06,BCH,-0.0093
2026-01-06,BNB,0.007
2026-01-06,BTC,-0.0173
2026-01-06,CRV,0.0109
2026-01-06,DOGE,-0.0021
2026-01-06,ETH,-0.0141
2026-01-06,FARTCOIN,0.0001
2026-01-06,HYPE,-0.0043
2026-01-06,JUP,-0.008
2026-01-06,LDO,0.0061
2026-01-06,LINK,0.0086
2026-01-06,LTC,0.0112
2026-01-06,PENGU,0.0017
2026-01-06,PUMP,0.0004
2026-01-06,SOL,-0.0024
2026-01-06,TAO,-0.0223
2026-01-06,UNI,0.007
2026-01-06,WLD,0.0097
2026-01-06,XPL,0.0003
2026-01-06,XRP,-0.0164
2026-01-07,AAVE,-0.027
2026-01-07,ADA,-0.0023
2026-01-07,ARB,0.0075
2026-01-07,AVAX,0.0029
2026-01-07,BCH,0.0333
2026-01-07,BNB,-0.0367
2026-01-07,BTC,-0.1531
2026-01-07,CRV,-0.0077
2026-01-07,DOGE,-0.027
2026-01-07,ENA,-0.0134
2026-01-07,ETH,-0.0057
2026-01-07,FARTCOIN,0.0167
2026-01-07,HYPE,0.0061
2026-01-07,JUP,0.0002
2026-01-07,LDO,0.0088
2026-01-07,LINK,-0.0408
2026-01-07,LTC,-0.0024
2026-01-07,NEAR,-0.0051
2026-01-07,ONDO,-0.0163
2026-01-07,PENGU,0.0275
2026-01-07,PUMP,-0.0008
2026-01-07,SOL,-0.0057
2026-01-07,SUI,0.0225
2026-01-07,TAO,-0.0066
2026-01-07,UNI,0.0016
2026-01-07,WLD,0.0047
2026-01-07,XPL,0.0362
2026-01-07,XRP,0.0047
2026-01-07,ZEC,0.0179
2026-01-07,kPEPE,-0.0018
2026-01-08,AAVE,0.0163
2026-01-08,ADA,0.018
2026-01-08,ARB,-0.0088
2026-01-08,AVAX,0.008
2026-01-08,BCH,-0.0109
2026-01-08,BNB,0.0394
2026-01-08,BTC,0.0551
2026-01-08,CRV,0.0238
2026-01-08,DOGE,0.0049
2026-01-08,ENA,0.0208
2026-01-08,ETH,-0.0062
2026-01-08,FARTCOIN,-0.0115
2026-01-08,HYPE,0.0026
2026-01-08,JUP,-0.0029
2026-01-08,LDO,-0.0121
2026-01-08,LINK,0.036
2026-01-08,LTC,-0.0041
2026-01-08,NEAR,0.0162
2026-01-08,ONDO,0.0112
2026-01-08,PENGU,-0.0384
2026-01-08,PUMP,0.0086
2026-01-08,SOL,-0.0216
2026-01-08,SUI,-0.0155
2026-01-08,TAO,-0.007
2026-01-08,UNI,0.0028
2026-01-08,WLD,-0.0083
2026-01-08,XPL,0.0002
2026-01-08,XRP,-0.009
2026-01-08,ZEC,-0.0285
2026-01-08,kPEPE,0.0052
2026-01-09,AAVE,0.0029
2026-01-09,ADA,0.0052
2026-01-09,AERO,-0.0143
2026-01-09,ARB,0.0055
2026-01-09,AVAX,-0.0039
2026-01-09,BCH,-0.0314
2026-01-09,BNB,-0.0035
2026-01-09,BTC,0.0477
2026-01-09,CRV,0.002
2026-01-09,DOGE,0.0266
2026-01-09,ENA,0.0052
2026-01-09,ETH,0.0186
2026-01-09,FARTCOIN,-0.0053
2026-01-09,HYPE,-0.0071
2026-01-09,JUP,0.0166
2026-01-09,LDO,-0.0235
2026-01-09,LINK,0.026
2026-01-09,LTC,0.0039
2026-01-09,NEAR,-0.0198
2026-01-09,ONDO,-0.0028
2026-01-09,PENGU,0.006
2026-01-09,PUMP,-0.0084
2026-01-09,SOL,-0.0262
2026-01-09,SUI,0.0027
2026-01-09,TAO,0.0209
2026-01-09,UNI,0.0027
2026-01-09,WLD,0.0029
2026-01-09,XPL,0.0023
2026-01-09,XRP,-0.0223
2026-01-09,ZEC,0.0058
2026-01-09,kPEPE,-0.0027
2026-01-10,AAVE,-0.0031
2026-01-10,ADA,0.0141
2026-01-10,AERO,0.0011
2026-01-10,ARB,0.0076
2026-01-10,AVAX,0.0126
2026-01-10,BCH,0.0361
2026-01-10,BNB,0.0131
2026-01-10,BTC,-0.0298
2026-01-10,CRV,-0.0102
2026-01-10,DOGE,0.0065
2026-01-10,ENA,-0.0108
2026-01-10,ETH,-0.0272
2026-01-10,FARTCOIN,-0.0035
2026-01-10,HYPE,0.0016
2026-01-10,JUP,-0.0195
2026-01-10,LDO,0.0314
2026-01-10,LINK,-0.0437
2026-01-10,LTC,-0.0024
2026-01-10,NEAR,0.0118
2026-01-10,PENGU,0.009
2026-01-10,PUMP,0.0045
2026-01-10,SOL,-0.0041
2026-01-10,SUI,0.0104
2026-01-10,TAO,-0.0114
2026-01-10,UNI,-0.0233
2026-01-10,WLD,0.011
2026-01-10,XPL,-0.0349
2026-01-10,XRP,0.0025
2026-01-10,ZEC,0.0011
2026-01-10,kPEPE,0.0006
2026-01-11,AAVE,-0.0078
2026-01-11,ADA,-0.0166
2026-01-11,AERO,0.0131
2026-01-11,ARB,-0.0196
2026-01-11,AVAX,-0.0073
2026-01-11,BCH,-0.0069
2026-01-11,BNB,-0.0473
2026-01-11,BTC,0.0726
2026-01-11,CRV,-0.013
2026-01-11,DOGE,-0.0122
2026-01-11,ENA,0.0109
2026-01-11,ETH,0.054
2026-01-11,FARTCOIN,0.003
2026-01-11,HYPE,-0.003
2026-01-11,LDO,-0.0088
2026-01-11,LINK,0.0513
2026-01-11,LTC,-0.0489
2026-01-11,NEAR,-0.002
2026-01-11,PENGU,-0.0011
2026-01-11,PUMP,-0.0034
2026-01-11,SOL,0.0395
2026-01-11,SUI,-0.0127
2026-01-11,TAO,0.0046
2026-01-11,UNI,0.0235
2026-01-11,VVV,-0.0106
2026-01-11,WLD,-0.0082
2026-01-11,XPL,-0.0044
2026-01-11,XRP,0.0197
2026-01-11,ZEC,-0.0009
2026-01-11,kPEPE,0.0028
2026-01-12,AAVE,-0.0112
2026-01-12,ADA,0.0172
2026-01-12,ARB,0.0051
2026-01-12,AVAX,0.01
2026-01-12,BCH,0.0069
2026-01-12,BNB,-0.0886
2026-01-12,BTC,0.0005
2026-01-12,CRV,0.0197
2026-01-12,DOGE,-0.0158
2026-01-12,ENA,-0.0196
2026-01-12,ETH,-0.0322
2026-01-12,FARTCOIN,0.0009
2026-01-12,HYPE,-0.0085
2026-01-12,JUP,-0.0035
2026-01-12,LDO,-0.0084
2026-01-12,LINK,-0.0218
2026-01-12,LTC,-0.043
2026-01-12,NEAR,0.0173
2026-01-12,PENGU,0.0029
2026-01-12,PUMP,-0.003
2026-01-12,SOL,-0.028
2026-01-12,SUI,0.013
2026-01-12,TAO,-0.0026
2026-01-12,UNI,-0.0089
2026-01-12,VVV,0.0303
2026-01-12,WLD,0.0084
2026-01-12,XPL,0.0016
2026-01-12,XRP,0.018
2026-01-12,ZEC,-0.0132
2026-01-12,kPEPE,0.0161
2026-01-13,AAVE,0.0109
2026-01-13,ADA,-0.0137
2026-01-13,ARB,-0.011
2026-01-13,AVAX,-0.0154
2026-01-13,BCH,-0.0187
2026-01-13,BNB,0.1346
2026-01-13,BTC,0.0157
2026-01-13,CRV,-0.02
2026-01-13,DOGE,0.0325
2026-01-13,ENA,-0.0068
2026-01-13,ETH,0.0011
2026-01-13,FARTCOIN,-0.0024
2026-01-13,HYPE,0.006
2026-01-13,JUP,0.0092
2026-01-13,LDO,0.007
2026-01-13,LINK,0.0198
2026-01-13,LTC,-0.0011
2026-01-13,NEAR,-0.0428
2026-01-13,PENGU,-0.0069
2026-01-13,PUMP,0.0041
2026-01-13,SOL,0.0468
2026-01-13,SUI,-0.0209
2026-01-13,TAO,0.0218
2026-01-13,UNI,0.0087
2026-01-13,VVV,-0.0132
2026-01-13,WLD,-0.0108
2026-01-13,XPL,0.003
2026-01-13,XRP,0.0084
2026-01-13,ZEC,0.0123
2026-01-13,kPEPE,-0.0177
2026-01-14,AAVE,0.0055
2026-01-14,ADA,0.0149
2026-01-14,ARB,0.003
2026-01-14,AVAX,0.0043
2026-01-14,BCH,0.0004
2026-01-14,BNB,0.0057
2026-01-14,BTC,0.0107
2026-01-14,CRV,0.0174
2026-01-14,DOGE,-0.0147
2026-01-14,ENA,0.0114
2026-01-14,ETH,-0.0375
2026-01-14,FARTCOIN,0.0027
2026-01-14,HYPE,-0.0004
2026-01-14,JUP,-0.02
2026-01-14,LDO,0.0009
2026-01-14,LINK,-0.0414
2026-01-14,LTC,-0.0356
2026-01-14,NEAR,0.0179
2026-01-14,PENGU,0.0078
2026-01-14,SOL,-0.0089
2026-01-14,SUI,0.0206
2026-01-14,TAO,0.0156
2026-01-14,UNI,0.0194
2026-01-14,VVV,-0.0152
2026-01-14,WLD,0.0052
2026-01-14,XPL,0.0009
2026-01-14,XRP,0.0143
2026-01-14,ZEC,-0.0124
2026-01-14,kPEPE,0.003
2026-01-15,AAVE,0.0114
2026-01-15,ADA,0.0038
2026-01-15,ARB,0.0005
2026-01-15,BCH,-0.0128
2026-01-15,BNB,-0.0491
2026-01-15,BTC,-0.0325
2026-01-15,CRV,-0.0348
2026-01-15,DOGE,-0.0187
2026-01-15,ENA,-0.0162
2026-01-15,ETH,-0.0192
2026-01-15,FARTCOIN,-0.0025
2026-01-15,HYPE,0.0034
2026-01-15,JUP,-0.0036
2026-01-15,LDO,0.0009
2026-01-15,LINK,-0.0272
2026-01-15,LTC,-0.0317
2026-01-15,NEAR,0.0009
2026-01-15,PENGU,0.0118
2026-01-15,PUMP,-0.0003
2026-01-15,SOL,-0.0108
2026-01-15,SUI,0.0087
2026-01-15,TAO,0.0204
2026-01-15,UNI,-0.0124
2026-01-15,VVV,0.0287
2026-01-15,WLD,0.0026
2026-01-15,XPL,-0.0039
2026-01-15,XRP,-0.016
2026-01-15,ZEC,0.0104
2026-01-15,kPEPE,0.0069
2026-01-16,AAVE,-0.011
2026-01-16,ADA,-0.0338
2026-01-16,ARB,-0.0005
2026-01-16,AVAX,-0.0256
2026-01-16,BCH,0.0079
2026-01-16,BNB,0.0478
2026-01-16,BTC,-0.0204
2026-01-16,CRV,0.0038
2026-01-16,DOGE,0.0141
2026-01-16,ENA,0.0191
2026-01-16,ETH,0.084
2026-01-16,FARTCOIN,0.0003
2026-01-16,HYPE,0.0113
2026-01-16,JUP,-0.0004
2026-01-16,LDO,-0.0074
2026-01-16,LINK,0.0696
2026-01-16,LTC,0.0215
2026-01-16,NEAR,-0.0016
2026-01-16,PENGU,-0.0151
2026-01-16,PUMP,0.0003
2026-01-16,SOL,0.0005
2026-01-16,SUI,-0.0038
2026-01-16,TAO,-0.0122
2026-01-16,UNI,0.0003
2026-01-16,VVV,-0.0305
2026-01-16,WLD,0.0025
2026-01-16,XPL,0.0004
2026-01-16,XRP,0.0046
2026-01-16,ZEC,-0.0019
2026-01-16,kPEPE,-0.0019
2026-01-17,AAVE,0.0106
2026-01-17,ADA,-0.0029
2026-01-17,ARB,-0.0292
2026-01-17,AVAX,-0.0117
2026-01-17,BCH,-0.0294
2026-01-17,BNB,-0.0228
2026-01-17,BTC,0.0233
2026-01-17,CRV,-0.0053
2026-01-17,DOGE,0.0112
2026-01-17,ENA,-0.0021
2026-01-17,ETH,-0.0405
2026-01-17,FARTCOIN,-0.0004
2026-01-17,HYPE,-0.0105
2026-01-17,JUP,0.0291
2026-01-17,LDO,0.0089
2026-01-17,LINK,-0.0036
2026-01-17,LTC,-0.0078
2026-01-17,NEAR,-0.0058
2026-01-17,PENGU,0.0147
2026-01-17,PUMP,0.0086
2026-01-17,SOL,0.0214
2026-01-17,SUI,0.013
2026-01-17,TAO,0.0152
2026-01-17,UNI,-0.0222
2026-01-17,VVV,-0.003
2026-01-17,WLD,-0.0098
2026-01-17,XPL,0.0168
2026-01-17,XRP,-0.0033
2026-01-17,ZEC,0.0005
2026-01-17,kPEPE,0.0015
2026-01-18,AAVE,-0.0173
2026-01-18,ADA,0.0041
2026-01-18,ARB,0.0321
2026-01-18,AVAX,0.0111
2026-01-18,BCH,-0.0382
2026-01-18,BNB,-0.0135
2026-01-18,BTC,-0.0018
2026-01-18,CRV,-0.0064
2026-01-18,DOGE,-0.0205
2026-01-18,ENA,0.001
2026-01-18,ETH,0.0288
2026-01-18,FARTCOIN,0.0216
2026-01-18,HYPE,-0.0106
2026-01-18,JUP,-0.0054
2026-01-18,LDO,-0.0059
2026-01-18,LINK,-0.0239
2026-01-18,LTC,0.0036
2026-01-18,NEAR,-0.0114
2026-01-18,PENGU,-0.0053
2026-01-18,PUMP,-0.0019
2026-01-18,SOL,-0.0124
2026-01-18,SUI,0.002
2026-01-18,TAO,-0.0056
2026-01-18,UNI,0.0308
2026-01-18,VVV,0.0031
2026-01-18,WLD,-0.002
2026-01-18,XPL,-0.0015
2026-01-18,XRP,-0.0212
2026-01-18,ZEC,-0.0018
2026-01-18,kPEPE,-0.002
2026-01-19,AAVE,0.0311
2026-01-19,ADA,-0.0254
2026-01-19,ARB,-0.024
2026-01-19,AVAX,0.0111
2026-01-19,BCH,0.0088
2026-01-19,BNB,0.0008
2026-01-19,BTC,-0.0213
2026-01-19,CRV,0.0171
2026-01-19,DOGE,-0.0116
2026-01-19,ENA,0.0175
2026-01-19,ETH,-0.0307
2026-01-19,FARTCOIN,-0.0217
2026-01-19,HYPE,-0.0042
2026-01-19,JUP,0.012
2026-01-19,LDO,0.0054
2026-01-19,LINK,0.0167
2026-01-19,LTC,0.0484
2026-01-19,NEAR,0.0058
2026-01-19,PENGU,0.0258
2026-01-19,PUMP,-0.004
2026-01-19,SOL,-0.0024
2026-01-19,SUI,-0.0332
2026-01-19,TAO,-0.0023
2026-01-19,UNI,-0.0029
2026-01-19,VVV,0.0013
2026-01-19,WLD,0.0041
2026-01-19,XPL,-0.0214
2026-01-19,XRP,-0.0072
2026-01-19,ZEC,-0.0004
2026-01-19,kPEPE,-0.0026
2026-01-20,AAVE,-0.0196
2026-01-20,ADA,-0.0014
2026-01-20,ARB,0.029
2026-01-20,AVAX,-0.0343
2026-01-20,BCH,-0.0339
2026-01-20,BNB,-0.1819
2026-01-20,BTC,-0.1574
2026-01-20,DOGE,-0.0018
2026-01-20,ENA,0.018
2026-01-20,ETH,-0.0707
2026-01-20,FARTCOIN,0.043
2026-01-20,HYPE,0.0116
2026-01-20,JUP,-0.0083
2026-01-20,LDO,0.0012
2026-01-20,LINK,-0.0676
2026-01-20,LTC,-0.0334
2026-01-20,NEAR,0.0036
2026-01-20,PENGU,0.006
2026-01-20,PUMP,0.0129
2026-01-20,SOL,-0.0707
2026-01-20,SUI,0.0424
2026-01-20,TAO,0.0106
2026-01-20,UNI,-0.0528
2026-01-20,VVV,0.0174
2026-01-20,WLD,0.0302
2026-01-20,XPL,0.0455
2026-01-20,XRP,-0.0507
2026-01-20,ZEC,-0.0043
2026-01-20,kPEPE,0.0253
2026-01-21,AAVE,0.0032
2026-01-21,ADA,-0.0074
2026-01-21,ARB,-0.0197
2026-01-21,AVAX,0.0306
2026-01-21,BCH,0.1196
2026-01-21,BNB,0.1734
2026-01-21,BTC,0.1588
2026-01-21,CRV,0.0029
2026-01-21,DOGE,0.0323
2026-01-21,ENA,-0.0204
2026-01-21,ETH,0.0587
2026-01-21,FARTCOIN,-0.0335
2026-01-21,HYPE,0.0074
2026-01-21,JUP,-0.0063
2026-01-21,LDO,0.0048
2026-01-21,LINK,0.0693
2026-01-21,LTC,0.0754
2026-01-21,NEAR,-0.0008
2026-01-21,PENGU,-0.0486
2026-01-21,PUMP,-0.0137
2026-01-21,SOL,0.0296
2026-01-21,SUI,-0.0397
2026-01-21,TAO,-0.0501
2026-01-21,UNI,0.039
2026-01-21,VVV,-0.0265
2026-01-21,WLD,-0.0097
2026-01-21,XPL,-0.0437
2026-01-21,XRP,0.0535
2026-01-21,ZEC,0.0078
2026-01-21,ZRO,-0.0184
2026-01-21,kPEPE,-0.0285
2026-01-22,AAVE,0.0326
2026-01-22,ADA,0.0101
2026-01-22,AVAX,0.0018
2026-01-22,BCH,0.0218
2026-01-22,BNB,0.0257
2026-01-22,BTC,-0.0777
2026-01-22,CRV,0.0153
2026-01-22,DOGE,-0.0055
2026-01-22,ENA,0.005
2026-01-22,ETH,-0.0582
2026-01-22,FARTCOIN,0.0228
2026-01-22,HYPE,-0.0202
2026-01-22,LDO,-0.0649
2026-01-22,LINK,-0.006
2026-01-22,LTC,-0.0344
2026-01-22,NEAR,-0.0147
2026-01-22,PENGU,0.028
2026-01-22,PUMP,0.0063
2026-01-22,SOL,0.0172
2026-01-22,SUI,-0.0112
2026-01-22,TAO,0.0313
2026-01-22,UNI,0.0428
2026-01-22,VVV,0.0034
2026-01-22,WLD,-0.026
2026-01-22,XPL,0.0064
2026-01-22,XRP,-0.0127
2026-01-22,ZEC,-0.0109
2026-01-22,ZRO,-0.02
2026-01-22,kPEPE,0.0054
2026-01-23,AAVE,-0.0111
2026-01-23,ADA,0.0008
2026-01-23,ARB,-0.0057
2026-01-23,AVAX,-0.0186
2026-01-23,BCH,-0.0133
2026-01-23,BNB,-0.0201
2026-01-23,BTC,0.0769
2026-01-23,CRV,-0.0068
2026-01-23,DOGE,-0.0004
2026-01-23,ENA,-0.0119
2026-01-23,ETH,0.0357
2026-01-23,FARTCOIN,-0.0307
2026-01-23,HYPE,0.0051
2026-01-23,LDO,0.0349
2026-01-23,LINK,-0.0111
2026-01-23,LTC,0.0592
2026-01-23,NEAR,0.0146
2026-01-23,PENGU,-0.0224
2026-01-23,PUMP,0.0047
2026-01-23,SOL,-0.003
2026-01-23,SUI,0.0113
2026-01-23,TAO,-0.0313
2026-01-23,UNI,-0.0122
2026-01-23,VVV,-0.0027
2026-01-23,WLD,0.0132
2026-01-23,XPL,-0.0042
2026-01-23,XRP,0.025
2026-01-23,ZEC,0.0107
2026-01-23,ZRO,0.011
2026-01-23,kPEPE,-0.0036
2026-01-24,AAVE,-0.0123
2026-01-24,ADA,0.0105
2026-01-24,ARB,0.0238
2026-01-24,AVAX,0.0001
2026-01-24,BCH,-0.0115
2026-01-24,BNB,0.0112
2026-01-24,BTC,-0.0064
2026-01-24,CRV,-0.0085
2026-01-24,DOGE,0.0002
2026-01-24,ENA,-0.0069
2026-01-24,ETH,-0.0041
2026-01-24,HYPE,0.0024
2026-01-24,LDO,0.0198
2026-01-24,LINK,0.0046
2026-01-24,LTC,-0.0295
2026-01-24,NEAR,-0.0143
2026-01-24,PENGU,0.0017
2026-01-24,PUMP,-0.0112
2026-01-24,SOL,0.0192
2026-01-24,SUI,0.0052
2026-01-24,TAO,-0.0028
2026-01-24,UNI,0.0104
2026-01-24,VVV,0.005
2026-01-24,WLD,-0.0253
2026-01-24,XPL,-0.0034
2026-01-24,XRP,0.0098
2026-01-24,ZEC,0.0019
2026-01-24,ZRO,0.0201
2026-01-24,kPEPE,0.0027
2026-01-25,AAVE,-0.0268
2026-01-25,ADA,-0.0032
2026-01-25,ARB,0.0127
2026-01-25,AVAX,0.0158
2026-01-25,BCH,0.0109
2026-01-25,BNB,-0.1338
2026-01-25,BTC,-0.1238
2026-01-25,CRV,-0.0062
2026-01-25,DOGE,0.0052
2026-01-25,ENA,-0.0068
2026-01-25,ETH,-0.0097
2026-01-25,FARTCOIN,0.0102
2026-01-25,HYPE,-0.0118
2026-01-25,LDO,0.0335
2026-01-25,LINK,-0.0078
2026-01-25,LTC,-0.0794
2026-01-25,NEAR,0.0294
2026-01-25,PENGU,0.0217
2026-01-25,PUMP,-0.0024
2026-01-25,SOL,-0.0134
2026-01-25,SUI,0.0299
2026-01-25,TAO,0.06
2026-01-25,UNI,-0.0229
2026-01-25,VVV,-0.0006
2026-01-25,WLD,0.0256
2026-01-25,XPL,0.0004
2026-01-25,XRP,-0.0212
2026-01-25,ZEC,-0.0109
2026-01-25,ZRO,-0.0149
2026-01-26,AAVE,0.0145
2026-01-26,ADA,0.002
2026-01-26,ARB,-0.0245
2026-01-26,AVAX,-0.0024
2026-01-26,BCH,0.0121
2026-01-26,BNB,0.1205
2026-01-26,BTC,0.1206
2026-01-26,CRV,0.0094
2026-01-26,DOGE,0.0005
2026-01-26,ENA,0.0065
2026-01-26,ETH,0.0215
2026-01-26,FARTCOIN,-0.012
2026-01-26,HYPE,0.0214
2026-01-26,LDO,-0.03
2026-01-26,LINK,-0.0022
2026-01-26,LTC,0.0723
2026-01-26,NEAR,-0.0144
2026-01-26,PENGU,-0.0217
2026-01-26,PUMP,0.0066
2026-01-26,SOL,-0.0143
2026-01-26,SUI,-0.0378
2026-01-26,TAO,-0.0517
2026-01-26,UNI,0.013
2026-01-26,VVV,0.0044
2026-01-26,WLD,-0.0157
2026-01-26,XPL,0.0056
2026-01-26,XRP,0.0121
2026-01-26,ZEC,-0.0027
2026-01-26,ZRO,-0.0118
2026-01-27,AAVE,0.0094
2026-01-27,ADA,-0.0009
2026-01-27,ARB,0.0001
2026-01-27,AVAX,-0.0093
2026-01-27,BCH,-0.0057
2026-01-27,BNB,0.0264
2026-01-27,BTC,-0.0039
2026-01-27,CRV,-0.0124
2026-01-27,DOGE,0.0044
2026-01-27,ENA,-0.0027
2026-01-27,ETH,-0.0149
2026-01-27,FARTCOIN,0.0012
2026-01-27,HYPE,-0.0007
2026-01-27,LDO,0.0182
2026-01-27,LINK,-0.0149
2026-01-27,LTC,0.0057
2026-01-27,NEAR,0.013
2026-01-27,PENGU,-0.0004
2026-01-27,PUMP,0.0038
2026-01-27,SOL,-0.0114
2026-01-27,SUI,-0.0031
2026-01-27,TAO,0.0054
2026-01-27,UNI,0.0199
2026-01-27,VVV,-0.0089
2026-01-27,WLD,0.0048
2026-01-27,XPL,-0.0051
2026-01-27,XRP,0.0012
2026-01-27,ZEC,0.0129
2026-01-27,ZRO,0.0087
2026-01-27,kPEPE,-0.0004
2026-01-28,AAVE,-0.0127
2026-01-28,ADA,0.0087
2026-01-28,ARB,0.0194
2026-01-28,AVAX,0.0095
2026-01-28,BCH,0.013
2026-01-28,BNB,-0.0056
2026-01-28,BTC,0.0038
2026-01-28,CRV,0.0063
2026-01-28,DOGE,0.0152
2026-01-28,ENA,-0.005
2026-01-28,FARTCOIN,-0.0004
2026-01-28,HYPE,0.0008
2026-01-28,LDO,-0.0136
2026-01-28,LINK,-0.0039
2026-01-28,LTC,0.0286
2026-01-28,NEAR,-0.006
2026-01-28,PENGU,-0.0002
2026-01-28,PUMP,0.0014
2026-01-28,SOL,-0.0052
2026-01-28,SUI,0.0083
2026-01-28,TAO,-0.0086
2026-01-28,UNI,-0.0369
2026-01-28,VVV,0.0061
2026-01-28,WLD,-0.0162
2026-01-28,XPL,-0.0018
2026-01-28,XRP,0.0003
2026-01-28,ZEC,0.0043
2026-01-28,ZRO,0.0151
2026-01-28,kPEPE,-0.0031
2026-01-29,AAVE,0.0273
2026-01-29,ADA,0.0162
2026-01-29,ARB,0.0022
2026-01-29,AVAX,-0.0054
2026-01-29,BCH,-0.0286
2026-01-29,BNB,-0.0087
2026-01-29,BTC,-0.1417
2026-01-29,CRV,0.0142
2026-01-29,DOGE,0.0017
2026-01-29,ENA,0.0117
2026-01-29,ETH,-0.0538
2026-01-29,FARTCOIN,0.0503
2026-01-29,HYPE,-0.0004
2026-01-29,LDO,-0.0279
2026-01-29,LINK,-0.0101
2026-01-29,LTC,-0.0547
2026-01-29,NEAR,0.0299
2026-01-29,ONDO,-0.0122
2026-01-29,PENGU,0.038
2026-01-29,PUMP,0.0127
2026-01-29,SOL,-0.0173
2026-01-29,SUI,-0.0223
2026-01-29,TAO,0.0244
2026-01-29,UNI,-0.0277
2026-01-29,VVV,0.033
2026-01-29,WLD,-0.0026
2026-01-29,XPL,0.0427
2026-01-29,XRP,-0.039
2026-01-29,ZEC,-0.0211
2026-01-29,ZRO,-0.0248
2026-01-29,kPEPE,-0.0006
2026-01-30,AAVE,-0.0065
2026-01-30,ADA,0.0195
2026-01-30,ARB,0.0131
2026-01-30,AVAX,0.0103
2026-01-30,BCH,-0.0719
2026-01-30,BNB,-0.1185
2026-01-30,BTC,-0.0411
2026-01-30,CRV,0.0126
2026-01-30,DOGE,-0.015
2026-01-30,ENA,-0.015
2026-01-30,ETH,0.0464
2026-01-30,FARTCOIN,0.0056
2026-01-30,HYPE,-0.0079
2026-01-30,LINK,0.0289
2026-01-30,LTC,-0.0168
2026-01-30,NEAR,-0.0425
2026-01-30,ONDO,-0.0141
2026-01-30,PENGU,0.0066
2026-01-30,PUMP,-0.025
2026-01-30,SOL,-0.0431
2026-01-30,SUI,0.0317
2026-01-30,TAO,0.0145
2026-01-30,UNI,0.0456
2026-01-30,VVV,0.0012
2026-01-30,WLD,0.0022
2026-01-30,XPL,0.0008
2026-01-30,XRP,0.0467
2026-01-30,ZEC,0.0186
2026-01-30,ZRO,0.004
2026-01-30,kPEPE,0.0101
2026-01-31,AAVE,-0.0251
2026-01-31,ADA,-0.0097
2026-01-31,ARB,-0.0223
2026-01-31,AVAX,-0.0732
2026-01-31,BCH,0.0127
2026-01-31,BNB,-0.056
2026-01-31,BTC,-0.0132
2026-01-31,CRV,-0.0309
2026-01-31,DOGE,0.0002
2026-01-31,ENA,0.0575
2026-01-31,ETH,-0.0015
2026-01-31,FARTCOIN,0.0286
2026-01-31,HYPE,-0.0014
2026-01-31,JUP,-0.0127
2026-01-31,LINK,-0.061
2026-01-31,LTC,0.0115
2026-01-31,NEAR,0.004
2026-01-31,ONDO,0.0263
2026-01-31,PENGU,-0.0019
2026-01-31,PUMP,0.0007
2026-01-31,SOL,0.0683
2026-01-31,SUI,0.0198
2026-01-31,TAO,-0.0134
2026-01-31,UNI,-0.0565
2026-01-31,VVV,0.0002
2026-01-31,WLD,0.01
2026-01-31,XPL,0.0417
2026-01-31,XRP,-0.0827
2026-01-31,ZEC,0.0311
2026-01-31,ZRO,0.0004
2026-01-31,kPEPE,0.0078
2026-02-01,AAVE,0.0604
2026-02-01,ADA,-0.0092
2026-02-01,ARB,-0.0045
2026-02-01,AVAX,0.0101
2026-02-01,BCH,-0.0386
2026-02-01,BNB,0.0809
2026-02-01,BTC,0.0195
2026-02-01,CRV,0.0275
2026-02-01,DOGE,-0.0429
2026-02-01,ENA,-0.0649
2026-02-01,ETH,0.0263
2026-02-01,FARTCOIN,-0.0681
2026-02-01,HYPE,0.0044
2026-02-01,JUP,0.0037
2026-02-01,LINK,0.032
2026-02-01,LTC,-0.0101
2026-02-01,NEAR,-0.0078
2026-02-01,PENGU,-0.0041
2026-02-01,PUMP,0.013
2026-02-01,SOL,-0.0064
2026-02-01,SUI,0.0132
2026-02-01,TAO,0.0295
2026-02-01,UNI,0.0724
2026-02-01,VVV,-0.0014
2026-02-01,WLD,-0.001
2026-02-01,XPL,-0.0208
2026-02-01,XRP,0.0592
2026-02-01,ZEC,-0.0521
2026-02-01,ZRO,0.0126
2026-02-01,kPEPE,-0.0319
2026-02-02,AAVE,-0.0349
2026-02-02,ADA,-0.0352
2026-02-02,ARB,0.0142
2026-02-02,AVAX,0.0271
2026-02-02,BCH,0.0543
2026-02-02,BNB,0.0535
2026-02-02,BTC,0.1105
2026-02-02,CRV,0.0118
2026-02-02,DOGE,0.0553
2026-02-02,ENA,0.0219
2026-02-02,ETH,0.0043
2026-02-02,FARTCOIN,-0.0141
2026-02-02,HYPE,-0.001
2026-02-02,JUP,-0.0187
2026-02-02,LINK,0.0516
2026-02-02,LTC,0.0854
2026-02-02,NEAR,0.0108
2026-02-02,PENGU,-0.0293
2026-02-02,PUMP,-0.0088
2026-02-02,SOL,0.0087
2026-02-02,SUI,-0.0235
2026-02-02,TAO,-0.0686
2026-02-02,UNI,0.0107
2026-02-02,VVV,-0.0385
2026-02-02,WLD,-0.0093
2026-02-02,XPL,-0.0103
2026-02-02,XRP,-0.0172
2026-02-02,ZEC,0.0194
2026-02-02,ZRO,-0.0045
2026-02-02,kPEPE,0.0176
2026-02-03,AAVE,0.0119
2026-02-03,ADA,0.007
2026-02-03,ARB,0.0278
2026-02-03,AVAX,0.047
2026-02-03,BCH,-0.0376
2026-02-03,BNB,-0.0713
2026-02-03,BTC,-0.0556
2026-02-03,CRV,-0.0432
2026-02-03,DOGE,-0.071
2026-02-03,ENA,-0.0101
2026-02-03,ETH,0.0163
2026-02-03,FARTCOIN,0.0162
2026-02-03,HYPE,-0.0011
2026-02-03,JUP,-0.0097
2026-02-03,LINK,-0.0236
2026-02-03,LTC,-0.1077
2026-02-03,NEAR,0.0079
2026-02-03,PENGU,0.0184
2026-02-03,PUMP,-0.0007
2026-02-03,SOL,-0.0002
2026-02-03,SUI,-0.0027
2026-02-03,TAO,0.0524
2026-02-03,UNI,-0.0399
2026-02-03,VVV,0.0023
2026-02-03,WLD,0.001
2026-02-03,XPL,-0.0377
2026-02-03,XRP,0.0442
2026-02-03,ZEC,0.0441
2026-02-03,ZRO,0.0016
2026-02-03,kPEPE,0.0216
2026-02-04,AAVE,0.016
2026-02-04,ADA,0.0312
2026-02-04,ARB,0.0042
2026-02-04,AVAX,-0.0296
2026-02-04,BCH,-0.005
2026-02-04,BNB,0.0431
2026-02-04,BTC,0.0276
2026-02-04,CRV,-0.0121
2026-02-04,DOGE,0.0304
2026-02-04,ENA,0.0065
2026-02-04,ETH,-0.058
2026-02-04,FARTCOIN,-0.0207
2026-02-04,HYPE,0.0008
2026-02-04,JUP,0.0005
2026-02-04,LINK,0.0053
2026-02-04,LTC,0.0302
2026-02-04,NEAR,-0.0149
2026-02-04,PENGU,-0.0267
2026-02-04,PUMP,0.0096
2026-02-04,SOL,-0.0299
2026-02-04,SUI,0.0397
2026-02-04,TAO,-0.0037
2026-02-04,UNI,0.0448
2026-02-04,VVV,0.0346
2026-02-04,WLD,-0.0002
2026-02-04,XPL,-0.0082
2026-02-04,XRP,-0.0191
2026-02-04,ZEC,-0.0199
2026-02-04,ZRO,-0.0075
2026-02-04,kPEPE,-0.0403
2026-02-05,AAVE,0.0046
2026-02-05,ADA,-0.082
2026-02-05,ARB,-0.0356
2026-02-05,AVAX,-0.0438
2026-02-05,BCH,0.0042
2026-02-05,BNB,-0.062
2026-02-05,BTC,-0.0479
2026-02-05,CRV,0.0165
2026-02-05,DOGE,0.0096
2026-02-05,ENA,0.0195
2026-02-05,ETH,0.0506
2026-02-05,FARTCOIN,0.0681
2026-02-05,HYPE,0.0054
2026-02-05,JUP,0.0172
2026-02-05,LINK,-0.0551
2026-02-05,LTC,-0.0365
2026-02-05,NEAR,-0.0217
2026-02-05,PENGU,0.0458
2026-02-05,PUMP,0.031
2026-02-05,SOL,0.0264
2026-02-05,SUI,0.0021
2026-02-05,TAO,-0.0229
2026-02-05,UNI,-0.0608
2026-02-05,VVV,0.0017
2026-02-05,WLD,0.0283
2026-02-05,XPL,0.0644
2026-02-05,XRP,0.0056
2026-02-05,ZEC,0.0471
2026-02-05,ZRO,0.0558
2026-02-05,kPEPE,0.0713
2026-02-06,AAVE,-0.0308
2026-02-06,ADA,0.0432
2026-02-06,ARB,-0.0074
2026-02-06,AVAX,0.049
2026-02-06,BCH,0.0452
2026-02-06,BNB,0.0876
2026-02-06,BTC,0.1229
2026-02-06,CRV,0.0253
2026-02-06,DOGE,0.0522
2026-02-06,ENA,0.0433
2026-02-06,ETH,-0.0071
2026-02-06,FARTCOIN,-0.0249
2026-02-06,HYPE,-0.0132
2026-02-06,JUP,-0.0049
2026-02-06,LINK,0.0422
2026-02-06,LTC,0.119
2026-02-06,NEAR,0.0466
2026-02-06,PENGU,-0.0351
2026-02-06,PUMP,-0.0253
2026-02-06,SOL,0.0011
2026-02-06,SUI,-0.0519
2026-02-06,TAO,0.051
2026-02-06,UNI,0.049
2026-02-06,VVV,-0.0431
2026-02-06,WLD,-0.0265
2026-02-06,XPL,-0.0441
2026-02-06,XRP,-0.0419
2026-02-06,ZEC,-0.0664
2026-02-06,ZRO,-0.0188
2026-02-06,kPEPE,-0.0411
2026-02-07,AAVE,-0.0198
2026-02-07,ADA,0.0252
2026-02-07,ARB,0.0102
2026-02-07,AVAX,0.0186
2026-02-07,BCH,0.0002
2026-02-07,BNB,0.0082
2026-02-07,BTC,-0.0014
2026-02-07,CRV,-0.0004
2026-02-07,DOGE,0.0108
2026-02-07,ENA,-0.0268
2026-02-07,ETH,-0.0565
2026-02-07,FARTCOIN,-0.0241
2026-02-07,HYPE,0.0232
2026-02-07,JUP,0.0155
2026-02-07,LINK,-0.0536
2026-02-07,LTC,-0.0365
2026-02-07,NEAR,-0.0252
2026-02-07,PENGU,0.0278
2026-02-07,PUMP,0.0116
2026-02-07,SOL,-0.0326
2026-02-07,SUI,0.0262
2026-02-07,TAO,-0.0036
2026-02-07,UNI,-0.0006
2026-02-07,VVV,0.0358
2026-02-07,WLD,0.0004
2026-02-07,XPL,0.0161
2026-02-07,XRP,-0.0055
2026-02-07,ZEC,-0.0025
2026-02-07,ZRO,-0.0268
2026-02-07,kPEPE,0.0176
2026-02-08,AAVE,0.0101
2026-02-08,ADA,0.007
2026-02-08,ARB,-0.0071
2026-02-08,AVAX,-0.0049
2026-02-08,BCH,-0.0423
2026-02-08,BNB,-0.0432
2026-02-08,BTC,-0.0552
2026-02-08,CRV,0.007
2026-02-08,DOGE,-0.0124
2026-02-08,ENA,-0.0133
2026-02-08,ETH,-0.0022
2026-02-08,FARTCOIN,-0.0143
2026-02-08,HYPE,-0.01
2026-02-08,JUP,-0.0118
2026-02-08,LINK,0.0374
2026-02-08,LTC,0.0066
2026-02-08,NEAR,-0.0105
2026-02-08,PENGU,-0.0305
2026-02-08,PUMP,-0.0361
2026-02-08,SOL,0.0304
2026-02-08,SUI,-0.0455
2026-02-08,TAO,0.0075
2026-02-08,UNI,0.0072
2026-02-08,VVV,-0.0127
2026-02-08,WLD,0.0001
2026-02-08,XPL,-0.0197
2026-02-08,XRP,-0.0195
2026-02-08,ZEC,-0.022
2026-02-08,ZRO,-0.0141
2026-02-08,kPEPE,-0.0255
2026-02-09,AAVE,0.0034
2026-02-09,ADA,0.0039
2026-02-09,ARB,0.0108
2026-02-09,AVAX,-0.0108
2026-02-09,BCH,0.011
2026-02-09,BNB,0.0246
2026-02-09,BTC,0.018
2026-02-09,CRV,-0.0068
2026-02-09,DOGE,0.0045
2026-02-09,ENA,-0.0162
2026-02-09,ETH,-0.0002
2026-02-09,FARTCOIN,0.0215
2026-02-09,HYPE,-0.0003
2026-02-09,JUP,0.0148
2026-02-09,LINK,-0.0114
2026-02-09,LTC,-0.0039
2026-02-09,NEAR,0.0247
2026-02-09,PENGU,0.014
2026-02-09,PUMP,0.0114
2026-02-09,SOL,0.0113
2026-02-09,SUI,0.0194
2026-02-09,TAO,-0.011
2026-02-09,UNI,-0.059
2026-02-09,VVV,-0.0268
2026-02-09,WLD,0.0085
2026-02-09,XPL,-0.0296
2026-02-09,XRP,0.0027
2026-02-09,ZEC,0.0164
2026-02-09,ZRO,-0.0027
2026-02-09,kPEPE,-0.0265
2026-02-10,AAVE,-0.0375
2026-02-10,ADA,-0.0194
2026-02-10,ARB,0.0222
2026-02-10,AVAX,-0.001
2026-02-10,BCH,-0.0239
2026-02-10,BNB,-0.0326
2026-02-10,BTC,-0.0799
2026-02-10,DOGE,-0.0124
2026-02-10,ETH,-0.0019
2026-02-10,FARTCOIN,0.0308
2026-02-10,HYPE,-0.0101
2026-02-10,LDO,0.0163
2026-02-10,LINK,-0.0017
2026-02-10,LTC,-0.0582
2026-02-10,NEAR,0.0185
2026-02-10,PENGU,0.0319
2026-02-10,PUMP,0.0067
2026-02-10,SOL,-0.0375
2026-02-10,SUI,0.0234
2026-02-10,TAO,-0.0023
2026-02-10,UNI,0.0263
2026-02-10,VVV,0.0251
2026-02-10,WLD,-0.0137
2026-02-10,XPL,0.0324
2026-02-10,XRP,-0.002
2026-02-10,ZEC,-0.0056
2026-02-10,ZRO,-0.0034
2026-02-10,kPEPE,0.0173
2026-02-11,AAVE,0.0102
2026-02-11,ADA,0.0148
2026-02-11,ARB,-0.007
2026-02-11,AVAX,-0.031
2026-02-11,BCH,-0.0045
2026-02-11,BNB,0.0051
2026-02-11,BTC,0.0476
2026-02-11,CRV,-0.0462
2026-02-11,DOGE,-0.0194
2026-02-11,ENA,0.0203
2026-02-11,ETH,0.0251
2026-02-11,FARTCOIN,0.0054
2026-02-11,HYPE,0.01
2026-02-11,JUP,-0.0031
2026-02-11,LDO,0.0132
2026-02-11,LINK,0.0079
2026-02-11,LTC,0.0025
2026-02-11,PENGU,-0.0027
2026-02-11,PUMP,-0.0024
2026-02-11,SOL,-0.0112
2026-02-11,SUI,0.0101
2026-02-11,TAO,0.0079
2026-02-11,UNI,-0.057
2026-02-11,WLD,0.0179
2026-02-11,XPL,-0.0252
2026-02-11,XRP,-0.0001
2026-02-11,ZEC,-0.011
2026-02-11,ZRO,0.0032
2026-02-11,kPEPE,0.0149
2026-02-12,AAVE,-0.0053
2026-02-12,ADA,0.0013
2026-02-12,ARB,-0.0033
2026-02-12,AVAX,0.0288
2026-02-12,BCH,0.0438
2026-02-12,BNB,0.0309
2026-02-12,BTC,0.0422
2026-02-12,CRV,0.0502
2026-02-12,DOGE,0.0211
2026-02-12,ENA,-0.0339
2026-02-12,ETH,-0.0037
2026-02-12,FARTCOIN,-0.0748
2026-02-12,HYPE,-0.008
2026-02-12,JUP,0.0032
2026-02-12,LDO,-0.0166
2026-02-12,LINK,0.0326
2026-02-12,LTC,0.0669
2026-02-12,NEAR,-0.0023
2026-02-12,PENGU,-0.0492
2026-02-12,PUMP,-0.006
2026-02-12,SOL,0.0107
2026-02-12,SUI,-0.0336
2026-02-12,TAO,-0.0348
2026-02-12,UNI,0.0418
2026-02-12,WLD,-0.0081
2026-02-12,XPL,-0.0045
2026-02-12,XRP,0.0018
2026-02-12,ZEC,0.0197
2026-02-12,ZRO,0.0031
2026-02-12,kPEPE,-0.0094
2026-02-13,AAVE,0.003
2026-02-13,ADA,0.0198
2026-02-13,ARB,-0.0073
2026-02-13,AVAX,-0.0121
2026-02-13,BCH,-0.0132
2026-02-13,BNB,-0.0128
2026-02-13,BTC,0.0066
2026-02-13,CRV,-0.0039
2026-02-13,DOGE,0.0073
2026-02-13,ENA,0.0135
2026-02-13,ETH,0.0151
2026-02-13,FARTCOIN,0.0137
2026-02-13,HYPE,0.0017
2026-02-13,JUP,-0.0197
2026-02-13,LINK,0.0055
2026-02-13,LTC,0.0122
2026-02-13,NEAR,-0.0046
2026-02-13,PUMP,-0.0094
2026-02-13,SOL,-0.0091
2026-02-13,SUI,0.0032
2026-02-13,TAO,-0.0499
2026-02-13,UNI,0.0256
2026-02-13,WLD,0.0084
2026-02-13,XPL,-0.0001
2026-02-13,XRP,0.034
2026-02-13,ZEC,-0.0046
2026-02-13,ZRO,-0.0007
2026-02-13,kPEPE,0.0061
2026-02-14,AAVE,0.0162
2026-02-14,ADA,0.0018
2026-02-14,ARB,-0.0138
2026-02-14,AVAX,0.0248
2026-02-14,BCH,0.0097
2026-02-14,BNB,0.017
2026-02-14,BTC,0.0005
2026-02-14,CRV,0.0082
2026-02-14,DOGE,-0.0449
2026-02-14,ENA,0.0034
2026-02-14,ETH,0.0114
2026-02-14,FARTCOIN,-0.0098
2026-02-14,HYPE,0.003
2026-02-14,JUP,0.0138
2026-02-14,LDO,-0.0129
2026-02-14,LINK,0.007
2026-02-14,LTC,0.0099
2026-02-14,NEAR,-0.0143
2026-02-14,PENGU,-0.0046
2026-02-14,PUMP,-0.0007
2026-02-14,SOL,0.026
2026-02-14,SUI,0.0001
2026-02-14,TAO,0.0218
2026-02-14,UNI,0.0196
2026-02-14,VVV,-0.0119
2026-02-14,WLD,-0.005
2026-02-14,XPL,0.0083
2026-02-14,XRP,0.0116
2026-02-14,ZEC,0.0011
2026-02-14,ZRO,0.0028
2026-02-14,kPEPE,-0.0279
2026-02-15,AAVE,-0.0162
2026-02-15,ADA,-0.0028
2026-02-15,ARB,0.0214
2026-02-15,AVAX,-0.0244
2026-02-15,BCH,-0.0208
2026-02-15,BNB,-0.006
2026-02-15,BTC,-0.0099
2026-02-15,CRV,-0.0011
2026-02-15,DOGE,0.0029
2026-02-15,ENA,0.0034
2026-02-15,ETH,0.0013
2026-02-15,FARTCOIN,-0.0039
2026-02-15,HYPE,0.0187
2026-02-15,JUP,-0.0085
2026-02-15,LINK,-0.0204
2026-02-15,LTC,-0.0037
2026-02-15,NEAR,-0.0224
2026-02-15,PENGU,0.0006
2026-02-15,PUMP,-0.002
2026-02-15,SOL,-0.0039
2026-02-15,SUI,0.003
2026-02-15,TAO,-0.0282
2026-02-15,UNI,0.0022
2026-02-15,VVV,0.0073
2026-02-15,WLD,0.0115
2026-02-15,XPL,-0.0046
2026-02-15,XRP,0.0101
2026-02-15,ZEC,-0.0037
2026-02-15,ZRO,0.0301
2026-02-15,kPEPE,0.0085
2026-02-16,AAVE,0.0162
2026-02-16,ADA,0.0068
2026-02-16,ARB,0.0018
2026-02-16,AVAX,0.0251
2026-02-16,BCH,0.0136
2026-02-16,BNB,0.0037
2026-02-16,BTC,0.0082
2026-02-16,CRV,-0.0103
2026-02-16,DOGE,-0.0096
2026-02-16,ETH,-0.0028
2026-02-16,FARTCOIN,0.0041
2026-02-16,HYPE,0.0024
2026-02-16,JUP,0.0113
2026-02-16,LINK,0.0087
2026-02-16,LTC,0.0021
2026-02-16,NEAR,0.015
2026-02-16,PENGU,-0.0029
2026-02-16,PUMP,0.0156
2026-02-16,SOL,0.0061
2026-02-16,SUI,0.0002
2026-02-16,TAO,0.0002
2026-02-16,UNI,-0.0251
2026-02-16,VVV,-0.012
2026-02-16,WLD,-0.0092
2026-02-16,XPL,-0.0109
2026-02-16,XRP,-0.0097
2026-02-16,ZEC,0.0016
2026-02-16,ZRO,-0.02
2026-02-16,kPEPE,0.0016
2026-02-17,AAVE,-0.0228
2026-02-17,ADA,-0.002
2026-02-17,ARB,-0.0308
2026-02-17,AVAX,0.002
2026-02-17,BCH,0.0038
2026-02-17,BNB,-0.0016
2026-02-17,BTC,-0.0034
2026-02-17,CRV,0.0104
2026-02-17,DOGE,-0.0183
2026-02-17,ENA,-0.007
2026-02-17,ETH,-0.0133
2026-02-17,FARTCOIN,0.0133
2026-02-17,HYPE,-0.0202
2026-02-17,JUP,-0.0264
2026-02-17,LINK,-0.0025
2026-02-17,LTC,-0.0033
2026-02-17,NEAR,0.0152
2026-02-17,PENGU,0.0155
2026-02-17,PUMP,-0.0141
2026-02-17,SOL,-0.002
2026-02-17,SUI,0.0062
2026-02-17,TAO,0.01
2026-02-17,UNI,0.0142
2026-02-17,VVV,0.0039
2026-02-17,WLD,0.0137
2026-02-17,XPL,0.0291
2026-02-17,XRP,-0.0063
2026-02-17,ZEC,-0.0107
2026-02-17,ZRO,0.0032
2026-02-17,kPEPE,0.0146
2026-02-18,AAVE,-0.004
2026-02-18,ADA,-0.0081
2026-02-18,ARB,0.0159
2026-02-18,AVAX,-0.0216
2026-02-18,BCH,-0.0146
2026-02-18,BNB,-0.0154
2026-02-18,BTC,0.004
2026-02-18,CRV,0.0044
2026-02-18,DOGE,-0.0004
2026-02-18,ETH,-0.0157
2026-02-18,FARTCOIN,-0.0136
2026-02-18,HYPE,-0.0059
2026-02-18,JUP,0.0443
2026-02-18,LINK,-0.0209
2026-02-18,LTC,0.0018
2026-02-18,NEAR,-0.0034
2026-02-18,PENGU,0.0026
2026-02-18,PUMP,0.0165
2026-02-18,SOL,0.0206
2026-02-18,SUI,0.0237
2026-02-18,TAO,0.0026
2026-02-18,UNI,-0.0513
2026-02-18,VVV,-0.0035
2026-02-18,WLD,-0.0068
2026-02-18,XPL,-0.0028
2026-02-18,XRP,0.0174
2026-02-18,ZEC,0.0022
2026-02-18,ZRO,0.0217
2026-02-18,kPEPE,-0.0148
2026-02-19,AAVE,0.0135
2026-02-19,ADA,-0.0002
2026-02-19,ARB,-0.0198
2026-02-19,AVAX,0.008
2026-02-19,BCH,-0.0136
2026-02-19,BNB,0.0092
2026-02-19,BTC,-0.0006
2026-02-19,CRV,-0.0003
2026-02-19,DOGE,0.0173
2026-02-19,ENA,-0.0036
2026-02-19,ETH,0.0147
2026-02-19,FARTCOIN,0.0213
2026-02-19,HYPE,0.007
2026-02-19,JUP,-0.0089
2026-02-19,LINK,0.0321
2026-02-19,LIT,-0.0309
2026-02-19,LTC,-0.0019
2026-02-19,NEAR,0.0038
2026-02-19,PUMP,-0.0143
2026-02-19,SOL,-0.0291
2026-02-19,SUI,-0.0167
2026-02-19,TAO,0.0126
2026-02-19,UNI,0.0553
2026-02-19,WLD,0.0023
2026-02-19,XPL,-0.0187
2026-02-19,XRP,-0.0156
2026-02-19,ZEC,0.0113
2026-02-19,ZRO,-0.0217
2026-02-19,kPEPE,0.0099
2026-02-20,AAVE,0.0065
2026-02-20,ADA,-0.0338
2026-02-20,ARB,0.008
2026-02-20,AVAX,0.0155
2026-02-20,BCH,0.0314
2026-02-20,BNB,0.012
2026-02-20,BTC,0.0086
2026-02-20,CRV,-0.003
2026-02-20,DOGE,0.005
2026-02-20,ENA,0.0182
2026-02-20,ETH,0.0361
2026-02-20,FARTCOIN,-0.0057
2026-02-20,HYPE,0.0049
2026-02-20,LINK,-0.0097
2026-02-20,LIT,0.0038
2026-02-20,LTC,-0.0122
2026-02-20,NEAR,-0.0154
2026-02-20,PENGU,-0.019
2026-02-20,PUMP,0.0032
2026-02-20,SOL,0.0206
2026-02-20,SUI,-0.0026
2026-02-20,TAO,0.0093
2026-02-20,UNI,-0.0139
2026-02-20,VVV,0.0009
2026-02-20,WLD,-0.0188
2026-02-20,XPL,0.0156
2026-02-20,XRP,0.008
2026-02-20,ZEC,-0.0006
2026-02-20,ZRO,-0.0123
2026-02-20,kPEPE,-0.0204
2026-02-21,AAVE,-0.0093
2026-02-21,ADA,0.0408
2026-02-21,ARB,-0.0416
2026-02-21,AVAX,0.0027
2026-02-21,BCH,0.0144
2026-02-21,BNB,-0.0047
2026-02-21,BTC,-0.0027
2026-02-21,CRV,-0.0153
2026-02-21,DOGE,0.0067
2026-02-21,ENA,-0.0111
2026-02-21,ETH,-0.0126
2026-02-21,FARTCOIN,0.011
2026-02-21,HYPE,0.0087
2026-02-21,LINK,0.0006
2026-02-21,LIT,0.008
2026-02-21,LTC,0.0165
2026-02-21,NEAR,0.0149
2026-02-21,PENGU,0.0191
2026-02-21,PUMP,-0.0045
2026-02-21,SOL,-0.0037
2026-02-21,SUI,0.0026
2026-02-21,TAO,-0.0251
2026-02-21,UNI,-0.0447
2026-02-21,VVV,0.0005
2026-02-21,WLD,0.0166
2026-02-21,XPL,-0.0184
2026-02-21,XRP,-0.0005
2026-02-21,ZEC,-0.0038
2026-02-21,ZRO,-0.0054
2026-02-21,kPEPE,0.0276
2026-02-22,AAVE,0.0361
2026-02-22,ADA,0.0014
2026-02-22,ARB,0.049
2026-02-22,AVAX,-0.0217
2026-02-22,BCH,-0.0288
2026-02-22,BNB,-0.0196
2026-02-22,BTC,0.0023
2026-02-22,CRV,0.026
2026-02-22,DOGE,0.0147
2026-02-22,ENA,-0.0072
2026-02-22,ETH,-0.0344
2026-02-22,FARTCOIN,-0.0109
2026-02-22,HYPE,-0.0223
2026-02-22,LINK,-0.0229
2026-02-22,LIT,-0.0077
2026-02-22,LTC,-0.0124
2026-02-22,NEAR,-0.0111
2026-02-22,PENGU,-0.0026
2026-02-22,PUMP,0.007
2026-02-22,SOL,0.0178
2026-02-22,SUI,0.0072
2026-02-22,TAO,0.0156
2026-02-22,UNI,-0.0078
2026-02-22,VVV,-0.0014
2026-02-22,WLD,-0.0187
2026-02-22,XPL,0.0214
2026-02-22,XRP,-0.0104
2026-02-22,ZEC,0.0196
2026-02-22,ZRO,0.0017
2026-02-22,kPEPE,-0.0125
2026-02-23,AAVE,-0.0341
2026-02-23,ADA,0.0062
2026-02-23,ARB,-0.0752
2026-02-23,AVAX,0.0097
2026-02-23,BCH,0.021
2026-02-23,BNB,-0.0465
2026-02-23,BTC,-0.0524
2026-02-23,CRV,0.0135
2026-02-23,DOGE,0.0124
2026-02-23,ENA,-0.0193
2026-02-23,ETH,0.0142
2026-02-23,FARTCOIN,0.0909
2026-02-23,HYPE,0.0387
2026-02-23,LINK,-0.0416
2026-02-23,LIT,0.0423
2026-02-23,LTC,-0.0496
2026-02-23,NEAR,0.0209
2026-02-23,PENGU,0.02
2026-02-23,PUMP,0.0118
2026-02-23,SOL,-0.0071
2026-02-23,SUI,0.005
2026-02-23,TAO,0.0061
2026-02-23,UNI,0.026
2026-02-23,VVV,0.0052
2026-02-23,WLD,-0.011
2026-02-23,XPL,-0.0149
2026-02-23,XRP,-0.0096
2026-02-23,ZEC,-0.0258
2026-02-23,ZRO,0.0246
2026-02-23,kPEPE,-0.0063
2026-02-24,AAVE,0.0074
2026-02-24,ADA,0.006
2026-02-24,ARB,0.0446
2026-02-24,AVAX,0.0111
2026-02-24,BCH,0.0216
2026-02-24,BNB,0.0643
2026-02-24,BTC,0.0223
2026-02-24,CRV,-0.0281
2026-02-24,DOGE,-0.0193
2026-02-24,ENA,0.0557
2026-02-24,ETH,-0.0045
2026-02-24,FARTCOIN,-0.0729
2026-02-24,HYPE,-0.0326
2026-02-24,LINK,0.0459
2026-02-24,LIT,-0.0439
2026-02-24,LTC,0.0376
2026-02-24,NEAR,0.0065
2026-02-24,PENGU,-0.0392
2026-02-24,PUMP,0.0112
2026-02-24,SOL,-0.0345
2026-02-24,SUI,-0.0317
2026-02-24,TAO,0.0133
2026-02-24,UNI,0.0485
2026-02-24,VVV,-0.0053
2026-02-24,WLD,0.0131
2026-02-24,XPL,0.0118
2026-02-24,XRP,0.0002
2026-02-24,ZEC,0.01
2026-02-24,ZRO,-0.0234
2026-02-24,kPEPE,0.011
2026-02-25,AAVE,0.0458
2026-02-25,ADA,-0.0684
2026-02-25,ARB,0.0381
2026-02-25,AVAX,-0.048
2026-02-25,BCH,0.0026
2026-02-25,BNB,0.0088
2026-02-25,BTC,0.0298
2026-02-25,CRV,-0.0082
2026-02-25,DOGE,0.0089
2026-02-25,ENA,-0.0186
2026-02-25,ETH,0.0297
2026-02-25,FARTCOIN,0.0073
2026-02-25,HYPE,0.027
2026-02-25,LINK,-0.0068
2026-02-25,LIT,0.0312
2026-02-25,LTC,0.0132
2026-02-25,NEAR,-0.0675
2026-02-25,PENGU,0.0137
2026-02-25,PUMP,-0.0228
2026-02-25,SOL,0.0363
2026-02-25,SUI,0.0097
2026-02-25,TAO,0.0137
2026-02-25,UNI,-0.0825
2026-02-25,VVV,-0.0011
2026-02-25,WLD,-0.0081
2026-02-25,XPL,-0.0231
2026-02-25,XRP,0.0369
2026-02-25,ZEC,0.0106
2026-02-25,ZRO,0.0119
2026-02-25,kPEPE,-0.001
2026-02-26,AAVE,-0.0012
2026-02-26,ADA,0.0192
2026-02-26,ARB,0.0137
2026-02-26,AVAX,-0.0128
2026-02-26,BCH,-0.02
2026-02-26,BNB,-0.0188
2026-02-26,BTC,-0.0022
2026-02-26,CRV,-0.0411
2026-02-26,DOGE,-0.0076
2026-02-26,ENA,0.0032
2026-02-26,ETH,-0.0174
2026-02-26,FARTCOIN,-0.0446
2026-02-26,HYPE,0.0338
2026-02-26,LINK,-0.0356
2026-02-26,LIT,0.0059
2026-02-26,LTC,0.0083
2026-02-26,NEAR,0.0011
2026-02-26,PENGU,0.0002
2026-02-26,PUMP,0.0041
2026-02-26,SOL,-0.0173
2026-02-26,SUI,-0.0163
2026-02-26,TAO,0.0057
2026-02-26,UNI,0.0014
2026-02-26,VVV,0.0126
2026-02-26,WLD,0.0011
2026-02-26,XPL,0.0083
2026-02-26,XRP,0.0117
2026-02-26,ZEC,0.0123
2026-02-26,ZRO,-0.018
2026-02-26,kPEPE,0.0084
2026-02-27,AAVE,-0.0209
2026-02-27,ADA,0.0157
2026-02-27,ARB,-0.0728
2026-02-27,AVAX,0.0136
2026-02-27,BCH,0.0232
2026-02-27,BNB,0.0043
2026-02-27,BTC,-0.0008
2026-02-27,CRV,0.017
2026-02-27,DOGE,-0.0033
2026-02-27,ENA,-0.0037
2026-02-27,ETH,-0.0017
2026-02-27,FARTCOIN,-0.0016
2026-02-27,HYPE,0.0149
2026-02-27,LINK,0.0049
2026-02-27,LIT,-0.0199
2026-02-27,LTC,-0.0094
2026-02-27,NEAR,0.0066
2026-02-27,PENGU,-0.0208
2026-02-27,PUMP,-0.018
2026-02-27,SOL,0.0051
2026-02-27,SUI,-0.0061
2026-02-27,TAO,0.0024
2026-02-27,UNI,0.0181
2026-02-27,VVV,0.006
2026-02-27,WLD,-0.0028
2026-02-27,XPL,0.0029
2026-02-27,XRP,-0.0099
2026-02-27,ZEC,-0.0073
2026-02-27,ZRO,0.0035
2026-02-27,kPEPE,0.0125
2026-02-28,AAVE,0.0112
2026-02-28,ADA,-0.0131
2026-02-28,ARB,0.0735
2026-02-28,AVAX,0.0299
2026-02-28,BCH,-0.0094
2026-02-28,BNB,0.0039
2026-02-28,BTC,0.0019
2026-02-28,CRV,-0.0069
2026-02-28,DOGE,-0.0178
2026-02-28,ENA,0.0286
2026-02-28,ETH,0.0114
2026-02-28,FARTCOIN,-0.0014
2026-02-28,HYPE,-0.0449
2026-02-28,LINK,0.0534
2026-02-28,LIT,0.0245
2026-02-28,LTC,-0.0044
2026-02-28,NEAR,-0.0092
2026-02-28,PENGU,0.0072
2026-02-28,PUMP,0.003
2026-02-28,SOL,-0.0132
2026-02-28,SUI,0.0029
2026-02-28,TAO,-0.0316
2026-02-28,UNI,-0.0006
2026-02-28,VVV,-0.0119
2026-02-28,WLD,0.0116
2026-02-28,XPL,-0.0083
2026-02-28,XRP,-0.026
2026-02-28,ZEC,-0.0049
2026-02-28,ZRO,0.0001
2026-02-28,kPEPE,-0.0251
2026-03-01,AAVE,-0.0247
2026-03-01,ADA,-0.0049
2026-03-01,ARB,-0.0264
2026-03-01,AVAX,-0.0172
2026-03-01,BCH,0.0097
2026-03-01,BNB,-0.0085
2026-03-01,BTC,0.0007
2026-03-01,CRV,0.0201
2026-03-01,DOGE,0.0133
2026-03-01,ENA,-0.0527
2026-03-01,ETH,-0.013
2026-03-01,FARTCOIN,0.0209
2026-03-01,HYPE,0.045
2026-03-01,LINK,-0.0077
2026-03-01,LIT,0.0168
2026-03-01,LTC,0.0033
2026-03-01,NEAR,0.0004
2026-03-01,PENGU,-0.0023
2026-03-01,PUMP,-0.0085
2026-03-01,SOL,0.0147
2026-03-01,TAO,-0.0063
2026-03-01,UNI,0.0002
2026-03-01,VVV,0.0096
2026-03-01,WLD,-0.0154
2026-03-01,XPL,-0.0019
2026-03-01,XRP,0.0264
2026-03-01,ZEC,-0.0142
2026-03-01,ZRO,0.0019
2026-03-01,kPEPE,0.0029
2026-03-02,AAVE,0.0172
2026-03-02,ADA,-0.0017
2026-03-02,ARB,0.0309
2026-03-02,AVAX,0.0131
2026-03-02,BCH,-0.0234
2026-03-02,BNB,0.0073
2026-03-02,BTC,0.0039
2026-03-02,CRV,0.0035
2026-03-02,DOGE,0.016
2026-03-02,ENA,-0.0063
2026-03-02,ETH,0.0218
2026-03-02,FARTCOIN,-0.0151
2026-03-02,HYPE,-0.023
2026-03-02,LINK,0.0111
2026-03-02,LIT,-0.0231
2026-03-02,LTC,0.0057
2026-03-02,NEAR,-0.005
2026-03-02,PENGU,0.0021
2026-03-02,PUMP,0.0124
2026-03-02,SOL,0.0044
2026-03-02,SUI,0.0031
2026-03-02,TAO,-0.0032
2026-03-02,UNI,-0.0119
2026-03-02,VVV,-0.0082
2026-03-02,WLD,0.0249
2026-03-02,XPL,-0.0037
2026-03-02,XRP,-0.0221
2026-03-02,ZEC,-0.005
2026-03-02,ZRO,0.0269
2026-03-02,kPEPE,0.0047
2026-03-03,AAVE,-0.0139
2026-03-03,ADA,0.0123
2026-03-03,ARB,-0.0112
2026-03-03,AVAX,-0.0148
2026-03-03,BCH,0.0138
2026-03-03,BNB,0.0054
2026-03-03,BTC,-0.0042
2026-03-03,CRV,-0.0409
2026-03-03,DOGE,0.012
2026-03-03,ENA,-0.0168
2026-03-03,ETH,-0.0033
2026-03-03,FARTCOIN,-0.0002
2026-03-03,HYPE,-0.004
2026-03-03,LINK,-0.0062
2026-03-03,LIT,-0.0171
2026-03-03,LTC,0.0048
2026-03-03,NEAR,-0.0028
2026-03-03,PENGU,-0.0083
2026-03-03,PUMP,0.0088
2026-03-03,SOL,-0.0365
2026-03-03,SUI,-0.0032
2026-03-03,TAO,0.0224
2026-03-03,UNI,0.0238
2026-03-03,VVV,0.0572
2026-03-03,WLD,-0.0035
2026-03-03,XPL,0.0035
2026-03-03,XRP,0.0081
2026-03-03,ZEC,0.0072
2026-03-03,ZRO,-0.011
2026-03-04,AAVE,-0.0033
2026-03-04,ADA,0.0155
2026-03-04,ARB,0.0041
2026-03-04,AVAX,0.0391
2026-03-04,BCH,0.007
2026-03-04,BNB,0.0085
2026-03-04,BTC,-0.0026
2026-03-04,CRV,0.048
2026-03-04,DOGE,-0.057
2026-03-04,ENA,0.0203
2026-03-04,ETH,-0.0202
2026-03-04,FARTCOIN,0.0023
2026-03-04,HYPE,0.0129
2026-03-04,LINK,-0.0179
2026-03-04,LIT,0.0309
2026-03-04,LTC,0.0041
2026-03-04,NEAR,0.0052
2026-03-04,PENGU,0.0163
2026-03-04,SOL,0.0387
2026-03-04,TAO,0.0002
2026-03-04,VVV,-0.0209
2026-03-04,WLD,0.0034
2026-03-04,XPL,-0.0029
2026-03-04,XRP,-0.0135
2026-03-04,ZEC,-0.0114
2026-03-04,ZRO,-0.0057
2026-03-04,kPEPE,-0.0126
2026-03-05,AAVE,-0.0229
2026-03-05,ADA,-0.0076
2026-03-05,ARB,0.0107
2026-03-05,AVAX,-0.0136
2026-03-05,BCH,-0.0682
2026-03-05,BNB,-0.0083
2026-03-05,BTC,-0.0072
2026-03-05,CRV,0.0166
2026-03-05,DOGE,0.0088
2026-03-05,ENA,0.0298
2026-03-05,ETH,0.0127
2026-03-05,FARTCOIN,0.0082
2026-03-05,HYPE,-0.0162
2026-03-05,LINK,-0.0075
2026-03-05,LIT,-0.0239
2026-03-05,LTC,-0.006
2026-03-05,NEAR,0.0088
2026-03-05,PENGU,0.0193
2026-03-05,PUMP,-0.0082
2026-03-05,SOL,0.002
2026-03-05,SUI,-0.028
2026-03-05,TAO,-0.0261
2026-03-05,UNI,0.0089
2026-03-05,VVV,0.006
2026-03-05,WLD,0.0035
2026-03-05,XRP,0.0183
2026-03-05,ZEC,0.003
2026-03-05,ZRO,0.0248
2026-03-05,kPEPE,0.0105
2026-03-06,AAVE,0.0294
2026-03-06,ADA,0.0074
2026-03-06,ARB,-0.0147
2026-03-06,AVAX,0.0043
2026-03-06,BCH,0.0337
2026-03-06,BNB,0.0058
2026-03-06,BTC,0.003
2026-03-06,CRV,-0.0202
2026-03-06,DOGE,-0.0304
2026-03-06,ENA,-0.0258
2026-03-06,ETH,-0.0117
2026-03-06,FARTCOIN,0.0073
2026-03-06,HYPE,-0.0224
2026-03-06,LINK,-0.0382
2026-03-06,LIT,0.0197
2026-03-06,LTC,-0.0016
2026-03-06,NEAR,-0.0055
2026-03-06,PENGU,0.0138
2026-03-06,SOL,0.0014
2026-03-06,SUI,0.0375
2026-03-06,TAO,0.039
2026-03-06,UNI,-0.0059
2026-03-06,VVV,-0.0399
2026-03-06,XPL,0.0404
2026-03-06,XRP,-0.0161
2026-03-06,ZEC,0.009
2026-03-06,ZRO,-0.0216
2026-03-06,kPEPE,-0.0175
2026-03-07,AAVE,0.0212
2026-03-07,ADA,-0.0088
2026-03-07,ARB,0.0057
2026-03-07,AVAX,0.0048
2026-03-07,BCH,-0.03
2026-03-07,BNB,0.0104
2026-03-07,BTC,0.0044
2026-03-07,CRV,0.0208
2026-03-07,DOGE,0.0362
2026-03-07,ENA,-0.0024
2026-03-07,ETH,-0.0117
2026-03-07,FARTCOIN,-0.0036
2026-03-07,HYPE,-0.0065
2026-03-07,LINK,0.0509
2026-03-07,LIT,-0.0456
2026-03-07,LTC,-0.0221
2026-03-07,NEAR,-0.0034
2026-03-07,PENGU,-0.0058
2026-03-07,PUMP,-0.0093
2026-03-07,SOL,0.0015
2026-03-07,SUI,-0.0162
2026-03-07,TAO,-0.0102
2026-03-07,UNI,0.0059
2026-03-07,VVV,-0.0043
2026-03-07,WLD,0.0096
2026-03-07,XPL,0.0157
2026-03-07,XRP,-0.0083
2026-03-07,ZEC,0.0144
2026-03-07,ZRO,0.0034
2026-03-07,kPEPE,0.011
2026-03-08,AAVE,-0.0278
2026-03-08,ADA,-0.0034
2026-03-08,ARB,-0.0067
2026-03-08,AVAX,-0.0053
2026-03-08,BCH,0.0294
2026-03-08,BNB,0.0027
2026-03-08,CRV,-0.0108
2026-03-08,DOGE,-0.0127
2026-03-08,ENA,0.0123
2026-03-08,ETH,0.0199
2026-03-08,FARTCOIN,-0.0129
2026-03-08,HYPE,0.0044
2026-03-08,LINK,-0.0068
2026-03-08,LIT,0.0064
2026-03-08,LTC,0.0186
2026-03-08,NEAR,0.0075
2026-03-08,PENGU,-0.0111
2026-03-08,PUMP,0.0086
2026-03-08,SOL,0.0035
2026-03-08,SUI,0.0301
2026-03-08,TAO,-0.0381
2026-03-08,UNI,0.0051
2026-03-08,VVV,0.0024
2026-03-08,WLD,-0.0168
2026-03-08,XPL,0.0042
2026-03-08,XRP,0.0525
2026-03-08,ZEC,-0.023
2026-03-08,ZRO,0.0179
2026-03-08,kPEPE,0.0079
2026-03-09,AAVE,0.007
2026-03-09,ADA,-0.0046
2026-03-09,ARB,0.0075
2026-03-09,AVAX,-0.0256
2026-03-09,BCH,0.0402
2026-03-09,BNB,-0.0019
2026-03-09,BTC,0.0066
2026-03-09,CRV,-0.0003
2026-03-09,DOGE,0.0134
2026-03-09,ENA,0.0174
2026-03-09,ETH,0.008
2026-03-09,FARTCOIN,0.0165
2026-03-09,HYPE,-0.0265
2026-03-09,LINK,0.0151
2026-03-09,LIT,0.0027
2026-03-09,LTC,-0.0023
2026-03-09,NEAR,0.0204
2026-03-09,PENGU,-0.0125
2026-03-09,PUMP,0.0074
2026-03-09,SOL,-0.0129
2026-03-09,SUI,-0.0333
2026-03-09,TAO,-0.0025
2026-03-09,UNI,-0.0218
2026-03-09,VVV,-0.0027
2026-03-09,WLD,0.0171
2026-03-09,XPL,-0.0453
2026-03-09,XRP,0.0288
2026-03-09,ZEC,-0.0015
2026-03-09,ZRO,-0.0023
2026-03-09,kPEPE,-0.0044
2026-03-10,AAVE,-0.0035
2026-03-10,ADA,0.0105
2026-03-10,ARB,0.0008
2026-03-10,AVAX,0.0042
2026-03-10,BCH,0.0077
2026-03-10,BNB,0.004
2026-03-10,BTC,0.001
2026-03-10,CRV,-0.0098
2026-03-10,DOGE,-0.0055
2026-03-10,ENA,0.0003
2026-03-10,ETH,-0.0015
2026-03-10,FARTCOIN,-0.0083
2026-03-10,HYPE,0.0023
2026-03-10,LINK,0.004
2026-03-10,LIT,0.0001
2026-03-10,LTC,0.0083
2026-03-10,NEAR,-0.0093
2026-03-10,PENGU,0.0124
2026-03-10,PUMP,0.0099
2026-03-10,SOL,0.0009
2026-03-10,SUI,0.0096
2026-03-10,TAO,0.0024
2026-03-10,UNI,0.0026
2026-03-10,VVV,-0.0002
2026-03-10,WLD,-0.0069
2026-03-10,XPL,-0.0055
2026-03-10,XRP,0.0031
2026-03-10,ZEC,0.004
2026-03-10,kPEPE,-0.0002
2026-03-11,AAVE,0.0066
2026-03-11,ADA,0.0014
2026-03-11,ARB,-0.0052
2026-03-11,AVAX,-0.0038
2026-03-11,BCH,-0.0083
2026-03-11,BNB,0.0061
2026-03-11,BTC,0.0063
2026-03-11,CRV,-0.0005
2026-03-11,DOGE,0.0146
2026-03-11,ENA,-0.0177
2026-03-11,ETH,0.0161
2026-03-11,FARTCOIN,0.0046
2026-03-11,HYPE,0.0064
2026-03-11,LINK,-0.008
2026-03-11,LIT,-0.0161
2026-03-11,LTC,-0.0113
2026-03-11,NEAR,0.0139
2026-03-11,PENGU,-0.0319
2026-03-11,PUMP,0.0027
2026-03-11,SOL,-0.003
2026-03-11,SUI,-0.0255
2026-03-11,TAO,0.0061
2026-03-11,UNI,0.0002
2026-03-11,VVV,0.0065
2026-03-11,WLD,0.0272
2026-03-11,XPL,0.0007
2026-03-11,XRP,-0.0069
2026-03-11,ZEC,0.0008
2026-03-11,ZRO,-0.0047
2026-03-11,kPEPE,0.007
2026-03-12,AAVE,0.0002
2026-03-12,ADA,-0.0277
2026-03-12,ARB,0.0092
2026-03-12,AVAX,0.0127
2026-03-12,BCH,0.0078
2026-03-12,BNB,-0.0077
2026-03-12,BTC,0.0121
2026-03-12,CRV,0.0046
2026-03-12,DOGE,-0.0016
2026-03-12,ENA,0.0029
2026-03-12,ETH,-0.0042
2026-03-12,FARTCOIN,-0.0068
2026-03-12,HYPE,0.0069
2026-03-12,LINK,0.0118
2026-03-12,LIT,0.0007
2026-03-12,LTC,-0.0147
2026-03-12,NEAR,-0.0161
2026-03-12,PENGU,0.0244
2026-03-12,PUMP,-0.0154
2026-03-12,SOL,0.0036
2026-03-12,SUI,0.0454
2026-03-12,TAO,-0.0028
2026-03-12,UNI,-0.0057
2026-03-12,VVV,-0.0055
2026-03-12,WLD,-0.0168
2026-03-12,XPL,-0.0003
2026-03-12,XRP,-0.0006
2026-03-12,ZEC,0.0057
2026-03-12,ZRO,-0.0049
2026-03-12,kPEPE,0.0042
2026-03-13,AAVE,0.0066
2026-03-13,ADA,0.0151
2026-03-13,ARB,-0.0574
2026-03-13,AVAX,0.0069
2026-03-13,BCH,-0.0042
2026-03-13,BTC,0.0004
2026-03-13,CRV,-0.0038
2026-03-13,DOGE,0.0091
2026-03-13,ENA,-0.0204
2026-03-13,ETH,0.0028
2026-03-13,FARTCOIN,-0.0021
2026-03-13,HYPE,0.0142
2026-03-13,LINK,0.0007
2026-03-13,LIT,0.0087
2026-03-13,LTC,0.0137
2026-03-13,NEAR,0.0161
2026-03-13,PENGU,0.005
2026-03-13,PUMP,0.0179
2026-03-13,SOL,0.0138
2026-03-13,SUI,0.0066
2026-03-13,TAO,-0.0134
2026-03-13,UNI,0.0029
2026-03-13,VVV,0.001
2026-03-13,WLD,-0.0274
2026-03-13,XPL,0.0004
2026-03-13,XRP,0.0025
2026-03-13,ZEC,0.0022
2026-03-13,ZRO,-0.0041
2026-03-13,kPEPE,-0.013
2026-03-14,AAVE,-0.0063
2026-03-14,ADA,0.0028
2026-03-14,ARB,0.0366
2026-03-14,AVAX,-0.0091
2026-03-14,BCH,-0.0036
2026-03-14,BNB,-0.0011
2026-03-14,BTC,-0.0058
2026-03-14,CRV,-0.0104
2026-03-14,DOGE,-0.0149
2026-03-14,ENA,0.0204
2026-03-14,ETH,-0.0046
2026-03-14,FARTCOIN,0.0037
2026-03-14,HYPE,-0.0168
2026-03-14,LINK,0.003
2026-03-14,LIT,0.0054
2026-03-14,LTC,-0.0055
2026-03-14,NEAR,-0.0136
2026-03-14,PENGU,0.0025
2026-03-14,PUMP,-0.0025
2026-03-14,SOL,-0.0043
2026-03-14,SUI,-0.0032
2026-03-14,TAO,-0.0002
2026-03-14,UNI,0.0026
2026-03-14,VVV,-0.0009
2026-03-14,WLD,0.0136
2026-03-14,XPL,-0.0011
2026-03-14,XRP,-0.0081
2026-03-14,ZEC,-0.006
2026-03-14,ZRO,-0.0121
2026-03-14,kPEPE,0.0087
2026-03-15,AAVE,-0.0072
2026-03-15,ADA,0.0015
2026-03-15,ARB,0.0149
2026-03-15,AVAX,0.0014
2026-03-15,BCH,0.0235
2026-03-15,BNB,0.0024
2026-03-15,BTC,0.0055
2026-03-15,CRV,-0.0206
2026-03-15,DOGE,-0.0044
2026-03-15,ENA,0.0203
2026-03-15,ETH,-0.0051
2026-03-15,FARTCOIN,-0.0013
2026-03-15,HYPE,-0.0019
2026-03-15,LINK,-0.0289
2026-03-15,LIT,0.004
2026-03-15,LTC,0.0047
2026-03-15,NEAR,-0.0019
2026-03-15,PENGU,-0.0074
2026-03-15,SOL,-0.0235
2026-03-15,SUI,-0.0004
2026-03-15,TAO,0.0006
2026-03-15,UNI,0.0002
2026-03-15,VVV,-0.0053
2026-03-15,WLD,0.0069
2026-03-15,XMR,0.0394
2026-03-15,XPL,0.0084
2026-03-15,XRP,0.0066
2026-03-15,ZEC,-0.0026
2026-03-15,ZRO,0.002
2026-03-15,kPEPE,0.0152
2026-03-16,AAVE,0.0143
2026-03-16,ADA,-0.0119
2026-03-16,ARB,-0.009
2026-03-16,AVAX,-0.0019
2026-03-16,BCH,-0.009
2026-03-16,BNB,0.0046
2026-03-16,BTC,0.0052
2026-03-16,CRV,0.0241
2026-03-16,DOGE,0.0184
2026-03-16,ENA,-0.026
2026-03-16,ETH,0.0013
2026-03-16,FARTCOIN,-0.0028
2026-03-16,HYPE,0.0112
2026-03-16,LINK,0.0258
2026-03-16,LIT,-0.005
2026-03-16,LTC,0.0054
2026-03-16,NEAR,0.0047
2026-03-16,PENGU,0.0024
2026-03-16,PUMP,-0.0078
2026-03-16,SOL,0.0394
2026-03-16,SUI,0.0072
2026-03-16,TAO,0.0075
2026-03-16,UNI,0.0079
2026-03-16,VVV,0.001
2026-03-16,WLD,-0.0197
2026-03-16,XMR,-0.0223
2026-03-16,XPL,-0.0025
2026-03-16,XRP,0.0003
2026-03-16,ZEC,0.0059
2026-03-16,ZRO,0.0158
2026-03-16,kPEPE,-0.0361
2026-03-17,AAVE,-0.0041
2026-03-17,ADA,-0.0217
2026-03-17,ARB,-0.0157
2026-03-17,AVAX,0.0075
2026-03-17,BCH,0.0023
2026-03-17,BNB,-0.0048
2026-03-17,BTC,-0.0127
2026-03-17,DOGE,0.0056
2026-03-17,ENA,-0.0026
2026-03-17,ETH,-0.0026
2026-03-17,FARTCOIN,0.0057
2026-03-17,HYPE,-0.0072
2026-03-17,LINK,0.0089
2026-03-17,LIT,-0.0117
2026-03-17,LTC,-0.0103
2026-03-17,NEAR,0.0108
2026-03-17,PUMP,0.0128
2026-03-17,SOL,-0.0031
2026-03-17,SUI,0.0091
2026-03-17,TAO,0.0036
2026-03-17,UNI,-0.0026
2026-03-17,VVV,0.0095
2026-03-17,WLD,-0.0224
2026-03-17,XMR,-0.0125
2026-03-17,XPL,0.0008
2026-03-17,XRP,0.0122
2026-03-17,ZEC,0.0065
2026-03-17,ZRO,-0.0052
2026-03-17,kPEPE,0.0041
2026-03-18,AAVE,0.0142
2026-03-18,ADA,0.0273
2026-03-18,ARB,-0.0036
2026-03-18,AVAX,-0.01
2026-03-18,BCH,-0.0412
2026-03-18,BNB,-0.0104
2026-03-18,BTC,-0.0049
2026-03-18,CRV,0.0179
2026-03-18,DOGE,-0.0066
2026-03-18,ENA,-0.0055
2026-03-18,ETH,0.0055
2026-03-18,FARTCOIN,-0.0063
2026-03-18,HYPE,-0.0058
2026-03-18,LINK,-0.0144
2026-03-18,LIT,0.0042
2026-03-18,LTC,0.0033
2026-03-18,NEAR,-0.0021
2026-03-18,SOL,-0.0072
2026-03-18,SUI,-0.0026
2026-03-18,TAO,-0.0045
2026-03-18,UNI,-0.0079
2026-03-18,VVV,0.0054
2026-03-18,WLD,0.0163
2026-03-18,XMR,-0.0178
2026-03-18,XPL,0.0013
2026-03-18,XRP,-0.009
2026-03-18,ZEC,-0.0145
2026-03-18,ZRO,-0.005
2026-03-18,kPEPE,0.0106
2026-03-19,AAVE,-0.0043
2026-03-19,ADA,0.0052
2026-03-19,ARB,-0.0152
2026-03-19,AVAX,0.0072
2026-03-19,BCH,-0.0383
2026-03-19,BNB,0.0018
2026-03-19,BTC,-0.0044
2026-03-19,CRV,-0.0352
2026-03-19,DOGE,-0.0024
2026-03-19,ENA,0.0005
2026-03-19,ETH,-0.0057
2026-03-19,FARTCOIN,0.0081
2026-03-19,HYPE,-0.0067
2026-03-19,LINK,0.0053
2026-03-19,LIT,-0.0047
2026-03-19,LTC,-0.0245
2026-03-19,NEAR,-0.0163
2026-03-19,PENGU,0.0061
2026-03-19,PUMP,-0.0093
2026-03-19,SOL,-0.0031
2026-03-19,SUI,0.0057
2026-03-19,TAO,0.0088
2026-03-19,UNI,0.0079
2026-03-19,WLD,0.0143
2026-03-19,XMR,-0.0341
2026-03-19,XPL,0.0158
2026-03-19,XRP,-0.0141
2026-03-19,ZEC,0.0009
2026-03-19,ZRO,0.0285
2026-03-19,kPEPE,0.0201
2026-03-20,AAVE,0.0005
2026-03-20,ADA,-0.006
2026-03-20,AVAX,-0.0193
2026-03-20,BCH,0.0133
2026-03-20,BNB,-0.0083
2026-03-20,BTC,0.0015
2026-03-20,CRV,0.0424
2026-03-20,DOGE,0.024
2026-03-20,ENA,0.0106
2026-03-20,ETH,0.0042
2026-03-20,FARTCOIN,-0.0023
2026-03-20,HYPE,0.0044
2026-03-20,LINK,-0.013
2026-03-20,LIT,0.0173
2026-03-20,LTC,0.0004
2026-03-20,NEAR,0.0101
2026-03-20,PENGU,0.0067
2026-03-20,PUMP,-0.016
2026-03-20,SOL,0.002
2026-03-20,SUI,-0.0089
2026-03-20,TAO,-0.0203
2026-03-20,UNI,-0.0183
2026-03-20,VVV,-0.0135
2026-03-20,WLD,0.0027
2026-03-20,XMR,0.0214
2026-03-20,XPL,0.005
2026-03-20,XRP,0.0129
2026-03-20,ZEC,-0.0016
2026-03-20,ZRO,-0.0159
2026-03-20,kPEPE,-0.0028
2026-03-21,AAVE,-0.003
2026-03-21,ADA,0.0128
2026-03-21,AVAX,0.0012
2026-03-21,BCH,0.0207
2026-03-21,BNB,0.0113
2026-03-21,BTC,-0.0027
2026-03-21,CRV,-0.0393
2026-03-21,DOGE,-0.0031
2026-03-21,ENA,0.0056
2026-03-21,ETH,-0.0019
2026-03-21,FARTCOIN,0.0035
2026-03-21,HYPE,-0.003
2026-03-21,LINK,0.0083
2026-03-21,LIT,-0.0179
2026-03-21,LTC,-0.0068
2026-03-21,NEAR,-0.0023
2026-03-21,PUMP,0.0225
2026-03-21,SOL,-0.0042
2026-03-21,SUI,0.0068
2026-03-21,TAO,0.0193
2026-03-21,UNI,0.0103
2026-03-21,VVV,0.0044
2026-03-21,WLD,-0.0272
2026-03-21,XMR,-0.0094
2026-03-21,XPL,-0.019
2026-03-21,XRP,-0.0125
2026-03-21,ZEC,-0.0001
2026-03-21,ZRO,0.0027
2026-03-21,kPEPE,0.0058
2026-03-22,AAVE,0.0234
2026-03-22,ADA,-0.0113
2026-03-22,AVAX,0.0115
2026-03-22,BCH,-0.0462
2026-03-22,BNB,-0.0512
2026-03-22,BTC,-0.0108
2026-03-22,DOGE,-0.0157
2026-03-22,ENA,-0.0168
2026-03-22,FARTCOIN,-0.0094
2026-03-22,HYPE,0.0051
2026-03-22,LINK,-0.0334
2026-03-22,LIT,0.0349
2026-03-22,LTC,0.0163
2026-03-22,NEAR,-0.0172
2026-03-22,PENGU,-0.0063
2026-03-22,PUMP,-0.0026
2026-03-22,SOL,0.0114
2026-03-22,SUI,-0.0234
2026-03-22,TAO,0.0503
2026-03-22,UNI,-0.0081
2026-03-22,VVV,0.0224
2026-03-22,WLD,0.0176
2026-03-22,XMR,0.0015
2026-03-22,XPL,0.0121
2026-03-22,XRP,0.0051
2026-03-22,ZEC,0.0021
2026-03-22,ZRO,0.0057
2026-03-22,kPEPE,-0.035
2026-03-23,AAVE,-0.0066
2026-03-23,ADA,0.0018
2026-03-23,AVAX,-0.0152
2026-03-23,BCH,0.0923
2026-03-23,BNB,0.0476
2026-03-23,BTC,0.01
2026-03-23,CRV,0.036
2026-03-23,DOGE,0.0085
2026-03-23,ENA,0.014
2026-03-23,ETH,-0.0055
2026-03-23,FARTCOIN,0.0093
2026-03-23,HYPE,0.0025
2026-03-23,LINK,0.0265
2026-03-23,LIT,-0.0169
2026-03-23,LTC,0.0148
2026-03-23,NEAR,0.017
2026-03-23,PENGU,0.0096
2026-03-23,PUMP,0.0077
2026-03-23,SOL,-0.0429
2026-03-23,SUI,-0.0068
2026-03-23,TAO,-0.0623
2026-03-23,UNI,0.0133
2026-03-23,VVV,-0.0366
2026-03-23,WLD,-0.0144
2026-03-23,XMR,0.0212
2026-03-23,XPL,-0.0173
2026-03-23,XRP,-0.0035
2026-03-23,ZEC,0.0128
2026-03-23,ZRO,-0.0291
2026-03-23,kPEPE,0.0178
2026-03-24,AAVE,-0.0075
2026-03-24,ADA,-0.0077
2026-03-24,AVAX,0.0034
2026-03-24,BCH,-0.0041
2026-03-24,BNB,0.0063
2026-03-24,BTC,-0.0049
2026-03-24,CRV,-0.011
2026-03-24,DOGE,0.0091
2026-03-24,ETH,-0.0069
2026-03-24,FARTCOIN,-0.0074
2026-03-24,HYPE,-0.0046
2026-03-24,LIT,-0.0091
2026-03-24,LTC,0.0078
2026-03-24,NEAR,-0.0022
2026-03-24,PENGU,-0.0096
2026-03-24,PUMP,-0.0026
2026-03-24,SOL,0.029
2026-03-24,SUI,0.0099
2026-03-24,TAO,0.0025
2026-03-24,UNI,0.0027
2026-03-24,VVV,-0.0009
2026-03-24,WLD,0.0209
2026-03-24,XMR,0.0003
2026-03-24,XPL,0.0137
2026-03-24,XRP,-0.0041
2026-03-24,ZEC,-0.0042
2026-03-24,ZRO,0.0074
2026-03-24,kPEPE,-0.0142
2026-03-25,AAVE,-0.0013
2026-03-25,ADA,0.0112
2026-03-25,AVAX,0.0001
2026-03-25,BCH,0.035
2026-03-25,BNB,-0.0039
2026-03-25,BTC,-0.0064
2026-03-25,CRV,-0.0145
2026-03-25,DOGE,-0.0057
2026-03-25,ENA,-0.0182
2026-03-25,ETH,0.0101
2026-03-25,FARTCOIN,0.0044
2026-03-25,HYPE,0.0152
2026-03-25,LINK,0.0041
2026-03-25,LIT,0.0012
2026-03-25,LTC,-0.0094
2026-03-25,NEAR,0.0088
2026-03-25,PENGU,-0.0065
2026-03-25,PUMP,-0.0188
2026-03-25,SOL,-0.0021
2026-03-25,SUI,0.0028
2026-03-25,TAO,0.011
2026-03-25,UNI,-0.005
2026-03-25,VVV,0.0012
2026-03-25,WLD,0.009
2026-03-25,XMR,0.0207
2026-03-25,XPL,-0.0112
2026-03-25,XRP,0.0126
2026-03-25,ZEC,0.0049
2026-03-25,ZRO,-0.015
2026-03-25,kPEPE,0.0121
2026-03-26,AAVE,-0.0077
2026-03-26,ADA,-0.0041
2026-03-26,AVAX,-0.0024
2026-03-26,BCH,-0.0647
2026-03-26,BTC,-0.0107
2026-03-26,CRV,-0.0136
2026-03-26,DOGE,0.008
2026-03-26,ENA,-0.0102
2026-03-26,ETH,0.0055
2026-03-26,FARTCOIN,-0.004
2026-03-26,HYPE,-0.0269
2026-03-26,LINK,-0.008
2026-03-26,LIT,0.0156
2026-03-26,LTC,-0.016
2026-03-26,NEAR,0.0062
2026-03-26,PENGU,0.0216
2026-03-26,PUMP,0.024
2026-03-26,SOL,0.012
2026-03-26,SUI,0.0231
2026-03-26,TAO,-0.013
2026-03-26,UNI,-0.0053
2026-03-26,VVV,0.0196
2026-03-26,WLD,-0.0189
2026-03-26,XMR,-0.0476
2026-03-26,XPL,0.0081
2026-03-26,XRP,-0.0348
2026-03-26,ZEC,0.0099
2026-03-26,ZRO,0.0069
2026-03-26,kPEPE,-0.0031
2026-03-27,AAVE,-0.015
2026-03-27,ADA,0.0117
2026-03-27,AVAX,0.0262
2026-03-27,BCH,0.069
2026-03-27,BNB,-0.1062
2026-03-27,BTC,0.002
2026-03-27,CRV,0.0288
2026-03-27,DOGE,-0.0606
2026-03-27,ENA,-0.0011
2026-03-27,ETH,0.0033
2026-03-27,FARTCOIN,0.0127
2026-03-27,HYPE,0.0063
2026-03-27,LINK,-0.0028
2026-03-27,LIT,-0.0135
2026-03-27,LTC,-0.0448
2026-03-27,NEAR,0.0003
2026-03-27,PENGU,0.0134
2026-03-27,PUMP,-0.008
2026-03-27,SOL,-0.004
2026-03-27,SUI,-0.0114
2026-03-27,TAO,0.0323
2026-03-27,UNI,0.0245
2026-03-27,VVV,-0.0041
2026-03-27,WLD,0.0357
2026-03-27,XMR,-0.0219
2026-03-27,XPL,-0.005
2026-03-27,XRP,0.0041
2026-03-27,ZEC,-0.0144
2026-03-27,ZRO,0.0083
2026-03-27,kPEPE,0.0115
2026-03-28,AAVE,-0.0062
2026-03-28,ADA,0.003
2026-03-28,AVAX,-0.001
2026-03-28,BCH,-0.044
2026-03-28,BNB,0.1131
2026-03-28,BTC,-0.0062
2026-03-28,CRV,-0.0295
2026-03-28,DOGE,0.0096
2026-03-28,ENA,-0.0014
2026-03-28,ETH,-0.015
2026-03-28,FARTCOIN,-0.0104
2026-03-28,HYPE,0.008
2026-03-28,LINK,0.0032
2026-03-28,LIT,0.0008
2026-03-28,LTC,0.0772
2026-03-28,NEAR,0.0069
2026-03-28,PENGU,-0.0319
2026-03-28,PUMP,0.0028
2026-03-28,SOL,-0.0268
2026-03-28,SUI,-0.021
2026-03-28,TAO,-0.0167
2026-03-28,UNI,0.0337
2026-03-28,VVV,-0.0055
2026-03-28,WLD,-0.0439
2026-03-28,XMR,0.0318
2026-03-28,XPL,0.0102
2026-03-28,XRP,0.0155
2026-03-28,ZEC,0.0218
2026-03-28,ZRO,0.005
2026-03-28,kPEPE,0.0025
2026-03-29,AAVE,0.0092
2026-03-29,ADA,-0.0068
2026-03-29,AVAX,0.006
2026-03-29,BCH,-0.0422
2026-03-29,BNB,0.0021
2026-03-29,BTC,0.0086
2026-03-29,CRV,0.0291
2026-03-29,DOGE,0.0041
2026-03-29,ENA,0.0334
2026-03-29,ETH,0.0042
2026-03-29,FARTCOIN,0.0033
2026-03-29,HYPE,0.0115
2026-03-29,LINK,-0.0106
2026-03-29,LIT,0.0057
2026-03-29,LTC,0.0012
2026-03-29,NEAR,-0.0257
2026-03-29,PENGU,0.0095
2026-03-29,SOL,0.0253
2026-03-29,SUI,0.0175
2026-03-29,TAO,-0.007
2026-03-29,UNI,-0.0143
2026-03-29,VVV,-0.0066
2026-03-29,WLD,-0.0002
2026-03-29,XMR,-0.0088
2026-03-29,XRP,-0.0162
2026-03-29,ZEC,-0.0273
2026-03-29,ZRO,0.0135
2026-03-29,kPEPE,-0.0129
2026-03-30,AAVE,-0.0092
2026-03-30,ADA,0.0058
2026-03-30,AVAX,-0.0319
2026-03-30,BCH,0.0633
2026-03-30,BNB,-0.0266
2026-03-30,BTC,0.0083
2026-03-30,CRV,-0.0439
2026-03-30,DOGE,0.0399
2026-03-30,ENA,-0.0119
2026-03-30,ETH,-0.0014
2026-03-30,FARTCOIN,-0.0034
2026-03-30,HYPE,0.0037
2026-03-30,LINK,0.0128
2026-03-30,LIT,-0.0019
2026-03-30,LTC,0.008
2026-03-30,NEAR,0.014
2026-03-30,PENGU,-0.0188
2026-03-30,PUMP,0.008
2026-03-30,SOL,-0.0047
2026-03-30,SUI,-0.0038
2026-03-30,TAO,0.011
2026-03-30,UNI,-0.068
2026-03-30,VVV,-0.0017
2026-03-30,WLD,0.0001
2026-03-30,XMR,0.0506
2026-03-30,XPL,-0.0072
2026-03-30,XRP,0.0184
2026-03-30,ZEC,0.0023
2026-03-30,ZRO,-0.0117
2026-03-30,kPEPE,0.0282
2026-03-31,AAVE,-0.003
2026-03-31,ADA,-0.0104
2026-03-31,AVAX,0.0228
2026-03-31,BCH,-0.0026
2026-03-31,BNB,0.0291
2026-03-31,BTC,-0.0012
2026-03-31,CRV,0.0441
2026-03-31,DOGE,0.0036
2026-03-31,ENA,-0.0072
2026-03-31,ETH,-0.0331
2026-03-31,FARTCOIN,0.005
2026-03-31,HYPE,-0.0052
2026-03-31,LINK,-0.0037
2026-03-31,LIT,-0.0069
2026-03-31,LTC,-0.004
2026-03-31,NEAR,-0.0048
2026-03-31,PENGU,0.0063
2026-03-31,SOL,-0.0037
2026-03-31,SUI,0.0034
2026-03-31,TAO,-0.0044
2026-03-31,UNI,0.0149
2026-03-31,VVV,0.0016
2026-03-31,WLD,0.0085
2026-03-31,XMR,-0.0286
2026-03-31,XPL,-0.007
2026-03-31,XRP,-0.0043
2026-03-31,ZEC,-0.0046
2026-03-31,ZRO,0.0258
2026-03-31,kPEPE,-0.0075
2026-04-01,AAVE,0.003
2026-04-01,ADA,-0.039
2026-04-01,AVAX,-0.0288
2026-04-01,BCH,-0.0019
2026-04-01,BNB,-0.0148
2026-04-01,BTC,0.0156
2026-04-01,CRV,-0.0073
2026-04-01,DOGE,0.0032
2026-04-01,ENA,0.0064
2026-04-01,ETH,0.0106
2026-04-01,FARTCOIN,-0.0038
2026-04-01,HYPE,-0.0025
2026-04-01,LINK,0.0105
2026-04-01,LIT,0.0023
2026-04-01,LTC,-0.0043
2026-04-01,NEAR,0.0387
2026-04-01,PENGU,-0.0097
2026-04-01,PUMP,-0.0082
2026-04-01,SOL,-0.0227
2026-04-01,SUI,0.0003
2026-04-01,TAO,0.0342
2026-04-01,UNI,0.003
2026-04-01,VVV,-0.0051
2026-04-01,WLD,-0.0003
2026-04-01,XMR,0.0401
2026-04-01,XPL,-0.0019
2026-04-01,XRP,0.0102
2026-04-01,ZEC,0.0088
2026-04-01,ZRO,-0.0326
2026-04-02,AAVE,0.0073
2026-04-02,ADA,0.0441
2026-04-02,AVAX,0.0093
2026-04-02,BCH,0.0005
2026-04-02,BNB,-0.0539
2026-04-02,BTC,-0.0146
2026-04-02,CRV,-0.0075
2026-04-02,DOGE,-0.0008
2026-04-02,ENA,-0.007
2026-04-02,ETH,-0.0146
2026-04-02,FARTCOIN,-0.0002
2026-04-02,HYPE,-0.0061
2026-04-02,LINK,0.0059
2026-04-02,LIT,-0.0039
2026-04-02,LTC,0.0013
2026-04-02,NEAR,-0.0422
2026-04-02,PENGU,-0.0065
2026-04-02,PUMP,0.0166
2026-04-02,SOL,0.0169
2026-04-02,SUI,0.0005
2026-04-02,TAO,0.0157
2026-04-02,UNI,-0.0104
2026-04-02,VVV,-0.0024
2026-04-02,WLD,0.0217
2026-04-02,XMR,-0.0645
2026-04-02,XPL,0.0013
2026-04-02,XRP,-0.0113
2026-04-02,ZEC,0.005
2026-04-02,ZRO,0.0092
2026-04-02,kPEPE,-0.0105
2026-04-03,AAVE,0.0279
2026-04-03,ADA,-0.0474
2026-04-03,AVAX,-0.0084
2026-04-03,BCH,-0.0393
2026-04-03,BNB,0.0562
2026-04-03,BTC,0.0044
2026-04-03,CRV,0.0102
2026-04-03,DOGE,0.0125
2026-04-03,ENA,0.0055
2026-04-03,ETH,0.0287
2026-04-03,FARTCOIN,-0.0002
2026-04-03,HYPE,0.0166
2026-04-03,LINK,0.0005
2026-04-03,LIT,0.0019
2026-04-03,LTC,0.0061
2026-04-03,NEAR,-0.0248
2026-04-03,PENGU,0.0192
2026-04-03,PUMP,-0.0057
2026-04-03,SOL,0.0015
2026-04-03,SUI,-0.0077
2026-04-03,TAO,-0.0207
2026-04-03,UNI,0.0174
2026-04-03,VVV,0.0059
2026-04-03,WLD,-0.015
2026-04-03,XMR,0.0289
2026-04-03,XPL,0.0021
2026-04-03,XRP,0.0051
2026-04-03,ZEC,0.0005
2026-04-03,ZRO,-0.0104
2026-04-03,kPEPE,0.0028
2026-04-04,AAVE,-0.0178
2026-04-04,ADA,0.0598
2026-04-04,AVAX,0.0138
2026-04-04,BCH,-0.0001
2026-04-04,BNB,-0.0123
2026-04-04,BTC,0.0091
2026-04-04,CRV,-0.0207
2026-04-04,DOGE,0.0152
2026-04-04,ENA,-0.0022
2026-04-04,ETH,0.0035
2026-04-04,FARTCOIN,-0.0017
2026-04-04,HYPE,-0.0153
2026-04-04,LINK,-0.0011
2026-04-04,LIT,0.0025
2026-04-04,LTC,0.0003
2026-04-04,NEAR,0.004
2026-04-04,PENGU,-0.003
2026-04-04,PUMP,-0.0081
2026-04-04,SOL,0.0035
2026-04-04,SUI,0.0031
2026-04-04,TAO,-0.0101
2026-04-04,UNI,0.0032
2026-04-04,VVV,0.0128
2026-04-04,WLD,0.0044
2026-04-04,XMR,-0.0147
2026-04-04,XPL,-0.0011
2026-04-04,XRP,-0.0049
2026-04-04,ZEC,-0.0083
2026-04-04,kPEPE,0.0075
2026-04-05,AAVE,0.0139
2026-04-05,ADA,-0.0155
2026-04-05,AVAX,0.0034
2026-04-05,BCH,0.0136
2026-04-05,BNB,0.0088
2026-04-05,BTC,0.0076
2026-04-05,CRV,-0.0063
2026-04-05,DOGE,-0.0094
2026-04-05,ENA,-0.0097
2026-04-05,ETH,0.0086
2026-04-05,FARTCOIN,0.0007
2026-04-05,HYPE,0.0057
2026-04-05,LINK,-0.0078
2026-04-05,LIT,0.0006
2026-04-05,LTC,0.0078
2026-04-05,NEAR,0.0037
2026-04-05,PENGU,0.0058
2026-04-05,PUMP,0.0027
2026-04-05,SOL,0.0063
2026-04-05,SUI,0.0036
2026-04-05,TAO,-0.0039
2026-04-05,UNI,-0.0055
2026-04-05,VVV,0.0106
2026-04-05,WLD,0.0044
2026-04-05,XMR,0.001
2026-04-05,XPL,-0.0015
2026-04-05,XRP,0.009
2026-04-05,ZEC,0.0053
2026-04-05,ZRO,-0.0034
2026-04-05,kPEPE,-0.0099
2026-04-06,AAVE,-0.0064
2026-04-06,ADA,-0.0033
2026-04-06,AVAX,-0.0238
2026-04-06,BCH,-0.0333
2026-04-06,BNB,-0.0097
2026-04-06,BTC,0.0107
2026-04-06,CRV,0.0029
2026-04-06,DOGE,0.0047
2026-04-06,ENA,-0.0029
2026-04-06,ETH,0.0005
2026-04-06,FARTCOIN,0.0114
2026-04-06,HYPE,0.0295
2026-04-06,LINK,0.0072
2026-04-06,LIT,-0.0022
2026-04-06,LTC,-0.0083
2026-04-06,NEAR,-0.0037
2026-04-06,PENGU,-0.0028
2026-04-06,SOL,0.0012
2026-04-06,SUI,0.0074
2026-04-06,TAO,0.0099
2026-04-06,UNI,-0.0092
2026-04-06,VVV,0.004
2026-04-06,WLD,-0.0022
2026-04-06,XMR,-0.008
2026-04-06,XPL,-0.0006
2026-04-06,XRP,0.009
2026-04-06,ZEC,-0.0073
2026-04-06,ZRO,0.0081
2026-04-06,kPEPE,-0.0074
2026-04-07,AAVE,-0.0211
2026-04-07,ADA,0.012
2026-04-07,AVAX,0.0107
2026-04-07,BCH,0.0548
2026-04-07,BNB,0.0202
2026-04-07,BTC,-0.0021
2026-04-07,CRV,0.0102
2026-04-07,DOGE,0.0047
2026-04-07,ENA,0.0037
2026-04-07,ETH,0.0034
2026-04-07,FARTCOIN,-0.0107
2026-04-07,HYPE,-0.02
2026-04-07,LINK,0.0175
2026-04-07,LIT,0.0095
2026-04-07,LTC,0.0186
2026-04-07,NEAR,0.0445
2026-04-07,PENGU,-0.0144
2026-04-07,PUMP,-0.0233
2026-04-07,SOL,-0.0177
2026-04-07,SUI,-0.0217
2026-04-07,TAO,-0.0203
2026-04-07,UNI,0.0147
2026-04-07,VVV,-0.0084
2026-04-07,WLD,-0.0078
2026-04-07,XMR,0.0632
2026-04-07,XPL,-0.0009
2026-04-07,XRP,0.0058
2026-04-07,ZEC,0.0049
2026-04-07,ZRO,-0.0077
2026-04-07,kPEPE,0.0007
2026-04-08,AAVE,0.0183
2026-04-08,ADA,-0.0234
2026-04-08,AVAX,0.0126
2026-04-08,BCH,-0.0048
2026-04-08,BNB,-0.0164
2026-04-08,BTC,0.0096
2026-04-08,DOGE,0.0076
2026-04-08,ENA,-0.0048
2026-04-08,ETH,0.0206
2026-04-08,FARTCOIN,-0.0018
2026-04-08,HYPE,0.0143
2026-04-08,LINK,-0.0139
2026-04-08,LIT,-0.0055
2026-04-08,LTC,-0.0097
2026-04-08,NEAR,-0.0228
2026-04-08,PENGU,0.0174
2026-04-08,PUMP,0.0005
2026-04-08,SOL,-0.0005
2026-04-08,SUI,-0.0061
2026-04-08,TAO,0.002
2026-04-08,UNI,-0.0095
2026-04-08,VVV,0.0252
2026-04-08,WLD,0.0081
2026-04-08,XMR,-0.0589
2026-04-08,XPL,0.0117
2026-04-08,XRP,-0.0249
2026-04-08,ZEC,-0.0003
2026-04-08,ZRO,-0.0018
2026-04-08,kPEPE,0.007
2026-04-09,AAVE,-0.0031
2026-04-09,ADA,0.0267
2026-04-09,AVAX,-0.0073
2026-04-09,BCH,-0.0011
2026-04-09,BNB,0.0109
2026-04-09,BTC,0.0035
2026-04-09,CRV,0.0096
2026-04-09,DOGE,-0.0125
2026-04-09,ENA,0.0008
2026-04-09,ETH,-0.0103
2026-04-09,FARTCOIN,0.0398
2026-04-09,HYPE,-0.0062
2026-04-09,LINK,0.0003
2026-04-09,LIT,0.0119
2026-04-09,LTC,-0.006
2026-04-09,NEAR,-0.0193
2026-04-09,PENGU,-0.006
2026-04-09,PUMP,0.008
2026-04-09,SOL,0.0032
2026-04-09,SUI,0.0094
2026-04-09,TAO,-0.0092
2026-04-09,UNI,0.0155
2026-04-09,VVV,-0.0335
2026-04-09,WLD,-0.0133
2026-04-09,XMR,0.0188
2026-04-09,XPL,-0.0017
2026-04-09,XRP,0.0115
2026-04-09,ZEC,0.0064
2026-04-09,ZRO,0.0005
2026-04-09,kPEPE,0.0001
2026-04-10,AAVE,-0.0152
2026-04-10,ADA,-0.0038
2026-04-10,AVAX,0.0071
2026-04-10,BCH,0.0065
2026-04-10,BNB,0.0027
2026-04-10,BTC,0.0004
2026-04-10,CRV,-0.003
2026-04-10,DOGE,0.0088
2026-04-10,ENA,-0.0001
2026-04-10,ETH,-0.0034
2026-04-10,FARTCOIN,-0.0002
2026-04-10,HYPE,0.0154
2026-04-10,LINK,0.0032
2026-04-10,LIT,-0.0105
2026-04-10,LTC,0.0061
2026-04-10,NEAR,0.0225
2026-04-10,PUMP,0.0024
2026-04-10,SOL,0.0039
2026-04-10,SUI,-0.003
2026-04-10,TAO,0.0519
2026-04-10,VVV,-0.0025
2026-04-10,WLD,0.0058
2026-04-10,XMR,-0.0036
2026-04-10,XPL,-0.0018
2026-04-10,XRP,-0.0004
2026-04-10,ZEC,-0.0087
2026-04-10,ZRO,0.0033
2026-04-10,kPEPE,-0.0114
2026-04-11,AAVE,0.0191
2026-04-11,ADA,-0.0186
2026-04-11,ARB,-0.0061
2026-04-11,AVAX,-0.0006
2026-04-11,BCH,-0.0251
2026-04-11,BNB,0.0104
2026-04-11,BTC,-0.0025
2026-04-11,CRV,0.0069
2026-04-11,DOGE,-0.0029
2026-04-11,ENA,0.011
2026-04-11,ETH,0.0066
2026-04-11,FARTCOIN,0.0032
2026-04-11,HYPE,0.0036
2026-04-11,LINK,0.0062
2026-04-11,LIT,-0.0005
2026-04-11,LTC,0.0052
2026-04-11,NEAR,-0.0038
2026-04-11,PUMP,-0.0029
2026-04-11,SOL,0.0106
2026-04-11,SUI,-0.0031
2026-04-11,TAO,-0.0179
2026-04-11,VVV,-0.0038
2026-04-11,WLD,-0.0017
2026-04-11,XMR,0.0138
2026-04-11,XPL,-0.0039
2026-04-11,XRP,0.0094
2026-04-11,ZEC,-0.0018
2026-04-11,ZRO,0.0111
2026-04-11,kPEPE,0.0066
2026-04-12,AAVE,-0.0304
2026-04-12,ADA,0.0006
2026-04-12,ARB,0.0061
2026-04-12,AVAX,-0.0151
2026-04-12,BCH,0.0049
2026-04-12,BNB,-0.0259
2026-04-12,BTC,-0.0058
2026-04-12,CRV,-0.0034
2026-04-12,DOGE,-0.0366
2026-04-12,ENA,-0.0003
2026-04-12,ETH,0.001
2026-04-12,FARTCOIN,-0.0388
2026-04-12,HYPE,0.0036
2026-04-12,LINK,-0.0049
2026-04-12,LTC,-0.0156
2026-04-12,NEAR,-0.0105
2026-04-12,PUMP,0.0127
2026-04-12,SOL,-0.0157
2026-04-12,SUI,0.0067
2026-04-12,TAO,0.0084
2026-04-12,UNI,-0.0096
2026-04-12,VVV,0.045
2026-04-12,WLD,-0.0103
2026-04-12,XMR,-0.0398
2026-04-12,XPL,0.0037
2026-04-12,XRP,-0.02
2026-04-12,ZEC,0.0127
2026-04-12,ZRO,-0.0145
2026-04-12,kPEPE,0.0022
2026-04-13,AAVE,-0.0179
2026-04-13,ADA,0.0087
2026-04-13,ARB,-0.0032
2026-04-13,AVAX,0.0271
2026-04-13,BCH,0.0444
2026-04-13,BNB,0.0104
2026-04-13,BTC,-0.0162
2026-04-13,CRV,0.0098
2026-04-13,DOGE,0.0255
2026-04-13,ENA,-0.0081
2026-04-13,ETH,-0.0322
2026-04-13,FARTCOIN,-0.0018
2026-04-13,HYPE,-0.0101
2026-04-13,LINK,-0.0015
2026-04-13,LIT,0.0053
2026-04-13,LTC,0.0011
2026-04-13,NEAR,0.0244
2026-04-13,PUMP,-0.0051
2026-04-13,SOL,0.0081
2026-04-13,SUI,-0.0133
2026-04-13,TAO,-0.0382
2026-04-13,UNI,0.0066
2026-04-13,VVV,-0.0364
2026-04-13,WLD,0.0079
2026-04-13,XMR,0.0471
2026-04-13,XPL,-0.0048
2026-04-13,XRP,0.0103
2026-04-13,ZEC,-0.0124
2026-04-13,ZRO,0.0139
2026-04-13,kPEPE,-0.0068
2026-04-14,AAVE,-0.012
2026-04-14,ADA,-0.0034
2026-04-14,ARB,0.0032
2026-04-14,AVAX,-0.0082
2026-04-14,BCH,-0.0398
2026-04-14,BNB,-0.0544
2026-04-14,BTC,-0.0002
2026-04-14,CRV,0.0106
2026-04-14,DOGE,0.0002
2026-04-14,ENA,0.009
2026-04-14,ETH,0.0071
2026-04-14,FARTCOIN,0.006
2026-04-14,HYPE,0.0093
2026-04-14,LINK,-0.0073
2026-04-14,LIT,-0.0085
2026-04-14,LTC,0.0057
2026-04-14,NEAR,-0.0338
2026-04-14,PENGU,-0.0053
2026-04-14,PUMP,0.0077
2026-04-14,SOL,0.0186
2026-04-14,SUI,0.0355
2026-04-14,TAO,0.0093
2026-04-14,UNI,0.003
2026-04-14,VVV,0.0105
2026-04-14,WLD,-0.0078
2026-04-14,XMR,-0.0367
2026-04-14,XPL,0.0017
2026-04-14,XRP,0.0262
2026-04-14,ZEC,0.0121
2026-04-14,ZRO,-0.0024
2026-04-14,kPEPE,0.0047
2026-04-15,AAVE,0.0054
2026-04-15,ADA,0.0166
2026-04-15,AVAX,-0.0039
2026-04-15,BCH,0.012
2026-04-15,BNB,0.0617
2026-04-15,BTC,-0.0071
2026-04-15,CRV,-0.0144
2026-04-15,DOGE,0.0041
2026-04-15,ENA,-0.0059
2026-04-15,ETH,-0.002
2026-04-15,FARTCOIN,-0.008
2026-04-15,HYPE,-0.0215
2026-04-15,LINK,0.0113
2026-04-15,LIT,0.0098
2026-04-15,LTC,0.0131
2026-04-15,NEAR,0.0267
2026-04-15,PENGU,-0.0149
2026-04-15,PUMP,-0.0051
2026-04-15,SOL,-0.005
2026-04-15,SUI,-0.017
2026-04-15,TAO,-0.0053
2026-04-15,UNI,0.0031
2026-04-15,VVV,-0.0122
2026-04-15,WLD,0.0027
2026-04-15,XMR,0.0435
2026-04-15,XPL,0.0033
2026-04-15,XRP,0.0133
2026-04-15,ZEC,-0.0098
2026-04-15,ZRO,0.0067
2026-04-15,kPEPE,-0.001
2026-04-16,AAVE,-0.0031
2026-04-16,ADA,-0.0062
2026-04-16,ARB,-0.0133
2026-04-16,AVAX,0.0225
2026-04-16,BCH,0.0092
2026-04-16,BNB,0.0013
2026-04-16,BTC,0.0117
2026-04-16,CRV,-0.0065
2026-04-16,DOGE,-0.0067
2026-04-16,ETH,0.0192
2026-04-16,FARTCOIN,0.0033
2026-04-16,HYPE,-0.0032
2026-04-16,LINK,0.0012
2026-04-16,LIT,-0.0011
2026-04-16,LTC,0.008
2026-04-16,NEAR,0.0264
2026-04-16,PENGU,-0.0011
2026-04-16,PUMP,0.0025
2026-04-16,SOL,-0.0008
2026-04-16,SUI,-0.0122
2026-04-16,TAO,0.0037
2026-04-16,VVV,0.0057
2026-04-16,WLD,0.0058
2026-04-16,XMR,-0.0105
2026-04-16,XPL,-0.0071
2026-04-16,XRP,-0.0066
2026-04-16,ZEC,0.0044
2026-04-16,ZRO,-0.0002
2026-04-16,kPEPE,-0.0058
2026-04-17,AAVE,0.0083
2026-04-17,ADA,-0.0126
2026-04-17,ARB,0.0028
2026-04-17,BCH,0.0038
2026-04-17,BNB,0.0049
2026-04-17,BTC,-0.0022
2026-04-17,CRV,-0.0158
2026-04-17,DOGE,0.0259
2026-04-17,ENA,-0.0043
2026-04-17,ETH,0.0024
2026-04-17,FARTCOIN,-0.0007
2026-04-17,HYPE,0.0031
2026-04-17,LINK,-0.0015
2026-04-17,LIT,-0.0034
2026-04-17,LTC,0.0169
2026-04-17,NEAR,-0.034
2026-04-17,PENGU,0.0029
2026-04-17,SOL,0.0034
2026-04-17,SUI,0.006
2026-04-17,TAO,-0.0144
2026-04-17,VVV,0.0084
2026-04-17,WLD,0.048
2026-04-17,XMR,0.0149
2026-04-17,XPL,0.0125
2026-04-17,XRP,0.0035
2026-04-17,ZEC,0.0177
2026-04-17,ZRO,-0.008
2026-04-17,kPEPE,-0.0099
2026-04-18,AAVE,-0.0058
2026-04-18,ADA,-0.0041
2026-04-18,ARB,-0.0008
2026-04-18,AVAX,-0.0268
2026-04-18,BCH,-0.0069
2026-04-18,BNB,-0.0123
2026-04-18,BTC,0.0167
2026-04-18,CRV,-0.0196
2026-04-18,DOGE,-0.0267
2026-04-18,ENA,0.0022
2026-04-18,ETH,0.0115
2026-04-18,FARTCOIN,0.0039
2026-04-18,HYPE,0.0427
2026-04-18,LINK,0.0026
2026-04-18,LIT,-0.0045
2026-04-18,LTC,-0.0143
2026-04-18,NEAR,0.031
2026-04-18,PENGU,0.0063
2026-04-18,PUMP,-0.0002
2026-04-18,SOL,-0.0257
2026-04-18,SUI,0.0103
2026-04-18,TAO,0.0163
2026-04-18,VVV,0.0154
2026-04-18,WLD,0.0048
2026-04-18,XMR,-0.0186
2026-04-18,XPL,0.0358
2026-04-18,XRP,-0.0686
2026-04-18,ZEC,-0.0203
2026-04-18,ZRO,-0.0123
2026-04-18,kPEPE,0.0096
2026-04-19,AAVE,0.0058
2026-04-19,ADA,0.0116
2026-04-19,ARB,0.0475
2026-04-19,AVAX,-0.0025
2026-04-19,BCH,-0.0165
2026-04-19,BNB,-0.0886
2026-04-19,BTC,-0.009
2026-04-19,CRV,0.0093
2026-04-19,DOGE,-0.0674
2026-04-19,ENA,0.0175
2026-04-19,ETH,-0.0397
2026-04-19,FARTCOIN,0.0012
2026-04-19,HYPE,-0.0089
2026-04-19,LINK,-0.0414
2026-04-19,LIT,0.0009
2026-04-19,LTC,-0.007
2026-04-19,NEAR,-0.0034
2026-04-19,PENGU,0.0072
2026-04-19,PUMP,0.0054
2026-04-19,SOL,0.022
2026-04-19,SUI,-0.0029
2026-04-19,TAO,-0.0164
2026-04-19,VVV,0.0009
2026-04-19,WLD,-0.0117
2026-04-19,XMR,-0.054
2026-04-19,XPL,0.0285
2026-04-19,XRP,0.0226
2026-04-19,ZEC,0.0033
2026-04-19,ZRO,-0.0017
2026-04-19,kPEPE,0.0162
2026-04-20,AAVE,-0.0013
2026-04-20,ADA,-0.0005
2026-04-20,ARB,-0.0335
2026-04-20,AVAX,0.0068
2026-04-20,BCH,-0.0062
2026-04-20,BNB,0.0645
2026-04-20,BTC,-0.0075
2026-04-20,CRV,0.0101
2026-04-20,DOGE,0.0857
2026-04-20,ENA,-0.0171
2026-04-20,ETH,0.0295
2026-04-20,FARTCOIN,-0.0078
2026-04-20,HYPE,-0.0304
2026-04-20,LINK,0.0397
2026-04-20,LIT,0.0026
2026-04-20,LTC,-0.0019
2026-04-20,NEAR,0.0153
2026-04-20,PENGU,-0.009
2026-04-20,PUMP,-0.0054
2026-04-20,SOL,-0.0086
2026-04-20,SUI,-0.0101
2026-04-20,TAO,0.0125
2026-04-20,VVV,-0.0293
2026-04-20,WLD,-0.0351
2026-04-20,XMR,0.054
2026-04-20,XPL,-0.0301
2026-04-20,XRP,0.0302
2026-04-20,ZEC,-0.005
2026-04-20,ZRO,0.0068
2026-04-20,kPEPE,-0.008
2026-04-21,AAVE,-0.0013
2026-04-21,ADA,-0.0111
2026-04-21,ARB,0.0053
2026-04-21,AVAX,0.0089
2026-04-21,BCH,0.009
2026-04-21,BNB,0.0256
2026-04-21,BTC,0.0028
2026-04-21,CRV,0.0221
2026-04-21,DOGE,-0.015
2026-04-21,ENA,0.0174
2026-04-21,ETH,0.0055
2026-04-21,FARTCOIN,0.007
2026-04-21,HYPE,-0.0097
2026-04-21,LINK,-0.0161
2026-04-21,LIT,0.0034
2026-04-21,LTC,-0.0015
2026-04-21,NEAR,-0.0239
2026-04-21,PENGU,-0.0109
2026-04-21,PUMP,-0.0025
2026-04-21,SOL,0.0017
2026-04-21,SUI,0.0124
2026-04-21,TAO,0.0022
2026-04-21,VVV,-0.0015
2026-04-21,WLD,-0.0033
2026-04-21,XMR,-0.0286
2026-04-21,XPL,-0.0339
2026-04-21,XRP,0.004
2026-04-21,ZEC,-0.0029
2026-04-21,ZRO,-0.003
2026-04-21,kPEPE,0.008
2026-04-22,AAVE,0.0028
2026-04-22,ADA,0.0094
2026-04-22,ARB,-0.0107
2026-04-22,AVAX,0.0101
2026-04-22,BCH,-0.0584
2026-04-22,BNB,-0.0087
2026-04-22,BTC,-0.0304
2026-04-22,CRV,-0.0036
2026-04-22,DOGE,0.0178
2026-04-22,ENA,0.0002
2026-04-22,ETH,0.0062
2026-04-22,FARTCOIN,-0.0012
2026-04-22,HYPE,-0.0029
2026-04-22,LINK,0.0362
2026-04-22,LIT,0.0004
2026-04-22,LTC,0.0262
2026-04-22,NEAR,0.0262
2026-04-22,PENGU,-0.0056
2026-04-22,PUMP,0.0102
2026-04-22,SOL,0.0114
2026-04-22,SUI,-0.003
2026-04-22,TAO,-0.0024
2026-04-22,VVV,-0.0017
2026-04-22,WLD,0.0002
2026-04-22,XMR,-0.0118
2026-04-22,XPL,0.0111
2026-04-22,XRP,0.0007
2026-04-22,ZEC,0.0038
2026-04-22,ZRO,0.0078
2026-04-23,AAVE,0.0103
2026-04-23,ADA,0.011
2026-04-23,ARB,0.0079
2026-04-23,AVAX,-0.0156
2026-04-23,BCH,0.0238
2026-04-23,BNB,0.0069
2026-04-23,BTC,0.0367
2026-04-23,CRV,-0.0123
2026-04-23,DOGE,-0.0015
2026-04-23,ENA,-0.0126
2026-04-23,ETH,-0.0276
2026-04-23,FARTCOIN,0.0109
2026-04-23,HYPE,0.0161
2026-04-23,LINK,-0.0062
2026-04-23,LIT,-0.0136
2026-04-23,LTC,-0.0063
2026-04-23,NEAR,-0.0036
2026-04-23,PENGU,0.0044
2026-04-23,PUMP,-0.0126
2026-04-23,SOL,-0.0055
2026-04-23,SUI,-0.0032
2026-04-23,TAO,-0.011
2026-04-23,VVV,0.0018
2026-04-23,WLD,0.0036
2026-04-23,XMR,0.0201
2026-04-23,XPL,-0.0047
2026-04-23,XRP,0.0095
2026-04-23,ZEC,-0.0046
2026-04-23,ZRO,-0.0061
2026-04-23,kPEPE,-0.0026
2026-04-24,AAVE,0.0002
2026-04-24,ADA,0.0023
2026-04-24,ARB,0.0025
2026-04-24,AVAX,0.0051
2026-04-24,BCH,0.0233
2026-04-24,BNB,0.0068
2026-04-24,BTC,-0.0053
2026-04-24,CRV,-0.0093
2026-04-24,DOGE,-0.0379
2026-04-24,ENA,0.018
2026-04-24,ETH,0.011
2026-04-24,FARTCOIN,-0.0015
2026-04-24,HYPE,-0.0034
2026-04-24,LINK,-0.0084
2026-04-24,LIT,0.0005
2026-04-24,LTC,-0.0014
2026-04-24,NEAR,-0.0003
2026-04-24,PENGU,0.0003
2026-04-24,PUMP,0.005
2026-04-24,SOL,-0.0005
2026-04-24,SUI,-0.0002
2026-04-24,VVV,-0.0101
2026-04-24,WLD,0.0002
2026-04-24,XMR,-0.0157
2026-04-24,XPL,-0.003
2026-04-24,XRP,-0.0012
2026-04-24,ZEC,0.0001
2026-04-24,ZRO,0.0103
2026-04-24,kPEPE,-0.0025
2026-04-25,AAVE,0.0083
2026-04-25,ADA,0.0051
2026-04-25,ARB,-0.0052
2026-04-25,AVAX,-0.0011
2026-04-25,BCH,-0.0007
2026-04-25,BNB,-0.0358
2026-04-25,BTC,-0.0122
2026-04-25,CRV,0.0061
2026-04-25,DOGE,0.032
2026-04-25,ETH,-0.0162
2026-04-25,FARTCOIN,-0.0014
2026-04-25,HYPE,-0.0289
2026-04-25,LINK,0.0096
2026-04-25,LIT,0.0039
2026-04-25,LTC,0.0006
2026-04-25,NEAR,0.0115
2026-04-25,PENGU,-0.0019
2026-04-25,PUMP,-0.0025
2026-04-25,SOL,0.0093
2026-04-25,SUI,-0.0064
2026-04-25,TAO,0.0142
2026-04-25,VVV,-0.0014
2026-04-25,WLD,0.0035
2026-04-25,XMR,0.0038
2026-04-25,XPL,-0.0059
2026-04-25,XRP,-0.0047
2026-04-25,ZEC,-0.0009
2026-04-25,ZRO,-0.0053
2026-04-25,kPEPE,0.0101
2026-04-26,AAVE,-0.0067
2026-04-26,ADA,0.0115
2026-04-26,ARB,-0.0026
2026-04-26,AVAX,0.0152
2026-04-26,BCH,-0.0083
2026-04-26,BNB,0.0416
2026-04-26,BTC,0.0338
2026-04-26,CRV,0.0134
2026-04-26,DOGE,0.0162
2026-04-26,ENA,-0.0078
2026-04-26,ETH,0.0187
2026-04-26,FARTCOIN,-0.005
2026-04-26,HYPE,0.0289
2026-04-26,LDO,-0.0228
2026-04-26,LINK,0.001
2026-04-26,LIT,0.0072
2026-04-26,LTC,-0.0861
2026-04-26,NEAR,-0.0173
2026-04-26,PENGU,0.0053
2026-04-26,PUMP,0.0024
2026-04-26,SOL,0.0029
2026-04-26,SUI,0.0073
2026-04-26,TAO,-0.005
2026-04-26,VVV,-0.0016
2026-04-26,WLD,0.0047
2026-04-26,XMR,0.013
2026-04-26,XPL,0.0074
2026-04-26,XRP,0.0059
2026-04-26,ZEC,0.0025
2026-04-26,ZRO,-0.0089
2026-04-26,kPEPE,-0.0024
2026-04-27,AAVE,-0.0119
2026-04-27,ADA,-0.0068
2026-04-27,ARB,0.0106
2026-04-27,AVAX,-0.0055
2026-04-27,BCH,-0.0191
2026-04-27,BNB,-0.0131
2026-04-27,BTC,-0.0119
2026-04-27,CRV,-0.0202
2026-04-27,DOGE,-0.0091
2026-04-27,ENA,0.0097
2026-04-27,ETH,-0.0315
2026-04-27,FARTCOIN,0.0035
2026-04-27,HYPE,-0.0097
2026-04-27,LDO,0.0045
2026-04-27,LINK,-0.0281
2026-04-27,LIT,-0.0031
2026-04-27,LTC,0.077
2026-04-27,NEAR,-0.0164
2026-04-27,PENGU,-0.0045
2026-04-27,PUMP,-0.0253
2026-04-27,SOL,-0.0267
2026-04-27,SUI,0.003
2026-04-27,TAO,0.0003
2026-04-27,VVV,0.0074
2026-04-27,WLD,-0.0043
2026-04-27,XMR,0.0009
2026-04-27,XPL,0.0047
2026-04-27,XRP,-0.0239
2026-04-27,ZEC,0.0052
2026-04-27,ZRO,0.0226
2026-04-27,kPEPE,0.0177
2026-04-28,AAVE,0.007
2026-04-28,ADA,0.0102
2026-04-28,ARB,0.0062
2026-04-28,AVAX,0.0136
2026-04-28,BNB,-0.0015
2026-04-28,BTC,-0.006
2026-04-28,CRV,0.0205
2026-04-28,DOGE,-0.0278
2026-04-28,ENA,-0.0039
2026-04-28,ETH,0.0196
2026-04-28,FARTCOIN,-0.0008
2026-04-28,HYPE,-0.0036
2026-04-28,LDO,0.0023
2026-04-28,LINK,-0.005
2026-04-28,LIT,-0.0072
2026-04-28,LTC,-0.0873
2026-04-28,NEAR,0.0208
2026-04-28,PENGU,-0.0017
2026-04-28,PUMP,-0.0032
2026-04-28,SOL,0.0065
2026-04-28,SUI,0.0151
2026-04-28,TAO,-0.0147
2026-04-28,VVV,-0.001
2026-04-28,WLD,0.0017
2026-04-28,XMR,-0.0011
2026-04-28,XPL,0.0016
2026-04-28,XRP,0.0102
2026-04-28,ZEC,0.0059
2026-04-28,ZRO,-0.0044
2026-04-28,kPEPE,-0.0149
2026-04-29,AAVE,0.0014
2026-04-29,ADA,-0.0133
2026-04-29,ARB,-0.0063
2026-04-29,AVAX,-0.0376
2026-04-29,BNB,-0.0081
2026-04-29,BTC,-0.0002
2026-04-29,CRV,-0.0204
2026-04-29,DOGE,-0.0441
2026-04-29,ENA,0.0039
2026-04-29,ETH,-0.0092
2026-04-29,FARTCOIN,0.0038
2026-04-29,HYPE,0.0004
2026-04-29,LDO,-0.002
2026-04-29,LINK,-0.0011
2026-04-29,LIT,0.0057
2026-04-29,LTC,0.0808
2026-04-29,NEAR,0.013
2026-04-29,PENGU,0.0099
2026-04-29,PUMP,0.0017
2026-04-29,SOL,-0.0053
2026-04-29,SUI,-0.012
2026-04-29,TAO,0.0172
2026-04-29,VVV,0.0169
2026-04-29,WLD,-0.0079
2026-04-29,XMR,0.0011
2026-04-29,XPL,0.0014
2026-04-29,XRP,-0.0108
2026-04-29,ZEC,0.0066
2026-04-29,ZRO,-0.019
2026-04-29,kPEPE,0.0147
2026-04-30,AAVE,0.0099
2026-04-30,ADA,-0.0069
2026-04-30,ARB,0.0002
2026-04-30,AVAX,0.0298
2026-04-30,BNB,0.0137
2026-04-30,BTC,0.0077
2026-04-30,CRV,-0.0104
2026-04-30,DOGE,-0.0193
2026-04-30,ENA,-0.0019
2026-04-30,ETH,0.009
2026-04-30,FARTCOIN,0.0045
2026-04-30,HYPE,0.0097
2026-04-30,LDO,0.0041
2026-04-30,LINK,0.0046
2026-04-30,LIT,0.0147
2026-04-30,LTC,-0.0808
2026-04-30,NEAR,-0.0069
2026-04-30,PENGU,-0.0062
2026-04-30,PUMP,-0.003
2026-04-30,SOL,0.0077
2026-04-30,SUI,0.0174
2026-04-30,TAO,-0.0071
2026-04-30,UNI,0.0089
2026-04-30,VVV,-0.0203
2026-04-30,WLD,-0.009
2026-04-30,XMR,0.0151
2026-04-30,XRP,0.0013
2026-04-30,ZEC,-0.0064
2026-04-30,ZRO,0.0113
2026-04-30,kPEPE,-0.0071
2026-05-01,AAVE,0.0062
2026-05-01,ADA,0.0152
2026-05-01,ARB,0.0028
2026-05-01,AVAX,-0.0037
2026-05-01,BNB,-0.0045
2026-05-01,BTC,-0.0579
2026-05-01,CRV,0.0237
2026-05-01,DOGE,0.018
2026-05-01,ETH,0.0032
2026-05-01,FARTCOIN,-0.0175
2026-05-01,HYPE,-0.0099
2026-05-01,LDO,-0.0047
2026-05-01,LINK,0.0074
2026-05-01,LIT,-0.0058
2026-05-01,LTC,0.096
2026-05-01,NEAR,0.0041
2026-05-01,PENGU,0.0056
2026-05-01,PUMP,0.0115
2026-05-01,SOL,0.0088
2026-05-01,SUI,-0.0199
2026-05-01,TAO,0.0052
2026-05-01,UNI,-0.0089
2026-05-01,VVV,0.0064
2026-05-01,XMR,0.0129
2026-05-01,XPL,-0.0082
2026-05-01,XRP,0.0066
2026-05-01,ZEC,-0.0138
2026-05-01,ZRO,0.0078
2026-05-01,kPEPE,-0.0025
2026-05-02,AAVE,-0.0205
2026-05-02,ADA,0.0033
2026-05-02,ARB,-0.0108
2026-05-02,AVAX,-0.0068
2026-05-02,BNB,0.016
2026-05-02,BTC,0.07
2026-05-02,CRV,0.0068
2026-05-02,DOGE,0.0295
2026-05-02,ETH,-0.0065
2026-05-02,FARTCOIN,0.0096
2026-05-02,LDO,0.0002
2026-05-02,LINK,0.0124
2026-05-02,LIT,0.0039
2026-05-02,LTC,-0.0284
2026-05-02,NEAR,-0.0081
2026-05-02,PUMP,0.0141
2026-05-02,SUI,-0.0036
2026-05-02,TAO,-0.0077
2026-05-02,VVV,0.0023
2026-05-02,WLD,0.007
2026-05-02,XMR,-0.0032
2026-05-02,XPL,-0.0039
2026-05-02,XRP,-0.0108
2026-05-02,ZEC,0.0003
2026-05-02,ZRO,-0.0177
2026-05-02,kPEPE,-0.0002
2026-05-03,AAVE,0.0226
2026-05-03,ADA,-0.0032
2026-05-03,ARB,-0.0002
2026-05-03,AVAX,-0.0006
2026-05-03,BNB,0.0038
2026-05-03,BTC,-0.018
2026-05-03,CRV,-0.0004
2026-05-03,DOGE,-0.008
2026-05-03,ENA,-0.002
2026-05-03,ETH,-0.0006
2026-05-03,FARTCOIN,0.0004
2026-05-03,HYPE,-0.0124
2026-05-03,LDO,0.0124
2026-05-03,LINK,-0.012
2026-05-03,LIT,-0.0149
2026-05-03,LTC,0.0334
2026-05-03,NEAR,0.0035
2026-05-03,PENGU,0.0043
2026-05-03,PUMP,0.0002
2026-05-03,SOL,0.0028
2026-05-03,SUI,-0.0005
2026-05-03,TAO,-0.0076
2026-05-03,VVV,-0.0091
2026-05-03,WLD,-0.0035
2026-05-03,XRP,-0.0176
2026-05-03,ZEC,0.0006
2026-05-03,ZRO,0.0085
2026-05-03,kPEPE,-0.0003
2026-05-04,AAVE,-0.002
2026-05-04,ADA,-0.0001
2026-05-04,AVAX,0.0064
2026-05-04,BNB,0.0114
2026-05-04,BTC,-0.0111
2026-05-04,CRV,0.0035
2026-05-04,DOGE,0.0214
2026-05-04,ENA,0.002
2026-05-04,ETH,0.0281
2026-05-04,FARTCOIN,-0.0017
2026-05-04,HYPE,0.0285
2026-05-04,LDO,-0.0121
2026-05-04,LINK,-0.0373
2026-05-04,LIT,0.0093
2026-05-04,LTC,-0.0181
2026-05-04,NEAR,-0.0024
2026-05-04,PENGU,0.0073
2026-05-04,PUMP,-0.0136
2026-05-04,SOL,0.0037
2026-05-04,SUI,0.0002
2026-05-04,TAO,0.0057
2026-05-04,WLD,0.0078
2026-05-04,XMR,-0.0127
2026-05-04,XPL,0.0034
2026-05-04,XRP,0.0258
2026-05-04,ZEC,0.0011
2026-05-04,ZRO,-0.0095
2026-05-04,kPEPE,0.0052
2026-05-05,ADA,-0.0108
2026-05-05,AVAX,0.0106
2026-05-05,BNB,0.0057
2026-05-05,BTC,0.0389
2026-05-05,CRV,0.007
2026-05-05,DOGE,0.0105
2026-05-05,ENA,-0.0173
2026-05-05,ETH,-0.0057
2026-05-05,FARTCOIN,-0.0074
2026-05-05,HYPE,-0.0096
2026-05-05,LDO,0.0103
2026-05-05,LINK,0.0353
2026-05-05,LIT,-0.0056
2026-05-05,LTC,0.0146
2026-05-05,PENGU,-0.0147
2026-05-05,PUMP,0.0156
2026-05-05,SOL,0.0025
2026-05-05,SUI,-0.0098
2026-05-05,TAO,0.0037
2026-05-05,VVV,0.001
2026-05-05,WLD,0.0061
2026-05-05,XMR,-0.0066
2026-05-05,XPL,-0.0058
2026-05-05,XRP,-0.0066
2026-05-05,ZEC,0.0007
2026-05-05,ZRO,0.0131
2026-05-05,kPEPE,0.0028
2026-05-06,AAVE,0.002
2026-05-06,ADA,0.0157
2026-05-06,ARB,0.0028
2026-05-06,AVAX,0.0125
2026-05-06,BNB,0.0159
2026-05-06,BTC,0.0018
2026-05-06,CRV,0.0013
2026-05-06,DOGE,-0.0164
2026-05-06,ENA,0.0055
2026-05-06,ETH,0.0037
2026-05-06,FARTCOIN,-0.0006
2026-05-06,HYPE,0.0136
2026-05-06,LDO,-0.0005
2026-05-06,LINK,0.0164
2026-05-06,LIT,0.0108
2026-05-06,LTC,-0.0747
2026-05-06,NEAR,-0.0551
2026-05-06,ONDO,-0.0066
2026-05-06,PENGU,0.0045
2026-05-06,PUMP,0.0022
2026-05-06,SOL,0.0121
2026-05-06,SUI,0.0244
2026-05-06,TAO,-0.0073
2026-05-06,VVV,-0.0009
2026-05-06,WLD,-0.0004
2026-05-06,XMR,0.0235
2026-05-06,XPL,-0.0081
2026-05-06,XRP,0.0197
2026-05-06,ZEC,-0.0012
2026-05-06,ZRO,-0.0009
2026-05-06,kPEPE,-0.0037
2026-05-07,ADA,0.0072
2026-05-07,ARB,-0.0027
2026-05-07,AVAX,-0.0126
2026-05-07,BNB,-0.0118
2026-05-07,BTC,-0.004
2026-05-07,CRV,0.0036
2026-05-07,DOGE,-0.0069
2026-05-07,ENA,0.006
2026-05-07,ETH,-0.0051
2026-05-07,FARTCOIN,0.0043
2026-05-07,HYPE,0.003
2026-05-07,LDO,0.0128
2026-05-07,LINK,0.0058
2026-05-07,LIT,-0.0088
2026-05-07,LTC,-0.0013
2026-05-07,NEAR,0.0179
2026-05-07,ONDO,-0.0105
2026-05-07,PENGU,0.0049
2026-05-07,SOL,0.0066
2026-05-07,SUI,-0.008
2026-05-07,TAO,0.0073
2026-05-07,WLD,-0.0023
2026-05-07,XMR,-0.0267
2026-05-07,XPL,-0.0025
2026-05-07,XRP,-0.0197
2026-05-07,ZEC,-0.0032
2026-05-07,ZRO,-0.0131
2026-05-07,kPEPE,-0.0016
2026-05-08,AAVE,0.0041
2026-05-08,ADA,0.0085
2026-05-08,ARB,-0.0142
2026-05-08,AVAX,0.0177
2026-05-08,BNB,0.0092
2026-05-08,BTC,-0.0137
2026-05-08,CRV,-0.0114
2026-05-08,DOGE,0.0143
2026-05-08,ENA,-0.011
2026-05-08,ETH,-0.0028
2026-05-08,FARTCOIN,-0.0017
2026-05-08,HYPE,0.0034
2026-05-08,LDO,-0.014
2026-05-08,LINK,-0.0039
2026-05-08,LIT,-0.0018
2026-05-08,LTC,0.0094
2026-05-08,NEAR,0.0004
2026-05-08,ONDO,-0.0051
2026-05-08,PENGU,0.0053
2026-05-08,PUMP,0.0049
2026-05-08,SOL,0.0029
2026-05-08,SUI,0.0077
2026-05-08,TAO,0.0021
2026-05-08,VVV,-0.0014
2026-05-08,WLD,0.0089
2026-05-08,XMR,0.0127
2026-05-08,XPL,0.0072
2026-05-08,XRP,0.022
2026-05-08,ZEC,0.0034
2026-05-08,ZRO,0.02
2026-05-08,kPEPE,-0.0028
2026-05-09,AAVE,0.004
2026-05-09,ADA,-0.0117
2026-05-09,ARB,0.0093
2026-05-09,AVAX,-0.007
2026-05-09,BNB,-0.0029
2026-05-09,BTC,0.0104
2026-05-09,CRV,-0.0038
2026-05-09,DOGE,0.0159
2026-05-09,ENA,0.004
2026-05-09,ETH,-0.0213
2026-05-09,HYPE,0.0162
2026-05-09,LDO,0.0124
2026-05-09,LINK,0.019
2026-05-09,LIT,0.004
2026-05-09,NEAR,-0.0075
2026-05-09,ONDO,0.019
2026-05-09,PENGU,-0.0148
2026-05-09,SOL,-0.0094
2026-05-09,SUI,-0.0414
2026-05-09,TAO,0.0061
2026-05-09,VVV,0.0016
2026-05-09,XMR,-0.018
2026-05-09,XPL,-0.0087
2026-05-09,XRP,-0.0068
2026-05-09,ZEC,0.0045
2026-05-09,ZRO,-0.0203
2026-05-09,kPEPE,0.0094
2026-05-10,AAVE,-0.0244
2026-05-10,ADA,-0.0072
2026-05-10,ARB,0.0023
2026-05-10,AVAX,0.0041
2026-05-10,BNB,0.0098
2026-05-10,BTC,0.0159
2026-05-10,CRV,-0.0033
2026-05-10,DOGE,0.0107
2026-05-10,ENA,-0.0005
2026-05-10,ETH,0.0444
2026-05-10,FARTCOIN,-0.0062
2026-05-10,HYPE,-0.0005
2026-05-10,LDO,-0.0173
2026-05-10,LINK,-0.0236
2026-05-10,LIT,0.0126
2026-05-10,LTC,-0.0052
2026-05-10,NEAR,0.0022
2026-05-10,ONDO,-0.0168
2026-05-10,PENGU,0.0128
2026-05-10,PUMP,0.0051
2026-05-10,SOL,0.0035
2026-05-10,SUI,-0.0108
2026-05-10,TAO,0.011
2026-05-10,VVV,0.0002
2026-05-10,WLD,-0.0044
2026-05-10,XMR,0.0473
2026-05-10,XPL,0.0177
2026-05-10,XRP,0.0135
2026-05-10,ZEC,-0.0022
2026-05-10,ZRO,0.0126
2026-05-10,kPEPE,-0.0061
2026-05-11,AAVE,0.0063
2026-05-11,ADA,0.0084
2026-05-11,ARB,0.0024
2026-05-11,AVAX,0.0082
2026-05-11,BNB,-0.0021
2026-05-11,BTC,-0.0023
2026-05-11,CRV,-0.0249
2026-05-11,DOGE,0.0033
2026-05-11,ENA,0.0096
2026-05-11,ETH,-0.0043
2026-05-11,FARTCOIN,0.0108
2026-05-11,HYPE,-0.0044
2026-05-11,LDO,0.0003
2026-05-11,LINK,-0.0154
2026-05-11,LIT,-0.0061
2026-05-11,LTC,-0.013
2026-05-11,NEAR,0.0078
2026-05-11,ONDO,-0.0013
2026-05-11,PENGU,-0.0089
2026-05-11,PUMP,0.0046
2026-05-11,SOL,-0.0216
2026-05-11,SUI,0.0064
2026-05-11,TAO,0.0028
2026-05-11,VVV,0.001
2026-05-11,WLD,0.0044
2026-05-11,XMR,-0.0661
2026-05-11,XRP,-0.0012
2026-05-11,ZEC,0.0246
2026-05-11,ZRO,-0.0146
2026-05-11,kPEPE,0.0092
2026-05-12,AAVE,-0.0019
2026-05-12,ADA,0.0128
2026-05-12,ARB,0.012
2026-05-12,AVAX,-0.0096
2026-05-12,BNB,-0.0386
2026-05-12,BTC,-0.013
2026-05-12,CRV,0.0057
2026-05-12,DOGE,-0.0179
2026-05-12,ENA,0.0055
2026-05-12,ETH,-0.0422
2026-05-12,FARTCOIN,-0.0037
2026-05-12,HYPE,0.0027
2026-05-12,LDO,0.0015
2026-05-12,LINK,-0.0129
2026-05-12,LIT,0.002
2026-05-12,LTC,-0.008
2026-05-12,NEAR,-0.0333
2026-05-12,ONDO,0.0197
2026-05-12,PENGU,0.0148
2026-05-12,PUMP,0.0047
2026-05-12,SOL,0.0193
2026-05-12,SUI,0.002
2026-05-12,TAO,0.0028
2026-05-12,VVV,0.0058
2026-05-12,XMR,0.0005
2026-05-12,XPL,-0.0039
2026-05-12,XRP,-0.0099
2026-05-12,ZEC,-0.0272
2026-05-12,ZRO,-0.0021
2026-05-12,kPEPE,-0.0096
2026-05-13,AAVE,-0.0153
2026-05-13,ADA,-0.0023
2026-05-13,ARB,-0.0008
2026-05-13,AVAX,0.0041
2026-05-13,BNB,0.0298
2026-05-13,BTC,0.0087
2026-05-13,CRV,-0.0085
2026-05-13,DOGE,0.0271
2026-05-13,ETH,0.0088
2026-05-13,FARTCOIN,0.0097
2026-05-13,LDO,-0.0048
2026-05-13,LINK,0.0157
2026-05-13,LIT,-0.0058
2026-05-13,LTC,-0.0002
2026-05-13,NEAR,0.0284
2026-05-13,ONDO,-0.018
2026-05-13,PENGU,0.0091
2026-05-13,PUMP,-0.0192
2026-05-13,SOL,0.0042
2026-05-13,SUI,0.0133
2026-05-13,TAO,0.0095
2026-05-13,VVV,-0.004
2026-05-13,WLD,-0.0045
2026-05-13,XMR,0.0127
2026-05-13,XPL,-0.0111
2026-05-13,XRP,-0.0685
2026-05-13,ZEC,0.0126
2026-05-13,ZRO,0.0099
2026-05-13,kPEPE,0.0147
2026-05-14,AAVE,0.0295
2026-05-14,ADA,0.0007
2026-05-14,ARB,-0.0158
2026-05-14,AVAX,0.0071
2026-05-14,BNB,0.0053
2026-05-14,BTC,0.0001
2026-05-14,CRV,0.021
2026-05-14,DOGE,-0.026
2026-05-14,ENA,-0.0216
2026-05-14,ETH,0.0524
2026-05-14,FARTCOIN,-0.0054
2026-05-14,HYPE,-0.0574
2026-05-14,LDO,0.0111
2026-05-14,LINK,0.0178
2026-05-14,LIT,0.0078
2026-05-14,LTC,0.0043
2026-05-14,NEAR,-0.0076
2026-05-14,ONDO,0.0017
2026-05-14,PENGU,-0.0197
2026-05-14,PUMP,0.0166
2026-05-14,SOL,0.0025
2026-05-14,SUI,-0.018
2026-05-14,TAO,-0.0068
2026-05-14,VVV,0.0003
2026-05-14,WLD,0.0089
2026-05-14,XMR,0.037
2026-05-14,XPL,0.0105
2026-05-14,XRP,0.0385
2026-05-14,ZEC,-0.012
2026-05-14,ZRO,0.0147
2026-05-14,kPEPE,0.0052
2026-05-15,AAVE,-0.0142
2026-05-15,ADA,-0.0018
2026-05-15,ARB,0.0233
2026-05-15,AVAX,-0.0005
2026-05-15,BNB,-0.0466
2026-05-15,BTC,-0.0113
2026-05-15,CRV,-0.0084
2026-05-15,DOGE,-0.0582
2026-05-15,ENA,0.0088
2026-05-15,ETH,-0.0341
2026-05-15,FARTCOIN,-0.0102
2026-05-15,HYPE,-0.0156
2026-05-15,LDO,-0.0086
2026-05-15,LINK,-0.0345
2026-05-15,LIT,0.0196
2026-05-15,LTC,-0.0049
2026-05-15,NEAR,0.0151
2026-05-15,ONDO,0.0209
2026-05-15,PENGU,-0.0047
2026-05-15,PUMP,-0.0067
2026-05-15,SOL,0.0004
2026-05-15,SUI,0.0419
2026-05-15,TAO,0.0026
2026-05-15,VVV,0.0121
2026-05-15,WLD,-0.0068
2026-05-15,XMR,-0.0473
2026-05-15,XPL,-0.0065
2026-05-15,XRP,-0.0276
2026-05-15,ZEC,0.0166
2026-05-15,ZRO,-0.0258
2026-05-15,kPEPE,0.0052
2026-05-16,AAVE,0.0044
2026-05-16,ADA,-0.0052
2026-05-16,ARB,-0.0032
2026-05-16,AVAX,-0.0229
2026-05-16,BNB,0.038
2026-05-16,BTC,-0.0182
2026-05-16,CRV,0.0032
2026-05-16,DOGE,0.0643
2026-05-16,ENA,0.0188
2026-05-16,ETH,-0.0483
2026-05-16,FARTCOIN,0.002
2026-05-16,HYPE,0.0058
2026-05-16,LDO,0.0076
2026-05-16,LINK,0.013
2026-05-16,LIT,-0.0402
2026-05-16,LTC,-0.0099
2026-05-16,NEAR,0.0252
2026-05-16,ONDO,-0.0031
2026-05-16,PENGU,0.0342
2026-05-16,PUMP,-0.0002
2026-05-16,SOL,-0.0059
2026-05-16,SUI,-0.0204
2026-05-16,TAO,-0.0008
2026-05-16,VVV,-0.0045
2026-05-16,WLD,-0.0208
2026-05-16,XMR,0.0213
2026-05-16,XPL,0.004
2026-05-16,XRP,-0.067
2026-05-16,ZEC,-0.0072
2026-05-16,ZRO,-0.001
2026-05-16,kPEPE,-0.0418
2026-05-17,AAVE,-0.0105
2026-05-17,ADA,0.0053
2026-05-17,ARB,0.0083
2026-05-17,AVAX,0.015
2026-05-17,BNB,0.0092
2026-05-17,BTC,-0.032
2026-05-17,CRV,-0.0079
2026-05-17,DOGE,-0.0109
2026-05-17,ENA,0.0053
2026-05-17,ETH,0.0171
2026-05-17,FARTCOIN,0.0092
2026-05-17,HYPE,0.0094
2026-05-17,LDO,0.0016
2026-05-17,LINK,-0.0121
2026-05-17,LIT,0.0227
2026-05-17,LTC,-0.0055
2026-05-17,NEAR,-0.046
2026-05-17,ONDO,-0.0162
2026-05-17,PENGU,-0.0132
2026-05-17,PUMP,-0.0123
2026-05-17,SOL,-0.0035
2026-05-17,SUI,0.0161
2026-05-17,TAO,-0.0233
2026-05-17,VVV,-0.0076
2026-05-17,WLD,0.029
2026-05-17,XMR,-0.0136
2026-05-17,XPL,0.0126
2026-05-17,XRP,0.0824
2026-05-17,ZEC,-0.008
2026-05-17,ZRO,0.0017
2026-05-17,kPEPE,0.0239
2026-05-18,AAVE,0.0209
2026-05-18,ADA,-0.005
2026-05-18,ARB,-0.0214
2026-05-18,AVAX,0.0048
2026-05-18,BNB,-0.0285
2026-05-18,BTC,0.046
2026-05-18,CRV,0.0106
2026-05-18,DOGE,-0.0131
2026-05-18,ENA,-0.0172
2026-05-18,ETH,0.0259
2026-05-18,FARTCOIN,0.0003
2026-05-18,HYPE,0.0064
2026-05-18,LDO,-0.0016
2026-05-18,LINK,0.0282
2026-05-18,LIT,-0.0184
2026-05-18,LTC,0.0001
2026-05-18,NEAR,0.0044
2026-05-18,ONDO,0.0029
2026-05-18,PENGU,-0.0186
2026-05-18,PUMP,0.005
2026-05-18,SOL,0.0019
2026-05-18,SUI,-0.028
2026-05-18,TAO,0.023
2026-05-18,VVV,0.0013
2026-05-18,WLD,0.0056
2026-05-18,XMR,0.0206
2026-05-18,XPL,0.0078
2026-05-18,XRP,-0.0006
2026-05-18,ZEC,-0.0001
2026-05-18,ZRO,0.0032
2026-05-18,kPEPE,0.0076
2026-05-19,AAVE,0.015
2026-05-19,ARB,0.0048
2026-05-19,AVAX,0.0067
2026-05-19,BNB,0.0166
2026-05-19,BTC,-0.0212
2026-05-19,CRV,0.0048
2026-05-19,DOGE,0.0109
2026-05-19,ENA,-0.0041
2026-05-19,ETH,-0.0085
2026-05-19,FARTCOIN,0.0095
2026-05-19,HYPE,-0.0005
2026-05-19,LDO,-0.0054
2026-05-19,LINK,-0.0049
2026-05-19,LIT,0.0023
2026-05-19,LTC,0.0007
2026-05-19,NEAR,0.0028
2026-05-19,ONDO,0.0005
2026-05-19,PENGU,0.0002
2026-05-19,PUMP,-0.0072
2026-05-19,SOL,-0.0035
2026-05-19,SUI,0.0116
2026-05-19,TAO,-0.0053
2026-05-19,VVV,0.0007
2026-05-19,WLD,-0.0171
2026-05-19,XMR,-0.0052
2026-05-19,XPL,-0.0078
2026-05-19,XRP,0.0049
2026-05-19,ZRO,0.0002
2026-05-20,AAVE,-0.0004
2026-05-20,ADA,-0.0083
2026-05-20,ARB,-0.0024
2026-05-20,AVAX,-0.0138
2026-05-20,BNB,0.0076
2026-05-20,BTC,0.0296
2026-05-20,CRV,0.0024
2026-05-20,DOGE,0.0151
2026-05-20,ENA,0.0082
2026-05-20,ETH,0.0177
2026-05-20,FARTCOIN,0.0036
2026-05-20,HYPE,0.0013
2026-05-20,LDO,0.0072
2026-05-20,LINK,-0.008
2026-05-20,LIT,0.0015
2026-05-20,LTC,0.0002
2026-05-20,NEAR,0.0007
2026-05-20,ONDO,-0.0007
2026-05-20,PENGU,-0.0019
2026-05-20,PUMP,0.0026
2026-05-20,SOL,-0.0053
2026-05-20,SUI,-0.0049
2026-05-20,TAO,-0.0188
2026-05-20,VVV,0.0004
2026-05-20,WLD,-0.0051
2026-05-20,XMR,0.0255
2026-05-20,XPL,-0.0186
2026-05-20,XRP,-0.0095
2026-05-20,ZEC,0.002
2026-05-20,ZRO,0.0108
2026-05-21,AAVE,0.0004
2026-05-21,ADA,-0.0036
2026-05-21,AVAX,0.0046
2026-05-21,BNB,0.0125
2026-05-21,BTC,0.0078
2026-05-21,CRV,0.0049
2026-05-21,DOGE,0.0001
2026-05-21,ENA,0.002
2026-05-21,ETH,-0.0047
2026-05-21,FARTCOIN,-0.0198
2026-05-21,LDO,-0.0037
2026-05-21,LINK,0.0042
2026-05-21,LIT,-0.0008
2026-05-21,NEAR,-0.0022
2026-05-21,ONDO,-0.0014
2026-05-21,PENGU,0.0128
2026-05-21,PUMP,-0.0092
2026-05-21,SOL,0.0087
2026-05-21,TAO,0.0161
2026-05-21,VVV,-0.0001
2026-05-21,WLD,-0.0063
2026-05-21,XMR,-0.0178
2026-05-21,XPL,0.0186
2026-05-21,XRP,0.0157
2026-05-21,ZEC,0.0024
2026-05-21,ZRO,0.0076
2026-05-21,kPEPE,-0.0039
2026-05-22,AAVE,-0.0364
2026-05-22,ARB,-0.0098
2026-05-22,AVAX,-0.0104
2026-05-22,BNB,-0.0041
2026-05-22,BTC,-0.0355
2026-05-22,DOGE,0.0028
2026-05-22,ENA,-0.002
2026-05-22,ETH,-0.0221
2026-05-22,FARTCOIN,0.0076
2026-05-22,HYPE,0.013
2026-05-22,LDO,0.0108
2026-05-22,LINK,0.0031
2026-05-22,LIT,0.0378
2026-05-22,LTC,-0.0103
2026-05-22,NEAR,-0.0092
2026-05-22,ONDO,0.0036
2026-05-22,PUMP,0.0047
2026-05-22,SOL,-0.0051
2026-05-22,SUI,0.0162
2026-05-22,TAO,0.0092
2026-05-22,VVV,0.0073
2026-05-22,WLD,-0.0032
2026-05-22,XMR,-0.0292
2026-05-22,XPL,0.0045
2026-05-22,XRP,-0.03
2026-05-22,ZEC,0.0368
2026-05-22,ZRO,-0.0188
2026-05-22,kPEPE,-0.0125
2026-05-23,AAVE,0.0368
2026-05-23,ADA,-0.0054
2026-05-23,ARB,0.0025
2026-05-23,AVAX,-0.0205
2026-05-23,BNB,-0.029
2026-05-23,BTC,0.0091
2026-05-23,CRV,-0.0026
2026-05-23,DOGE,-0.0342
2026-05-23,ETH,0.041
2026-05-23,FARTCOIN,-0.0014
2026-05-23,HYPE,-0.0138
2026-05-23,LDO,-0.0072
2026-05-23,LINK,-0.008
2026-05-23,LIT,0.0027
2026-05-23,LTC,0.0508
2026-05-23,NEAR,0.0021
2026-05-23,ONDO,0.0005
2026-05-23,PENGU,-0.0036
2026-05-23,PUMP,0.0003
2026-05-23,SOL,-0.0097
2026-05-23,SUI,-0.013
2026-05-23,TAO,-0.0182
2026-05-23,VVV,-0.0065
2026-05-23,WLD,0.0028
2026-05-23,XMR,0.0322
2026-05-23,XPL,-0.0001
2026-05-23,XRP,0.0225
2026-05-23,ZEC,0.0015
2026-05-23,ZRO,0.0138
2026-05-23,kPEPE,0.0034
2026-05-24,AAVE,-0.0037
2026-05-24,ADA,-0.0049
2026-05-24,AVAX,-0.0054
2026-05-24,BNB,0.0131
2026-05-24,CRV,-0.0048
2026-05-24,DOGE,0.0151
2026-05-24,ETH,-0.0004
2026-05-24,FARTCOIN,0.0084
2026-05-24,HYPE,0.0021
2026-05-24,LDO,-0.0018
2026-05-24,LINK,-0.0041
2026-05-24,LIT,-0.0023
2026-05-24,LTC,-0.0004
2026-05-24,NEAR,0.0034
2026-05-24,ONDO,-0.0023
2026-05-24,PENGU,-0.0054
2026-05-24,PUMP,0.0133
2026-05-24,SOL,0.0036
2026-05-24,SUI,-0.0032
2026-05-24,TAO,0.011
2026-05-24,WLD,0.0044
2026-05-24,XMR,-0.0148
2026-05-24,XPL,-0.0108
2026-05-24,XRP,-0.0002
2026-05-24,ZEC,0.0013
2026-05-24,ZRO,-0.0026
2026-05-24,kPEPE,0.0071
2026-05-25,ADA,0.0126
2026-05-25,AVAX,0.0044
2026-05-25,BNB,0.0087
2026-05-25,BTC,0.0069
2026-05-25,CRV,0.0024
2026-05-25,DOGE,-0.0035
2026-05-25,ENA,-0.004
2026-05-25,ETH,0.0055
2026-05-25,FARTCOIN,-0.0034
2026-05-25,HYPE,0.0052
2026-05-25,LDO,-0.0018
2026-05-25,LINK,0.0001
2026-05-25,LIT,-0.0375
2026-05-25,LTC,-0.0047
2026-05-25,PENGU,0.0128
2026-05-25,PUMP,-0.0044
2026-05-25,SOL,-0.0038
2026-05-25,SUI,-0.0032
2026-05-25,TAO,-0.0044
2026-05-25,VVV,0.0015
2026-05-25,WLD,-0.0022
2026-05-25,XMR,0.0294
2026-05-25,XPL,-0.0081
2026-05-25,XRP,-0.0044
2026-05-25,ZEC,-0.0376
2026-05-25,ZRO,-0.0052
2026-05-25,kPEPE,-0.0035
2026-05-26,AAVE,-0.0183
2026-05-26,ADA,0.0009
2026-05-26,AVAX,0.0005
2026-05-26,BNB,-0.0117
2026-05-26,BTC,-0.0054
2026-05-26,CRV,0.0049
2026-05-26,DOGE,-0.0069
2026-05-26,ENA,0.004
2026-05-26,ETH,-0.0129
2026-05-26,FARTCOIN,-0.0036
2026-05-26,HYPE,0.0051
2026-05-26,INJ,-0.0211
2026-05-26,LDO,0.009
2026-05-26,LINK,-0.0069
2026-05-26,LIT,0.0396
2026-05-26,LTC,-0.02
2026-05-26,NEAR,0.0047
2026-05-26,ONDO,0.0083
2026-05-26,PENGU,0.0056
2026-05-26,PUMP,-0.0157
2026-05-26,SOL,0.0008
2026-05-26,SUI,0.0063
2026-05-26,TAO,-0.0135
2026-05-26,VVV,0.0223
2026-05-26,WLD,0.0013
2026-05-26,XMR,-0.0191
2026-05-26,XPL,-0.0148
2026-05-26,XRP,-0.0041
2026-05-26,ZEC,0.0392
2026-05-26,ZRO,-0.0054
2026-05-26,kPEPE,-0.0072
2026-05-27,AAVE,0.0359
2026-05-27,ADA,-0.0023
2026-05-27,AVAX,-0.0053
2026-05-27,BNB,-0.0103
2026-05-27,BTC,-0.0056
2026-05-27,CRV,0.0086
2026-05-27,DOGE,-0.0127
2026-05-27,ETH,-0.0076
2026-05-27,FARTCOIN,0.0005
2026-05-27,HYPE,0.0068
2026-05-27,INJ,0.0194
2026-05-27,LINK,-0.0414
2026-05-27,LIT,0.005
2026-05-27,LTC,0.0136
2026-05-27,NEAR,-0.0046
2026-05-27,ONDO,-0.0031
2026-05-27,PENGU,-0.0082
2026-05-27,PUMP,-0.0014
2026-05-27,SOL,-0.0099
2026-05-27,SUI,0.0014
2026-05-27,TAO,0.0028
2026-05-27,VVV,-0.0045
2026-05-27,WLD,-0.0048
2026-05-27,XMR,-0.0301
2026-05-27,XPL,0.0076
2026-05-27,XRP,0.0121
2026-05-27,ZEC,0.0136
2026-05-27,ZRO,-0.0033
2026-05-27,kPEPE,-0.0215
2026-05-28,AAVE,0.0144
2026-05-28,AVAX,0.0465
2026-05-28,BNB,0.0235
2026-05-28,BTC,-0.076
2026-05-28,CRV,0.0065
2026-05-28,DOGE,-0.0139
2026-05-28,ENA,0.0136
2026-05-28,ETH,0.0243
2026-05-28,FARTCOIN,0.0257
2026-05-28,HYPE,-0.0172
2026-05-28,INJ,-0.0125
2026-05-28,LINK,0.0146
2026-05-28,LIT,-0.0086
2026-05-28,LTC,-0.0692
2026-05-28,NEAR,0.0011
2026-05-28,ONDO,0.0065
2026-05-28,PENGU,0.0228
2026-05-28,PUMP,0.0065
2026-05-28,SOL,-0.0299
2026-05-28,SUI,0.006
2026-05-28,TAO,0.0033
2026-05-28,VVV,0.0109
2026-05-28,WLD,0.0403
2026-05-28,XMR,0.0065
2026-05-28,XPL,-0.0034
2026-05-28,XRP,-0.0779
2026-05-28,ZEC,-0.0204
2026-05-28,ZRO,0.0149
2026-05-28,kPEPE,0.0271
2026-05-29,AAVE,-0.0318
2026-05-29,ADA,0.0099
2026-05-29,AVAX,-0.0411
2026-05-29,BNB,-0.0078
2026-05-29,BTC,0.0802
2026-05-29,CRV,-0.0128
2026-05-29,DOGE,0.046
2026-05-29,ENA,-0.0097
2026-05-29,ETH,-0.0276
2026-05-29,FARTCOIN,-0.0176
2026-05-29,HYPE,0.0004
2026-05-29,INJ,-0.0042
2026-05-29,LINK,0.0414
2026-05-29,LIT,-0.035
2026-05-29,LTC,0.0964
2026-05-29,NEAR,0.0024
2026-05-29,ONDO,-0.0021
2026-05-29,PENGU,-0.0299
2026-05-29,PUMP,0.0006
2026-05-29,SOL,0.0021
2026-05-29,SUI,-0.0074
2026-05-29,TAO,0.0008
2026-05-29,VVV,-0.0236
2026-05-29,WLD,-0.002
2026-05-29,XMR,0.0125
2026-05-29,XPL,0.0075
2026-05-29,XRP,0.0508
2026-05-29,ZEC,-0.0203
2026-05-29,ZRO,0.0022
2026-05-29,kPEPE,0.0157
2026-05-30,AAVE,0.0168
2026-05-30,ADA,-0.0097
2026-05-30,AVAX,0.0251
2026-05-30,BNB,-0.1054
2026-05-30,BTC,0.0137
2026-05-30,CRV,-0.0016
2026-05-30,DOGE,0.0092
2026-05-30,ENA,-0.0039
2026-05-30,ETH,0.0095
2026-05-30,FARTCOIN,-0.0038
2026-05-30,HYPE,-0.0046
2026-05-30,INJ,0.0117
2026-05-30,LINK,-0.0138
2026-05-30,LIT,-0.0013
2026-05-30,LTC,0.0094
2026-05-30,NEAR,-0.0038
2026-05-30,ONDO,-0.0064
2026-05-30,PENGU,0.014
2026-05-30,PUMP,0.0152
2026-05-30,SOL,0.0511
2026-05-30,SUI,-0.0032
2026-05-30,TAO,0.0114
2026-05-30,VVV,-0.0063
2026-05-30,WLD,0.006
2026-05-30,XMR,-0.0052
2026-05-30,XPL,0.0044
2026-05-30,XRP,0.0013
2026-05-30,ZEC,-0.0074
2026-05-30,ZRO,0.0017
2026-05-30,kPEPE,-0.0053
2026-05-31,AAVE,-0.0121
2026-05-31,ADA,-0.0048
2026-05-31,AVAX,-0.0054
2026-05-31,BNB,0.0037
2026-05-31,BTC,-0.0005
2026-05-31,DOGE,0.0004
2026-05-31,ENA,0.0041
2026-05-31,ETH,-0.011
2026-05-31,FARTCOIN,-0.0074
2026-05-31,HYPE,-0.0014
2026-05-31,INJ,-0.0032
2026-05-31,LINK,0.0076
2026-05-31,LIT,0.0002
2026-05-31,LTC,0.0052
2026-05-31,NEAR,0.0002
2026-05-31,ONDO,0.0074
2026-05-31,PUMP,-0.0053
2026-05-31,SOL,-0.0052
2026-05-31,SUI,-0.0033
2026-05-31,TAO,0.0005
2026-05-31,VVV,0.0025
2026-05-31,WLD,-0.0401
2026-05-31,XMR,0.0027
2026-05-31,XPL,0.0039
2026-05-31,XRP,0.0312
2026-05-31,ZEC,-0.0024
2026-05-31,ZRO,0.0027
2026-05-31,kPEPE,-0.0039
2026-06-01,AAVE,0.0087
2026-06-01,ADA,-0.0073
2026-06-01,AVAX,0.0214
2026-06-01,BNB,-0.0002
2026-06-01,BTC,-0.0731
2026-06-01,CRV,0.0005
2026-06-01,DOGE,0.0064
2026-06-01,ENA,-0.0256
2026-06-01,ETH,-0.0042
2026-06-01,FARTCOIN,0.0091
2026-06-01,HYPE,-0.0008
2026-06-01,INJ,-0.0053
2026-06-01,LINK,0.0059
2026-06-01,LIT,0.0082
2026-06-01,LTC,-0.0158
2026-06-01,NEAR,0.0003
2026-06-01,ONDO,0.0037
2026-06-01,PENGU,-0.015
2026-06-01,PUMP,-0.0081
2026-06-01,SOL,0.007
2026-06-01,SUI,0.0083
2026-06-01,TAO,0.0007
2026-06-01,VVV,0.0102
2026-06-01,WLD,-0.0019
2026-06-01,XMR,-0.0047
2026-06-01,XPL,-0.0059
2026-06-01,XRP,-0.0089
2026-06-01,ZEC,0.0023
2026-06-01,ZRO,-0.0005
2026-06-01,kPEPE,0.0131
2026-06-02,AAVE,0.0033
2026-06-02,ADA,-0.0073
2026-06-02,AVAX,-0.0622
2026-06-02,BNB,-0.0294
2026-06-02,BTC,-0.0375
2026-06-02,CRV,0.0317
2026-06-02,DOGE,-0.016
2026-06-02,ENA,-0.0001
2026-06-02,ETH,-0.0216
2026-06-02,FARTCOIN,0.0436
2026-06-02,HYPE,-0.0011
2026-06-02,INJ,0.0258
2026-06-02,JUP,-0.0042
2026-06-02,LINK,-0.0048
2026-06-02,LIT,-0.009
2026-06-02,LTC,0.001
2026-06-02,NEAR,-0.0075
2026-06-02,ONDO,-0.0125
2026-06-02,PENGU,0.0396
2026-06-02,PUMP,-0.0103
2026-06-02,SOL,-0.0078
2026-06-02,SUI,0.018
2026-06-02,TAO,-0.0177
2026-06-02,VVV,-0.0186
2026-06-02,WLD,0.0379
2026-06-02,XMR,-0.0012
2026-06-02,XPL,0.0129
2026-06-02,XRP,0.0279
2026-06-02,ZEC,-0.0004
2026-06-02,ZRO,0.0114
2026-06-02,kPEPE,-0.0274
2026-06-03,AAVE,-0.002
2026-06-03,ADA,-0.0167
2026-06-03,AVAX,0.0227
2026-06-03,BNB,0.0116
2026-06-03,BTC,0.0317
2026-06-03,CRV,-0.0149
2026-06-03,DOGE,0.0069
2026-06-03,ENA,0.0031
2026-06-03,ETH,0.0477
2026-06-03,FARTCOIN,-0.0085
2026-06-03,HYPE,0.008
2026-06-03,INJ,-0.0187
2026-06-03,JUP,0.0022
2026-06-03,LINK,0.0118
2026-06-03,LIT,-0.0001
2026-06-03,LTC,0.0064
2026-06-03,NEAR,0.0051
2026-06-03,ONDO,0.0036
2026-06-03,PENGU,-0.0215
2026-06-03,PUMP,0.0129
2026-06-03,SOL,-0.0232
2026-06-03,SUI,-0.0133
2026-06-03,TAO,0.0124
2026-06-03,WLD,0.0075
2026-06-03,XMR,-0.0009
2026-06-03,XPL,-0.0105
2026-06-03,XRP,-0.005
2026-06-03,ZEC,-0.007
2026-06-03,kPEPE,0.0161
2026-06-04,AAVE,0.0215
2026-06-04,ADA,0.0171
2026-06-04,AVAX,0.0038
2026-06-04,BNB,-0.0135
2026-06-04,BTC,-0.1048
2026-06-04,CRV,0.0128
2026-06-04,DOGE,-0.061
2026-06-04,ENA,0.0306
2026-06-04,ETH,-0.1287
2026-06-04,FARTCOIN,0.0394
2026-06-04,HYPE,0.0631
2026-06-04,INJ,0.037
2026-06-04,JUP,-0.0002
2026-06-04,LINK,-0.0587
2026-06-04,LIT,0.0496
2026-06-04,LTC,-0.0679
2026-06-04,NEAR,0.0617
2026-06-04,ONDO,-0.0006
2026-06-04,PENGU,0.0154
2026-06-04,PUMP,0.0172
2026-06-04,SOL,0.0201
2026-06-04,SUI,0.0141
2026-06-04,TAO,0.0068
2026-06-04,VVV,0.0415
2026-06-04,WLD,-0.0079
2026-06-04,XMR,-0.0088
2026-06-04,XPL,-0.0078
2026-06-04,XRP,-0.1234
2026-06-04,ZEC,0.0431
2026-06-04,kPEPE,0.0166
2026-06-05,AAVE,-0.0133
2026-06-05,ADA,0.0196
2026-06-05,AVAX,-0.0422
2026-06-05,BCH,0.0151
2026-06-05,BNB,-0.0165
2026-06-05,BTC,0.0181
2026-06-05,CRV,-0.0627
2026-06-05,DOGE,0.0541
2026-06-05,ENA,-0.0071
2026-06-05,ETH,0.0584
2026-06-05,FARTCOIN,0.0071
2026-06-05,HYPE,-0.0316
2026-06-05,INJ,-0.0376
2026-06-05,JUP,0.0022
2026-06-05,LINK,-0.0056
2026-06-05,LIT,-0.0134
2026-06-05,LTC,-0.0759
2026-06-05,NEAR,0.0059
2026-06-05,ONDO,0.0191
2026-06-05,PENGU,0.0089
2026-06-05,PUMP,0.0346
2026-06-05,SOL,-0.0074
2026-06-05,SUI,0.007
2026-06-05,TAO,-0.0024
2026-06-05,VVV,-0.0013
2026-06-05,WLD,-0.0394
2026-06-05,XMR,0.0534
2026-06-05,XPL,0.0537
2026-06-05,XRP,0.0358
2026-06-05,ZEC,0.0332
2026-06-05,kPEPE,-0.0086
2026-06-06,AAVE,0.0041
2026-06-06,ADA,-0.076
2026-06-06,AVAX,0.0488
2026-06-06,BCH,-0.0611
2026-06-06,BNB,-0.0216
2026-06-06,BTC,-0.012
2026-06-06,CRV,-0.0182
2026-06-06,DOGE,-0.0518
2026-06-06,ENA,0.0246
2026-06-06,ETH,0.0358
2026-06-06,FARTCOIN,-0.0071
2026-06-06,HYPE,0.0154
2026-06-06,INJ,0.0125
2026-06-06,LINK,0.0419
2026-06-06,LIT,0.0042
2026-06-06,LTC,0.0863
2026-06-06,NEAR,-0.001
2026-06-06,ONDO,-0.0192
2026-06-06,PENGU,-0.0401
2026-06-06,PUMP,0.004
2026-06-06,SOL,0.004
2026-06-06,SUI,-0.049
2026-06-06,TAO,0.0226
2026-06-06,VVV,0.0152
2026-06-06,WLD,0.038
2026-06-06,XMR,0.0035
2026-06-06,XPL,0.0299
2026-06-06,XRP,-0.0131
2026-06-06,ZEC,-0.021
2026-06-06,kPEPE,0.0098
2026-06-07,AAVE,-0.0001
2026-06-07,ADA,0.0219
2026-06-07,AVAX,-0.0251
2026-06-07,BCH,0.0554
2026-06-07,BNB,0.0778
2026-06-07,BTC,0.1211
2026-06-07,CRV,0.0544
2026-06-07,DOGE,0.0612
2026-06-07,ENA,-0.0537
2026-06-07,ETH,-0.013
2026-06-07,FARTCOIN,-0.0494
2026-06-07,HYPE,-0.0403
2026-06-07,INJ,-0.014
2026-06-07,LINK,0.0166
2026-06-07,LIT,-0.0415
2026-06-07,LTC,0.0703
2026-06-07,NEAR,-0.0653
2026-06-07,ONDO,0.0019
2026-06-07,PENGU,-0.0137
2026-06-07,PUMP,-0.0101
2026-06-07,SOL,0.0028
2026-06-07,SUI,0.0243
2026-06-07,TAO,-0.036
2026-06-07,VVV,-0.0525
2026-06-07,WLD,0.0078
2026-06-07,XMR,0.0179
2026-06-07,XPL,-0.0378
2026-06-07,XRP,0.0852
2026-06-07,ZEC,-0.0225
2026-06-07,kPEPE,-0.0007
2026-06-08,AAVE,0.0041
2026-06-08,ADA,0.0257
2026-06-08,AVAX,0.0088
2026-06-08,BCH,-0.0033
2026-06-08,BNB,-0.0041
2026-06-08,BTC,0.0008
2026-06-08,CRV,-0.0034
2026-06-08,DOGE,-0.014
2026-06-08,ENA,0.0121
2026-06-08,ETH,0.0228
2026-06-08,FARTCOIN,-0.0259
2026-06-08,HYPE,-0.0082
2026-06-08,INJ,-0.0021
2026-06-08,LINK,-0.0224
2026-06-08,LIT,0.0028
2026-06-08,NEAR,-0.0002
2026-06-08,ONDO,-0.0088
2026-06-08,PENGU,0.0209
2026-06-08,PUMP,-0.064
2026-06-08,SOL,-0.0037
2026-06-08,SUI,-0.0112
2026-06-08,TAO,0.0091
2026-06-08,VVV,0.0004
2026-06-08,WLD,-0.0045
2026-06-08,XMR,-0.0472
2026-06-08,XPL,-0.0252
2026-06-08,XRP,0.0105
2026-06-08,ZEC,-0.0376
2026-06-08,kPEPE,-0.004
2026-06-09,AAVE,-0.0047
2026-06-09,ADA,-0.0018
2026-06-09,AVAX,0.0214
2026-06-09,BCH,0.0061
2026-06-09,BNB,0.0122
2026-06-09,BTC,0.0199
2026-06-09,CRV,-0.0104
2026-06-09,DOGE,0.0155
2026-06-09,ENA,0.005
2026-06-09,ETH,-0.0228
2026-06-09,FARTCOIN,-0.0139
2026-06-09,HYPE,-0.0008
2026-06-09,INJ,0.0043
2026-06-09,LINK,0.0139
2026-06-09,LIT,-0.0037
2026-06-09,LTC,-0.0772
2026-06-09,NEAR,-0.0011
2026-06-09,ONDO,0.0025
2026-06-09,PUMP,0.006
2026-06-09,SOL,0.0057
2026-06-09,SUI,-0.0117
2026-06-09,TAO,0.006
2026-06-09,VVV,0.0133
2026-06-09,WLD,-0.0361
2026-06-09,XMR,-0.0163
2026-06-09,XPL,0.004
2026-06-09,XRP,0.007
2026-06-09,ZEC,0.0061
2026-06-09,kPEPE,-0.0034
2026-06-10,AAVE,-0.0556
2026-06-10,ADA,-0.0395
2026-06-10,AVAX,-0.001
2026-06-10,BCH,-0.0158
2026-06-10,BNB,-0.0603
2026-06-10,BTC,-0.0719
2026-06-10,CRV,-0.0262
2026-06-10,DOGE,-0.043
2026-06-10,ENA,0.0472
2026-06-10,ETH,-0.0688
2026-06-10,FARTCOIN,0.0514
2026-06-10,HYPE,-0.0028
2026-06-10,INJ,0.0328
2026-06-10,LINK,-0.0079
2026-06-10,LIT,0.0376
2026-06-10,LTC,-0.0763
2026-06-10,NEAR,0.0078
2026-06-10,ONDO,0.0078
2026-06-10,PENGU,0.0134
2026-06-10,PUMP,0.0441
2026-06-10,SOL,-0.0228
2026-06-10,SUI,0.0229
2026-06-10,TAO,-0.0019
2026-06-10,VVV,0.0658
2026-06-10,WLD,-0.0034
2026-06-10,XMR,-0.0121
2026-06-10,XPL,0.0291
2026-06-10,XRP,-0.0459
2026-06-10,ZEC,-0.0043
2026-06-10,kPEPE,0.0013
2026-06-11,AAVE,0.0106
2026-06-11,ADA,0.0317
2026-06-11,AVAX,-0.0041
2026-06-11,BCH,0.0066
2026-06-11,BNB,0.0439
2026-06-11,BTC,0.0501
2026-06-11,CRV,0.0031
2026-06-11,DOGE,0.0422
2026-06-11,ENA,-0.0534
2026-06-11,ETH,0.0735
2026-06-11,FARTCOIN,-0.0328
2026-06-11,HYPE,0.0047
2026-06-11,INJ,-0.0327
2026-06-11,LINK,0.0207
2026-06-11,LIT,-0.0004
2026-06-11,LTC,0.1425
2026-06-11,NEAR,0.0016
2026-06-11,ONDO,-0.0015
2026-06-11,PENGU,-0.0045
2026-06-11,PUMP,-0.0313
2026-06-11,SOL,0.0199
2026-06-11,SUI,0.0106
2026-06-11,TAO,0.0109
2026-06-11,VVV,-0.0446
2026-06-11,WLD,0.002
2026-06-11,XMR,0.0168
2026-06-11,XPL,-0.0522
2026-06-11,XRP,0.0436
2026-06-11,ZEC,0.0108
2026-06-11,kPEPE,0.0036
2026-06-12,AAVE,0.0164
2026-06-12,ADA,-0.0141
2026-06-12,AVAX,0.0088
2026-06-12,BCH,0.0151
2026-06-12,BNB,0.0263
2026-06-12,BTC,0.0068
2026-06-12,CRV,-0.0046
2026-06-12,DOGE,0.0096
2026-06-12,ENA,0.0244
2026-06-12,ETH,0.0228
2026-06-12,FARTCOIN,-0.0194
2026-06-12,HYPE,-0.0042
2026-06-12,INJ,0.0117
2026-06-12,LINK,-0.0087
2026-06-12,LIT,0.0114
2026-06-12,LTC,-0.0724
2026-06-12,NEAR,0.0032
2026-06-12,ONDO,-0.0022
2026-06-12,PENGU,0.0063
2026-06-12,PUMP,-0.0026
2026-06-12,SOL,-0.0168
2026-06-12,SUI,-0.0225
2026-06-12,TAO,-0.0151
2026-06-12,VVV,0.0196
2026-06-12,WLD,0.0044
2026-06-12,XMR,-0.0059
2026-06-12,XPL,-0.0048
2026-06-12,XRP,0.0005
2026-06-12,ZEC,-0.003
2026-06-12,ZRO,-0.0326
2026-06-12,kPEPE,-0.0087
2026-06-13,AAVE,0.0116
2026-06-13,ADA,0.0179
2026-06-13,AVAX,-0.0018
2026-06-13,BCH,-0.0092
2026-06-13,BNB,-0.004
2026-06-13,BTC,0.0353
2026-06-13,CRV,0.0149
2026-06-13,DOGE,0.0008
2026-06-13,ENA,-0.0244
2026-06-13,ETH,-0.0041
2026-06-13,FARTCOIN,0.0121
2026-06-13,HYPE,0.0175
2026-06-13,INJ,-0.0118
2026-06-13,LINK,0.0034
2026-06-13,LIT,-0.0492
2026-06-13,LTC,0.0067
2026-06-13,NEAR,-0.01
2026-06-13,ONDO,0.0087
2026-06-13,PENGU,-0.0092
2026-06-13,PUMP,0.0128
2026-06-13,SOL,-0.0027
2026-06-13,SUI,0.0262
2026-06-13,TAO,-0.0229
2026-06-13,VVV,-0.0585
2026-06-13,WLD,-0.0033
2026-06-13,XMR,0.0063
2026-06-13,XPL,0.0119
2026-06-13,XRP,0.0045
2026-06-13,ZEC,-0.0016
2026-06-13,ZRO,0.0272
2026-06-14,AAVE,-0.0002
2026-06-14,ADA,-0.0087
2026-06-14,AVAX,-0.001
2026-06-14,BCH,-0.0003
2026-06-14,BNB,0.0082
2026-06-14,BTC,0.0042
2026-06-14,CRV,0.005
2026-06-14,DOGE,-0.0254
2026-06-14,ENA,0.011
2026-06-14,ETH,0.0014
2026-06-14,FARTCOIN,-0.0234
2026-06-14,HYPE,-0.006
2026-06-14,INJ,-0.0019
2026-06-14,LINK,0.0117
2026-06-14,LIT,0.0002
2026-06-14,LTC,0.0816
2026-06-14,NEAR,0.002
2026-06-14,ONDO,-0.0043
2026-06-14,PENGU,0.009
2026-06-14,SOL,-0.0112
2026-06-14,SUI,-0.015
2026-06-14,TAO,0.0045
2026-06-14,VVV,0.0018
2026-06-14,WLD,0.0013
2026-06-14,XMR,0.0045
2026-06-14,XPL,0.0018
2026-06-14,XRP,0.0091
2026-06-14,ZEC,-0.001
2026-06-14,ZRO,0.0054
2026-06-14,kPEPE,-0.0006
2026-06-15,AAVE,-0.0456
2026-06-15,ADA,0.01
2026-06-15,AVAX,0.0069
2026-06-15,BCH,-0.0087
2026-06-15,BNB,0.0102
2026-06-15,BTC,0.0063
2026-06-15,CRV,-0.0002
2026-06-15,DOGE,0.0112
2026-06-15,ETH,-0.0121
2026-06-15,FARTCOIN,0.0069
2026-06-15,HYPE,-0.0002
2026-06-15,INJ,-0.0039
2026-06-15,LINK,0.0099
2026-06-15,LIT,0.0042
2026-06-15,LTC,-0.0244
2026-06-15,NEAR,-0.0033
2026-06-15,ONDO,0.0066
2026-06-15,PENGU,0.0001
2026-06-15,SOL,0.0035
2026-06-15,SUI,0.015
2026-06-15,TAO,0.0042
2026-06-15,VVV,0.0049
2026-06-15,WLD,-0.0022
2026-06-15,XMR,0.0123
2026-06-15,XPL,-0.0035
2026-06-15,XRP,-0.0047
2026-06-15,ZEC,-0.0069
2026-06-15,kPEPE,0.0048
2026-06-16,AAVE,-0.003
2026-06-16,ADA,-0.0041
2026-06-16,AVAX,-0.0272
2026-06-16,BCH,0.0054
2026-06-16,BNB,-0.0017
2026-06-16,BTC,0.0015
2026-06-16,CRV,0.0107
2026-06-16,DOGE,-0.0064
2026-06-16,ENA,-0.0088
2026-06-16,ETH,0.0169
2026-06-16,FARTCOIN,-0.0084
2026-06-16,HYPE,-0.008
2026-06-16,INJ,0.002
2026-06-16,LINK,-0.0167
2026-06-16,LIT,-0.0028
2026-06-16,LTC,-0.0144
2026-06-16,NEAR,0.0019
2026-06-16,ONDO,-0.0022
2026-06-16,PENGU,-0.0001
2026-06-16,PUMP,-0.0076
2026-06-16,SOL,0.0244
2026-06-16,SUI,-0.0002
2026-06-16,TAO,0.0045
2026-06-16,VVV,-0.0015
2026-06-16,WLD,0.0099
2026-06-16,XPL,-0.0016
2026-06-16,XRP,-0.0091
2026-06-16,ZEC,0.003
2026-06-16,kPEPE,0.004
2026-06-17,AAVE,0.0212
2026-06-17,ADA,0.0105
2026-06-17,AVAX,0.0176
2026-06-17,BCH,0.0146
2026-06-17,BNB,-0.0251
2026-06-17,BTC,-0.011
2026-06-17,CRV,0.0028
2026-06-17,DOGE,0.0107
2026-06-17,ENA,-0.0107
2026-06-17,ETH,-0.008
2026-06-17,FARTCOIN,0.0107
2026-06-17,HYPE,0.01
2026-06-17,INJ,0.0074
2026-06-17,LINK,0.0032
2026-06-17,LIT,0.0021
2026-06-17,LTC,-0.0431
2026-06-17,NEAR,0.0077
2026-06-17,ONDO,0.0024
2026-06-17,PENGU,-0.0121
2026-06-17,PUMP,0.0103
2026-06-17,SOL,0.001
2026-06-17,SUI,0.0007
2026-06-17,TAO,0.0066
2026-06-17,UNI,-0.0214
2026-06-17,VVV,-0.004
2026-06-17,WLD,-0.0046
2026-06-17,XMR,-0.0065
2026-06-17,XPL,-0.0067
2026-06-17,XRP,0.004
2026-06-17,ZEC,0.011
2026-06-17,ZRO,-0.0305
2026-06-17,kPEPE,-0.0209
2026-06-18,AAVE,-0.0287
2026-06-18,ADA,-0.0123
2026-06-18,AVAX,-0.0338
2026-06-18,BCH,-0.0145
2026-06-18,BNB,0.0088
2026-06-18,BTC,-0.0064
2026-06-18,CRV,-0.0082
2026-06-18,DOGE,0.0034
2026-06-18,ENA,0.0046
2026-06-18,ETH,-0.006
2026-06-18,FARTCOIN,0.0144
2026-06-18,HYPE,-0.0019
2026-06-18,INJ,-0.0083
2026-06-18,LINK,-0.006
2026-06-18,LIT,0.0088
2026-06-18,LTC,-0.0068
2026-06-18,NEAR,-0.0096
2026-06-18,ONDO,0.0144
2026-06-18,PUMP,0.005
2026-06-18,SOL,-0.0106
2026-06-18,SUI,0.003
2026-06-18,UNI,-0.0178
2026-06-18,VVV,0.0036
2026-06-18,WLD,0.0013
2026-06-18,XMR,0.0065
2026-06-18,XPL,0.0387
2026-06-18,XRP,-0.0083
2026-06-18,ZEC,0.0072
2026-06-18,ZRO,0.0052
2026-06-18,kPEPE,0.017
2026-06-19,AAVE,0.0324
2026-06-19,ADA,0.0175
2026-06-19,AVAX,-0.0347
2026-06-19,BCH,-0.0027
2026-06-19,BNB,-0.0248
2026-06-19,BTC,-0.0039
2026-06-19,CRV,0.0138
2026-06-19,DOGE,0.0075
2026-06-19,ENA,-0.0066
2026-06-19,ETH,-0.0119
2026-06-19,FARTCOIN,0.0021
2026-06-19,HYPE,-0.0143
2026-06-19,INJ,0.0062
2026-06-19,LINK,0.0066
2026-06-19,LIT,-0.0037
2026-06-19,NEAR,0.0095
2026-06-19,ONDO,-0.0014
2026-06-19,PUMP,-0.0075
2026-06-19,SOL,-0.0108
2026-06-19,SUI,0.0244
2026-06-19,TAO,-0.0023
2026-06-19,UNI,0.0235
2026-06-19,VVV,-0.0038
2026-06-19,WLD,0.0109
2026-06-19,XMR,-0.013
2026-06-19,XPL,-0.0007
2026-06-19,XRP,0.0023
2026-06-19,ZEC,-0.0215
2026-06-19,ZRO,0.0039
2026-06-19,kPEPE,0.0152
2026-06-20,AAVE,-0.0183
2026-06-20,ADA,0.002
2026-06-20,AVAX,0.0051
2026-06-20,BCH,0.0116
2026-06-20,BNB,0.0378
2026-06-20,BTC,0.0156
2026-06-20,CRV,0.0083
2026-06-20,DOGE,-0.0064
2026-06-20,ENA,0.0043
2026-06-20,ETH,-0.011
2026-06-20,FARTCOIN,0.0097
2026-06-20,HYPE,0.0202
2026-06-20,INJ,0.0064
2026-06-20,LINK,0.0078
2026-06-20,LIT,-0.0071
2026-06-20,LTC,0.0033
2026-06-20,NEAR,-0.0074
2026-06-20,PUMP,-0.0026
2026-06-20,SOL,-0.0243
2026-06-20,SUI,-0.0103
2026-06-20,TAO,-0.0023
2026-06-20,UNI,0.0063
2026-06-20,VVV,-0.0043
2026-06-20,WLD,-0.01
2026-06-20,XMR,-0.0086
2026-06-20,XPL,0.0017
2026-06-20,XRP,-0.0025
2026-06-20,ZEC,0.0077
2026-06-20,ZRO,0.0051
2026-06-20,kPEPE,-0.0038
2026-06-21,AAVE,0.036
2026-06-21,ADA,0.0024
2026-06-21,AVAX,0.0304
2026-06-21,BCH,-0.0116
2026-06-21,BNB,-0.0316
2026-06-21,BTC,-0.0014
2026-06-21,CRV,-0.0005
2026-06-21,DOGE,-0.0009
2026-06-21,ENA,0.0194
2026-06-21,ETH,0.0385
2026-06-21,FARTCOIN,-0.0173
2026-06-21,HYPE,-0.0044
2026-06-21,INJ,-0.0085
2026-06-21,LINK,-0.0179
2026-06-21,LIT,-0.0028
2026-06-21,LTC,0.0068
2026-06-21,NEAR,0.0072
2026-06-21,ONDO,-0.0078
2026-06-21,PUMP,-0.0209
2026-06-21,SOL,-0.0018
2026-06-21,SUI,0.0043
2026-06-21,TAO,0.0023
2026-06-21,UNI,-0.0217
2026-06-21,VVV,0.0007
2026-06-21,WLD,-0.003
2026-06-21,XMR,0.0091
2026-06-21,XPL,-0.0341
2026-06-21,XRP,-0.0015
2026-06-21,ZEC,0.0093
2026-06-21,ZRO,-0.0135
2026-06-21,kPEPE,0.0051
2026-06-22,AAVE,0.0071
2026-06-22,ADA,-0.0133
2026-06-22,AVAX,-0.0414
2026-06-22,BCH,0.0056
2026-06-22,BNB,0.0155
2026-06-22,BTC,0.0046
2026-06-22,CRV,-0.0026
2026-06-22,DOGE,0.0004
2026-06-22,ENA,-0.0064
2026-06-22,ETH,0.0077
2026-06-22,FARTCOIN,-0.0024
2026-06-22,HYPE,-0.0024
2026-06-22,INJ,0.0085
2026-06-22,LINK,0.0152
2026-06-22,LIT,0.0017
2026-06-22,LTC,-0.0066
2026-06-22,NEAR,-0.0046
2026-06-22,ONDO,-0.0021
2026-06-22,PUMP,0.005
2026-06-22,SOL,0.0248
2026-06-22,SUI,-0.0247
2026-06-22,TAO,0.0046
2026-06-22,UNI,0.028
2026-06-22,VVV,0.0015
2026-06-22,WLD,-0.0055
2026-06-22,XMR,0.0126
2026-06-22,XPL,-0.0015
2026-06-22,XRP,-0.004
2026-06-22,ZEC,-0.0125
2026-06-22,ZRO,0.0094
2026-06-22,kPEPE,0.0003
2026-06-23,AAVE,-0.0101
2026-06-23,ADA,-0.0187
2026-06-23,AVAX,-0.0156
2026-06-23,BCH,-0.0232
2026-06-23,BNB,0.0057
2026-06-23,BTC,-0.0097
2026-06-23,CRV,0.0209
2026-06-23,DOGE,-0.0213
2026-06-23,ENA,0.0041
2026-06-23,ETH,-0.0121
2026-06-23,FARTCOIN,-0.0137
2026-06-23,HYPE,-0.0052
2026-06-23,INJ,0.0112
2026-06-23,LINK,-0.0037
2026-06-23,LIT,0.003
2026-06-23,LTC,-0.0038
2026-06-23,NEAR,0.0091
2026-06-23,ONDO,0.0032
2026-06-23,PUMP,-0.0146
2026-06-23,SOL,-0.0121
2026-06-23,SUI,-0.0327
2026-06-23,TAO,0.0025
2026-06-23,UNI,-0.0034
2026-06-23,VVV,-0.0007
2026-06-23,WLD,0.0695
2026-06-23,XMR,-0.0135
2026-06-23,XPL,-0.004
2026-06-23,XRP,-0.0317
2026-06-23,ZEC,0.0172
2026-06-23,ZRO,0.0038
2026-06-23,kPEPE,-0.013
2026-06-24,AAVE,-0.0584
2026-06-24,ADA,0.0072
2026-06-24,AVAX,0.0044
2026-06-24,BCH,0.0301
2026-06-24,BNB,0.0149
2026-06-24,BTC,-0.0225
2026-06-24,CRV,-0.0256
2026-06-24,DOGE,-0.0133
2026-06-24,ENA,0.009
2026-06-24,ETH,-0.0172
2026-06-24,FARTCOIN,0.0153
2026-06-24,HYPE,-0.0053
2026-06-24,INJ,0.0102
2026-06-24,LINK,0.001
2026-06-24,LIT,-0.0055
2026-06-24,NEAR,-0.0094
2026-06-24,ONDO,-0.0058
2026-06-24,PUMP,0.017
2026-06-24,SOL,0.031
2026-06-24,SUI,0.0168
2026-06-24,TAO,-0.0122
2026-06-24,UNI,0.0032
2026-06-24,VVV,0.0118
2026-06-24,WLD,0.0006
2026-06-24,XMR,-0.0073
2026-06-24,XPL,-0.0006
2026-06-24,XRP,0.0242
2026-06-24,ZEC,-0.0167
2026-06-24,ZRO,0.0118
2026-06-24,kPEPE,-0.0102
2026-06-25,AAVE,0.0054
2026-06-25,ADA,-0.0038
2026-06-25,AVAX,-0.0002
2026-06-25,BCH,-0.0414
2026-06-25,BNB,-0.0028
2026-06-25,BTC,0.0222
2026-06-25,CRV,0.0107
2026-06-25,DOGE,0.0138
2026-06-25,ENA,0.0019
2026-06-25,ETH,0.0111
2026-06-25,FARTCOIN,0.0208
2026-06-25,HYPE,0.0055
2026-06-25,INJ,-0.0373
2026-06-25,LINK,-0.01
2026-06-25,LIT,0.0147
2026-06-25,NEAR,0.0048
2026-06-25,ONDO,0.0116
2026-06-25,PUMP,0.0057
2026-06-25,SOL,-0.0024
2026-06-25,TAO,0.0216
2026-06-25,UNI,0.0001
2026-06-25,VVV,-0.0117
2026-06-25,WLD,-0.0096
2026-06-25,XMR,0.0076
2026-06-25,XPL,0.0017
2026-06-25,XRP,-0.0034
2026-06-25,ZEC,-0.0031
2026-06-25,ZRO,0.0095
2026-06-25,kPEPE,-0.0417
2026-06-26,AAVE,0.0027
2026-06-26,ADA,0.0085
2026-06-26,AVAX,0.0393
2026-06-26,BCH,0.0463
2026-06-26,BNB,-0.0063
2026-06-26,BTC,0.004
2026-06-26,CRV,-0.0111
2026-06-26,DOGE,0.0233
2026-06-26,ENA,-0.013
2026-06-26,ETH,-0.0017
2026-06-26,FARTCOIN,-0.0223
2026-06-26,HYPE,0.0118
2026-06-26,INJ,-0.0053
2026-06-26,LINK,0.0123
2026-06-26,LIT,-0.009
2026-06-26,LTC,0.003
2026-06-26,ONDO,0.0033
2026-06-26,PUMP,-0.0207
2026-06-26,SOL,-0.044
2026-06-26,SUI,0.0376
2026-06-26,TAO,-0.0094
2026-06-26,UNI,0.0197
2026-06-26,VVV,0.0087
2026-06-26,WLD,-0.0587
2026-06-26,XMR,0.0021
2026-06-26,XPL,-0.0002
2026-06-26,XRP,0.0081
2026-06-26,ZEC,0.0115
2026-06-26,ZRO,-0.0116
2026-06-26,kPEPE,0.0475
2026-06-27,AAVE,0.0034
2026-06-27,ADA,-0.0137
2026-06-27,AVAX,0.0208
2026-06-27,BCH,-0.0007
2026-06-27,BNB,0.0127
2026-06-27,BTC,-0.0318
2026-06-27,CRV,-0.0112
2026-06-27,DOGE,-0.0009
2026-06-27,ENA,-0.0003
2026-06-27,ETH,-0.0277
2026-06-27,FARTCOIN,-0.0088
2026-06-27,HYPE,-0.0053
2026-06-27,INJ,0.0033
2026-06-27,JUP,-0.0172
2026-06-27,LINK,-0.0067
2026-06-27,LIT,0.0203
2026-06-27,LTC,0.0061
2026-06-27,NEAR,-0.0207
2026-06-27,ONDO,0.0045
2026-06-27,PUMP,-0.0069
2026-06-27,SOL,0.0295
2026-06-27,SUI,0.0116
2026-06-27,TAO,-0.0022
2026-06-27,UNI,0.0256
2026-06-27,VVV,-0.0047
2026-06-27,WLD,0.032
2026-06-27,XMR,-0.0016
2026-06-27,XPL,0.0014
2026-06-27,XRP,-0.0499
2026-06-27,ZEC,-0.0022
2026-06-27,ZRO,0.007
2026-06-27,kPEPE,-0.0529
2026-06-28,AAVE,0.0026
2026-06-28,ADA,0.0135
2026-06-28,AVAX,-0.0174
2026-06-28,BCH,-0.0075
2026-06-28,BNB,-0.0075
2026-06-28,BTC,0.0264
2026-06-28,CRV,0.0165
2026-06-28,DOGE,-0.0258
2026-06-28,ENA,-0.0083
2026-06-28,ETH,0.0331
2026-06-28,FARTCOIN,-0.0076
2026-06-28,HYPE,-0.009
2026-06-28,INJ,-0.001
2026-06-28,JUP,0.0145
2026-06-28,LINK,0.0153
2026-06-28,LIT,-0.0217
2026-06-28,NEAR,0.023
2026-06-28,ONDO,0.0014
2026-06-28,PUMP,0.0008
2026-06-28,SOL,-0.0412
2026-06-28,SUI,-0.0285
2026-06-28,TAO,-0.0025
2026-06-28,UNI,-0.0194
2026-06-28,VVV,-0.002
2026-06-28,WLD,-0.0163
2026-06-28,XMR,0.0097
2026-06-28,XPL,0.006
2026-06-28,XRP,0.0342
2026-06-28,ZEC,0.0007
2026-06-28,kPEPE,0.0652
2026-06-29,AAVE,0.0135
2026-06-29,AVAX,0.0256
2026-06-29,BCH,-0.0178
2026-06-29,BNB,0.0276
2026-06-29,BTC,0.0026
2026-06-29,CRV,0.0027
2026-06-29,DOGE,0.0202
2026-06-29,ENA,0.0108
2026-06-29,ETH,-0.0277
2026-06-29,FARTCOIN,0.0123
2026-06-29,HYPE,0.0004
2026-06-29,INJ,0.0119
2026-06-29,JUP,0.0079
2026-06-29,LINK,0.0006
2026-06-29,NEAR,-0.0021
2026-06-29,ONDO,-0.0056
2026-06-29,PUMP,0.0048
2026-06-29,SOL,0.0093
2026-06-29,SUI,0.0196
2026-06-29,TAO,0.0023
2026-06-29,UNI,-0.0065
2026-06-29,VVV,0.0016
2026-06-29,WLD,-0.0128
2026-06-29,XMR,-0.0025
2026-06-29,XPL,-0.0057
2026-06-29,XRP,0.0076
2026-06-29,ZEC,-0.0141
2026-06-29,kPEPE,-0.0086
2026-06-30,AAVE,0.0188
2026-06-30,ADA,-0.0201
2026-06-30,AVAX,0.0027
2026-06-30,BCH,-0.0213
2026-06-30,BNB,0.0053
2026-06-30,BTC,-0.0178
2026-06-30,CRV,-0.0051
2026-06-30,DOGE,-0.029
2026-06-30,ENA,-0.013
2026-06-30,ETH,0.0418
2026-06-30,FARTCOIN,-0.0153
2026-06-30,HYPE,-0.0033
2026-06-30,INJ,0.0022
2026-06-30,JUP,0.0276
2026-06-30,LINK,-0.016
2026-06-30,LIT,0.0067
2026-06-30,LTC,-0.0093
2026-06-30,NEAR,-0.0004
2026-06-30,ONDO,0.0165
2026-06-30,PUMP,0.0039
2026-06-30,SOL,-0.006
2026-06-30,SUI,-0.0403
2026-06-30,TAO,0.0049
2026-06-30,UNI,0.0037
2026-06-30,VVV,-0.0047
2026-06-30,WLD,0.0154
2026-06-30,XMR,-0.0003
2026-06-30,XPL,0.0408
2026-06-30,XRP,-0.0194
2026-06-30,ZEC,0.0021
2026-06-30,kPEPE,-0.0294
2026-07-01,AAVE,-0.0106
2026-07-01,ADA,0.0184
2026-07-01,AVAX,0.0007
2026-07-01,BCH,0.0271
2026-07-01,BNB,-0.0051
2026-07-01,BTC,0.016
2026-07-01,CRV,-0.0293
2026-07-01,DOGE,0.0298
2026-07-01,ENA,0.0068
2026-07-01,ETH,-0.0087
2026-07-01,FARTCOIN,0.0126
2026-07-01,HYPE,0.0007
2026-07-01,INJ,0.0048
2026-07-01,JUP,-0.0278
2026-07-01,LINK,0.0031
2026-07-01,LIT,-0.0099
2026-07-01,LTC,0.003
2026-07-01,NEAR,-0.0006
2026-07-01,ONDO,-0.0257
2026-07-01,PUMP,0.0006
2026-07-01,SOL,0.006
2026-07-01,SUI,0.0317
2026-07-01,TAO,0.0021
2026-07-01,UNI,-0.0006
2026-07-01,VVV,0.0047
2026-07-01,WLD,0.0014
2026-07-01,XMR,0.005
2026-07-01,XPL,-0.0038
2026-07-01,XRP,0.0168
2026-07-01,ZEC,-0.001
2026-07-01,ZRO,-0.0161
2026-07-01,kPEPE,0.0212
2026-07-02,AAVE,0.0104
2026-07-02,ADA,-0.006
2026-07-02,AVAX,-0.0027
2026-07-02,BCH,0.0194
2026-07-02,BNB,0.0102
2026-07-02,BTC,0.0075
2026-07-02,CRV,0.0102
2026-07-02,DOGE,0.0075
2026-07-02,ENA,0.0004
2026-07-02,ETH,-0.0031
2026-07-02,FARTCOIN,-0.004
2026-07-02,HYPE,0.0056
2026-07-02,JUP,-0.0051
2026-07-02,LINK,-0.0196
2026-07-02,LIT,-0.0048
2026-07-02,LTC,0.0012
2026-07-02,NEAR,-0.0033
2026-07-02,ONDO,0.0093
2026-07-02,PUMP,0.0032
2026-07-02,SOL,0.0277
2026-07-02,SUI,0.0047
2026-07-02,TAO,-0.0024
2026-07-02,UNI,-0.0138
2026-07-02,VVV,0.0059
2026-07-02,WLD,-0.0217
2026-07-02,XMR,-0.0022
2026-07-02,XPL,0.0062
2026-07-02,XRP,0.0178
2026-07-02,ZEC,0.0131
2026-07-02,ZRO,-0.007
2026-07-02,kPEPE,0.0127
2026-07-03,AAVE,0.0049
2026-07-03,ADA,-0.0086
2026-07-03,AVAX,0.0088
2026-07-03,BCH,-0.0026
2026-07-03,BNB,0.0118
2026-07-03,BTC,-0.0004
2026-07-03,CRV,0.0026
2026-07-03,DOGE,-0.0208
2026-07-03,ENA,0.0035
2026-07-03,ETH,-0.0059
2026-07-03,FARTCOIN,0.0049
2026-07-03,HYPE,0.0025
2026-07-03,JUP,-0.0071
2026-07-03,LINK,0.0031
2026-07-03,LTC,0.085
2026-07-03,NEAR,0.0003
2026-07-03,ONDO,-0.006
2026-07-03,PUMP,0.0026
2026-07-03,SOL,0.0109
2026-07-03,SUI,-0.0098
2026-07-03,TAO,-0.0025
2026-07-03,UNI,-0.0054
2026-07-03,VVV,-0.007
2026-07-03,WLD,-0.0046
2026-07-03,XMR,0.0095
2026-07-03,XPL,-0.0382
2026-07-03,XRP,-0.0055
2026-07-03,ZEC,-0.0058
2026-07-03,ZRO,0.0231
2026-07-03,kPEPE,-0.0619
2026-07-04,AAVE,-0.0026
2026-07-04,ADA,0.0038
2026-07-04,AVAX,0.0027
2026-07-04,BCH,-0.0169
2026-07-04,BNB,-0.0011
2026-07-04,BTC,0.0029
2026-07-04,CRV,-0.0094
2026-07-04,DOGE,0.012
2026-07-04,ENA,0.002
2026-07-04,ETH,-0.0011
2026-07-04,FARTCOIN,-0.0021
2026-07-04,HYPE,0.0039
2026-07-04,JUP,0.0167
2026-07-04,LINK,0.0002
2026-07-04,LIT,0.0014
2026-07-04,LTC,-0.0055
2026-07-04,NEAR,0.0093
2026-07-04,ONDO,0.014
2026-07-04,PUMP,-0.0036
2026-07-04,SOL,-0.0057
2026-07-04,SUI,-0.003
2026-07-04,TAO,-0.0023
2026-07-04,UNI,0.0078
2026-07-04,VVV,0.004
2026-07-04,WLD,-0.0007
2026-07-04,XMR,-0.019
2026-07-04,XPL,-0.0023
2026-07-04,XRP,-0.0152
2026-07-04,ZEC,0.0031
2026-07-04,kPEPE,-0.0061
2026-07-05,AAVE,0.0001
2026-07-05,ADA,-0.003
2026-07-05,AVAX,0.0043
2026-07-05,BCH,0.0088
2026-07-05,BNB,-0.0013
2026-07-05,BTC,0.0023
2026-07-05,CRV,0.0053
2026-07-05,DOGE,-0.0159
2026-07-05,ENA,-0.0128
2026-07-05,ETH,0.0011
2026-07-05,FARTCOIN,0.0012
2026-07-05,HYPE,-0.01
2026-07-05,JUP,0.0004
2026-07-05,LINK,0.023
2026-07-05,LTC,-0.0012
2026-07-05,NEAR,-0.0094
2026-07-05,ONDO,-0.0107
2026-07-05,PUMP,-0.0014
2026-07-05,SOL,-0.0038
2026-07-05,SUI,0.0045
2026-07-05,TAO,-0.0043
2026-07-05,UNI,-0.0127
2026-07-05,VVV,0.0014
2026-07-05,WLD,0.0049
2026-07-05,XMR,0.0191
2026-07-05,XPL,0.0003
2026-07-05,XRP,0.0065
2026-07-05,ZEC,0.0106
2026-07-05,kPEPE,0.013
2026-07-06,AAVE,-0.0201
2026-07-06,ADA,0.0091
2026-07-06,AVAX,0.0014
2026-07-06,BCH,-0.0028
2026-07-06,BNB,-0.0041
2026-07-06,BTC,-0.0326
2026-07-06,CRV,0.0021
2026-07-06,DOGE,-0.0052
2026-07-06,ENA,-0.0091
2026-07-06,ETH,-0.0194
2026-07-06,FARTCOIN,-0.0045
2026-07-06,HYPE,0.0082
2026-07-06,JUP,0.0051
2026-07-06,LINK,-0.0031
2026-07-06,LIT,-0.0006
2026-07-06,LTC,0.0091
2026-07-06,NEAR,-0.0103
2026-07-06,ONDO,0.0206
2026-07-06,PUMP,0.0058
2026-07-06,SOL,-0.009
2026-07-06,SUI,0.0043
2026-07-06,TAO,0.0083
2026-07-06,UNI,-0.0122
2026-07-06,VVV,0.0096
2026-07-06,WLD,0.0023
2026-07-06,XMR,-0.0026
2026-07-06,XPL,-0.0001
2026-07-06,XRP,0.0013
2026-07-06,ZEC,0.0018
2026-07-06,kPEPE,-0.0031
2026-07-07,AAVE,0.0081
2026-07-07,ADA,0.017
2026-07-07,AERO,-0.0177
2026-07-07,AVAX,-0.0201
2026-07-07,BCH,-0.0234
2026-07-07,BNB,0.0123
2026-07-07,BTC,0.013
2026-07-07,CRV,0.0085
2026-07-07,DOGE,0.0355
2026-07-07,ENA,0.0077
2026-07-07,ETH,0.0312
2026-07-07,FARTCOIN,0.0011
2026-07-07,HYPE,0.0108
2026-07-07,JUP,-0.0032
2026-07-07,LINK,-0.0033
2026-07-07,LIT,0.0018
2026-07-07,LTC,-0.0856
2026-07-07,NEAR,0.0247
2026-07-07,ONDO,-0.0158
2026-07-07,PUMP,0.012
2026-07-07,SOL,0.0229
2026-07-07,SUI,-0.0162
2026-07-07,TAO,-0.0249
2026-07-07,UNI,0.0241
2026-07-07,VVV,0.0035
2026-07-07,WLD,0.0061
2026-07-07,XMR,-0.0177
2026-07-07,XPL,0.0036
2026-07-07,XRP,0.0025
2026-07-07,ZEC,-0.0285
2026-07-07,kPEPE,0.0035
2026-07-08,AAVE,0.0045
2026-07-08,ADA,-0.0017
2026-07-08,AERO,0.0048
2026-07-08,AVAX,0.0097
2026-07-08,BCH,0.0456
2026-07-08,BNB,0.0013
2026-07-08,BTC,-0.0547
2026-07-08,CRV,0.0113
2026-07-08,DOGE,-0.0108
2026-07-08,ENA,-0.0106
2026-07-08,ETH,-0.0425
2026-07-08,FARTCOIN,0.001
2026-07-08,HYPE,-0.0021
2026-07-08,JUP,-0.0258
2026-07-08,LINK,-0.022
2026-07-08,LIT,0.0146
2026-07-08,LTC,-0.004
2026-07-08,NEAR,-0.0055
2026-07-08,ONDO,0.0168
2026-07-08,PUMP,-0.0024
2026-07-08,SOL,0.0107
2026-07-08,SUI,0.0226
2026-07-08,TAO,0.0209
2026-07-08,UNI,-0.002
2026-07-08,VVV,-0.0216
2026-07-08,WLD,-0.0136
2026-07-08,XMR,0.0069
2026-07-08,XPL,0.0005
2026-07-08,XRP,0.0007
2026-07-08,ZEC,0.0091
2026-07-08,kPEPE,-0.0169
2026-07-09,AAVE,0.0073
2026-07-09,ADA,-0.0139
2026-07-09,AERO,0.0129
2026-07-09,AVAX,-0.0166
2026-07-09,BCH,-0.011
2026-07-09,BNB,-0.0032
2026-07-09,BTC,0.0439
2026-07-09,CRV,-0.0239
2026-07-09,DOGE,0.0012
2026-07-09,ENA,0.0117
2026-07-09,ETH,0.0289
2026-07-09,FARTCOIN,0.0133
2026-07-09,JUP,0.0229
2026-07-09,LINK,0.0091
2026-07-09,LIT,-0.01
2026-07-09,NEAR,0.0133
2026-07-09,ONDO,0.0022
2026-07-09,PUMP,-0.006
2026-07-09,SOL,-0.0044
2026-07-09,SUI,-0.0058
2026-07-09,TAO,-0.0193
2026-07-09,UNI,-0.0123
2026-07-09,VVV,0.0023
2026-07-09,WLD,0.0055
2026-07-09,XMR,0.0082
2026-07-09,XPL,-0.0044
2026-07-09,XRP,0.0033
2026-07-09,ZEC,-0.0018
2026-07-09,ZRO,-0.0234
2026-07-09,kPEPE,0.0227
2026-07-10,AAVE,-0.0139
2026-07-10,ADA,0.0071
2026-07-10,ARB,-0.039
2026-07-10,AVAX,-0.0004
2026-07-10,BCH,0.0164
2026-07-10,BNB,-0.0011
2026-07-10,BTC,0.025
2026-07-10,CRV,0.0105
2026-07-10,DOGE,0.001
2026-07-10,ENA,0.0023
2026-07-10,ETH,-0.0042
2026-07-10,FARTCOIN,-0.0078
2026-07-10,HYPE,0.0118
2026-07-10,JUP,-0.0153
2026-07-10,LINK,0.0022
2026-07-10,LIT,-0.003
2026-07-10,LTC,0.0043
2026-07-10,NEAR,-0.0026
2026-07-10,ONDO,-0.0252
2026-07-10,PUMP,0.0121
2026-07-10,SOL,-0.0057
2026-07-10,SUI,0.0021
2026-07-10,TAO,0.015
2026-07-10,UNI,-0.0204
2026-07-10,VVV,0.0044
2026-07-10,WLD,0.0033
2026-07-10,XMR,-0.0025
2026-07-10,XPL,0.0042
2026-07-10,XRP,-0.0068
2026-07-10,ZEC,0.005
2026-07-10,ZRO,0.0234
2026-07-10,kPEPE,-0.0076
2026-07-11,AAVE,-0.0104
2026-07-11,ADA,0.0049
2026-07-11,ARB,0.0082
2026-07-11,AVAX,-0.0128
2026-07-11,BCH,-0.0006
2026-07-11,BNB,-0.0155
2026-07-11,BTC,0.0092
2026-07-11,CRV,0.0039
2026-07-11,DOGE,-0.0144
2026-07-11,ENA,0.0041
2026-07-11,ETH,0.0228
2026-07-11,FARTCOIN,0.0182
2026-07-11,HYPE,0.0053
2026-07-11,JUP,-0.0065
2026-07-11,LINK,0.0095
2026-07-11,LIT,0.0007
2026-07-11,LTC,0.0042
2026-07-11,NEAR,-0.0027
2026-07-11,ONDO,0.0113
2026-07-11,PUMP,-0.0058
2026-07-11,SOL,0.0081
2026-07-11,SUI,-0.0161
2026-07-11,UNI,0.0015
2026-07-11,VVV,0.0132
2026-07-11,WLD,-0.0088
2026-07-11,XMR,-0.0121
2026-07-11,XPL,0.0029
2026-07-11,XRP,0.0053
2026-07-11,ZEC,-0.0053
2026-07-11,kPEPE,-0.0045
2026-07-12,AAVE,0.013
2026-07-12,ADA,-0.0118
2026-07-12,ARB,0.0115
2026-07-12,AVAX,-0.0033
2026-07-12,BCH,0.0096
2026-07-12,BNB,0.0184
2026-07-12,BTC,-0.012
2026-07-12,CRV,0.0134
2026-07-12,DOGE,0.0006
2026-07-12,ENA,0.0069
2026-07-12,ETH,-0.009
2026-07-12,FARTCOIN,-0.0038
2026-07-12,HYPE,-0.0074
2026-07-12,JUP,0.0128
2026-07-12,LINK,0.0034
2026-07-12,LTC,-0.0042
2026-07-12,NEAR,-0.023
2026-07-12,ONDO,0.0048
2026-07-12,PUMP,-0.015
2026-07-12,SOL,-0.0073
2026-07-12,SUI,-0.0002
2026-07-12,TAO,-0.0077
2026-07-12,UNI,0.0068
2026-07-12,VVV,-0.0033
2026-07-12,XMR,0.0293
2026-07-12,XPL,0.0023
2026-07-12,XRP,-0.0134
2026-07-12,ZEC,-0.0039
2026-07-12,kPEPE,-0.0075
2026-07-13,AAVE,0.0086
2026-07-13,ADA,0.0081
2026-07-13,ARB,0.0138
2026-07-13,AVAX,-0.0062
2026-07-13,BCH,0.0011
2026-07-13,BNB,-0.0031
2026-07-13,BTC,-0.024
2026-07-13,CRV,-0.0354
2026-07-13,DOGE,-0.017
2026-07-13,ENA,-0.0002
2026-07-13,ETH,-0.0077
2026-07-13,FARTCOIN,0.0095
2026-07-13,HYPE,-0.0049
2026-07-13,JUP,-0.0175
2026-07-13,LINK,0.0017
2026-07-13,LIT,0.0739
2026-07-13,LTC,-0.0038
2026-07-13,NEAR,-0.0068
2026-07-13,ONDO,-0.0126
2026-07-13,PUMP,-0.0005
2026-07-13,SOL,-0.0051
2026-07-13,SUI,0.0044
2026-07-13,TAO,-0.0067
2026-07-13,UNI,-0.0003
2026-07-13,VVV,-0.0178
2026-07-13,WLD,0.0006
2026-07-13,XMR,-0.038
2026-07-13,XPL,-0.0102
2026-07-13,XRP,0.0152
2026-07-13,ZEC,0.0102
2026-07-13,kPEPE,0.0179
2026-07-14,AAVE,-0.0088
2026-07-14,ADA,0.0054
2026-07-14,AERO,-0.0181
2026-07-14,ARB,-0.0143
2026-07-14,AVAX,0.0344
2026-07-14,BCH,-0.0437
2026-07-14,BNB,-0.0032
2026-07-14,BTC,0.0144
2026-07-14,CRV,0.0225
2026-07-14,DOGE,0.0478
2026-07-14,ENA,-0.0095
2026-07-14,ETH,-0.0341
2026-07-14,FARTCOIN,-0.0289
2026-07-14,HYPE,-0.0097
2026-07-14,JUP,0.004
2026-07-14,LINK,-0.0026
2026-07-14,LIT,-0.0304
2026-07-14,LTC,0.0036
2026-07-14,NEAR,0.0272
2026-07-14,ONDO,0.0186
2026-07-14,PUMP,0.0133
2026-07-14,SOL,0.0001
2026-07-14,SUI,-0.0039
2026-07-14,TAO,0.0339
2026-07-14,UNI,0.022
2026-07-14,VVV,-0.0023
2026-07-14,WLD,0.006
2026-07-14,XMR,0.065
2026-07-14,XPL,0.0072
2026-07-14,XRP,-0.0012
2026-07-14,ZEC,-0.0136
2026-07-14,kPEPE,0.016
2026-07-15,AAVE,0.0066
2026-07-15,ADA,0.0077
2026-07-15,AERO,0.0095
2026-07-15,ARB,0.0335
2026-07-15,AVAX,-0.0005
2026-07-15,BNB,-0.0026
2026-07-15,BTC,0.0154
2026-07-15,CRV,0.006
2026-07-15,DOGE,-0.0013
2026-07-15,ENA,0.0049
2026-07-15,ETH,0.0124
2026-07-15,FARTCOIN,0.0023
2026-07-15,HYPE,-0.0149
2026-07-15,JUP,0.009
2026-07-15,LINK,0.0059
2026-07-15,LIT,0.0093
2026-07-15,LTC,0.004
2026-07-15,NEAR,-0.0295
2026-07-15,ONDO,-0.0686
2026-07-15,PUMP,-0.0175
2026-07-15,SOL,0.0006
2026-07-15,SUI,0.0111
2026-07-15,TAO,0.0084
2026-07-15,UNI,-0.0046
2026-07-15,VVV,0.0075
2026-07-15,WLD,0.0025
2026-07-15,XMR,-0.0261
2026-07-15,XPL,0.0027
2026-07-15,XRP,0.0038
2026-07-15,ZEC,0.001
2026-07-15,kPEPE,-0.0028
2026-07-16,AAVE,0.0022
2026-07-16,ADA,0.0008
2026-07-16,AERO,0.0086
2026-07-16,ARB,0.0088
2026-07-16,AVAX,-0.0021
2026-07-16,BNB,0.0002
2026-07-16,BTC,-0.0207
2026-07-16,CRV,-0.0218
2026-07-16,DOGE,-0.003
2026-07-16,ENA,-0.0098
2026-07-16,ETH,0.0052
2026-07-16,FARTCOIN,0.0038
2026-07-16,HYPE,-0.0011
2026-07-16,JUP,0.0182
2026-07-16,LINK,-0.039
2026-07-16,LIT,-0.0273
2026-07-16,NEAR,0.0235
2026-07-16,ONDO,0.0019
2026-07-16,PUMP,0.0028
2026-07-16,SOL,0.0048
2026-07-16,SUI,-0.0111
2026-07-16,TAO,-0.0259
2026-07-16,UNI,0.0242
2026-07-16,VVV,-0.0032
2026-07-16,WLD,-0.0002
2026-07-16,XMR,-0.0306
2026-07-16,XPL,0.0011
2026-07-16,XRP,-0.003
2026-07-16,ZEC,-0.0016
2026-07-16,ZRO,-0.0308
2026-07-16,kPEPE,0.0001
2026-07-17,AAVE,-0.0022
2026-07-17,ADA,-0.0426
2026-07-17,ARB,-0.0035
2026-07-17,AVAX,-0.0041
2026-07-17,BCH,0.0357
2026-07-17,BNB,-0.0082
2026-07-17,BTC,0.011
2026-07-17,CRV,0.0094
2026-07-17,DOGE,-0.0024
2026-07-17,ENA,0.0248
2026-07-17,ETH,0.0162
2026-07-17,FARTCOIN,0.0115
2026-07-17,HYPE,0.0082
2026-07-17,JUP,-0.0004
2026-07-17,LINK,0.0229
2026-07-17,LIT,-0.0129
2026-07-17,LTC,-0.0039
2026-07-17,ONDO,0.0011
2026-07-17,PUMP,0.0008
2026-07-17,SOL,-0.0046
2026-07-17,SUI,-0.0039
2026-07-17,TAO,0.0043
2026-07-17,UNI,-0.0158
2026-07-17,VVV,-0.0071
2026-07-17,WLD,-0.0035
2026-07-17,XMR,0.0003
2026-07-17,XPL,-0.0068
2026-07-17,XRP,-0.0056
2026-07-17,ZEC,0.0025
2026-07-17,ZRO,0.0077
2026-07-17,kPEPE,-0.008
2026-07-18,AAVE,-0.0042
2026-07-18,ADA,0.0057
2026-07-18,ARB,-0.0061
2026-07-18,AVAX,0.0074
2026-07-18,BCH,-0.0095
2026-07-18,BNB,0.0195
2026-07-18,BTC,-0.012
2026-07-18,DOGE,-0.011
2026-07-18,ENA,-0.0054
2026-07-18,ETH,-0.0196
2026-07-18,FARTCOIN,-0.0107
2026-07-18,HYPE,-0.012
2026-07-18,JUP,-0.0133
2026-07-18,LINK,-0.0126
2026-07-18,LIT,-0.0012
2026-07-18,LTC,0.0191
2026-07-18,NEAR,-0.0027
2026-07-18,ONDO,0.0027
2026-07-18,PUMP,0.0078
2026-07-18,SOL,0.0027
2026-07-18,SUI,0.0083
2026-07-18,TAO,0.0299
2026-07-18,UNI,0.0198
2026-07-18,VVV,0.0007
2026-07-18,WLD,0.0044
2026-07-18,XMR,0.0128
2026-07-18,XPL,0.0072
2026-07-18,XRP,0.0156
2026-07-18,ZEC,0.0006
2026-07-18,ZRO,-0.0034
2026-07-18,kPEPE,0.0077
2026-07-19,ADA,0.015
2026-07-19,ARB,-0.0053
2026-07-19,AVAX,0.0036
2026-07-19,BCH,-0.0117
2026-07-19,BNB,-0.0017
2026-07-19,BTC,0.0199
2026-07-19,DOGE,-0.0019
2026-07-19,ENA,0.0028
2026-07-19,ETH,0.0224
2026-07-19,FARTCOIN,0.0109
2026-07-19,HYPE,-0.0046
2026-07-19,JUP,-0.0021
2026-07-19,LINK,0.0232
2026-07-19,LIT,-0.0026
2026-07-19,LTC,0.0039
2026-07-19,NEAR,0.0087
2026-07-19,ONDO,0.0027
2026-07-19,PUMP,-0.0066
2026-07-19,SOL,-0.0079
2026-07-19,SUI,-0.0002
2026-07-19,TAO,-0.0595
2026-07-19,UNI,-0.0028
2026-07-19,VVV,0.0026
2026-07-19,WLD,0.0021
2026-07-19,XMR,0.0271
2026-07-19,XPL,-0.0058
2026-07-19,XRP,0.0029
2026-07-19,ZEC,0.0041
2026-07-19,ZRO,0.0113
2026-07-19,kPEPE,-0.0149
2026-07-20,AAVE,-0.0063
2026-07-20,ADA,0.0116
2026-07-20,ARB,0.0077
2026-07-20,AVAX,0.003
2026-07-20,BCH,-0.0145
2026-07-20,BNB,0.0005
2026-07-20,BTC,0.0175
2026-07-20,DOGE,0.0049
2026-07-20,ENA,-0.008
2026-07-20,ETH,0.0031
2026-07-20,FARTCOIN,-0.0089
2026-07-20,HYPE,0.0146
2026-07-20,JUP,-0.005
2026-07-20,LINK,-0.0174
2026-07-20,LIT,-0.0015
2026-07-20,LTC,0.01
2026-07-20,ONDO,-0.0027
2026-07-20,PUMP,-0.0002
2026-07-20,SOL,0.0087
2026-07-20,SUI,0.004
2026-07-20,TAO,0.0468
2026-07-20,UNI,-0.0202
2026-07-20,VVV,0.0119
2026-07-20,WLD,-0.0125
2026-07-20,XMR,0.0282
2026-07-20,XPL,-0.0076
2026-07-20,XRP,0.009
2026-07-20,ZEC,0.0036
2026-07-20,ZRO,0.0059
2026-07-20,kPEPE,0.0049
2026-07-21,AAVE,-0.006
2026-07-21,ADA,-0.005
2026-07-21,ARB,-0.0024
2026-07-21,AVAX,0.0147
2026-07-21,BNB,0.0126
2026-07-21,BTC,0.0044
2026-07-21,DOGE,-0.0216
2026-07-21,ENA,-0.0103
2026-07-21,ETH,0.0088
2026-07-21,FARTCOIN,0.0035
2026-07-21,HYPE,-0.0029
2026-07-21,LINK,0.0387
2026-07-21,LIT,-0.0026
2026-07-21,LTC,0.0142
2026-07-21,NEAR,-0.0029
2026-07-21,ONDO,0.0029
2026-07-21,SOL,-0.0034
2026-07-21,SUI,0.009
2026-07-21,TAO,-0.0049
2026-07-21,UNI,0.0059
2026-07-21,VVV,-0.0108
2026-07-21,WLD,0.0145
2026-07-21,XMR,-0.059
2026-07-21,XPL,0.0043
2026-07-21,XRP,-0.0061
2026-07-21,ZEC,-0.0008
2026-07-21,ZRO,0.0093
2026-07-21,kPEPE,0.0099
2026-07-22,AAVE,0.0001
2026-07-22,ADA,0.005
2026-07-22,AVAX,-0.0036
2026-07-22,BCH,0.0036
2026-07-22,BNB,-0.0179
2026-07-22,BTC,-0.0051
2026-07-22,DOGE,-0.0124
2026-07-22,ENA,-0.013
2026-07-22,ETH,-0.0114
2026-07-22,FARTCOIN,0.0053
2026-07-22,HYPE,0.0052
2026-07-22,JUP,-0.0022
2026-07-22,LINK,-0.0121
2026-07-22,LIT,0.0069
2026-07-22,LTC,-0.0041
2026-07-22,NEAR,0.0029
2026-07-22,ONDO,-0.0062
2026-07-22,PUMP,0.0018
2026-07-22,SOL,0.001
2026-07-22,SUI,0.0136
2026-07-22,TAO,-0.0002
2026-07-22,UNI,-0.003
2026-07-22,VVV,0.004
2026-07-22,WLD,-0.009
2026-07-22,XMR,0.0042
2026-07-22,XPL,-0.0031
2026-07-22,XRP,0.0045
2026-07-22,ZEC,0.0061
2026-07-22,kPEPE,-0.0099
2026-07-23,AAVE,0.0144
2026-07-23,ADA,0.0055
2026-07-23,ARB,0.0022
2026-07-23,AVAX,-0.0515
2026-07-23,BCH,-0.0036
2026-07-23,BNB,-0.0117
2026-07-23,BTC,-0.0061
2026-07-23,DOGE,-0.0465
2026-07-23,ENA,-0.0052
2026-07-23,ETH,0.0003
2026-07-23,FARTCOIN,0.0088
2026-07-23,HYPE,0.005
2026-07-23,JUP,0.0003
2026-07-23,LINK,0.0006
2026-07-23,LIT,-0.001
2026-07-23,LTC,0.0386
2026-07-23,NEAR,-0.0252
2026-07-23,ONDO,0.0006
2026-07-23,PUMP,0.0119
2026-07-23,SOL,0.0038
2026-07-23,SUI,-0.0181
2026-07-23,TAO,0.0037
2026-07-23,UNI,0.0027
2026-07-23,VVV,-0.0047
2026-07-23,WLD,-0.0045
2026-07-23,XMR,-0.0236
2026-07-23,XPL,0.0035
2026-07-23,XRP,-0.0263
2026-07-23,kPEPE,0.0145
2026-07-24,AAVE,-0.007
2026-07-24,ADA,-0.0012
2026-07-24,ARB,0.0032
2026-07-24,AVAX,0.0001
2026-07-24,BCH,0.0143
2026-07-24,BNB,-0.0127
2026-07-24,BTC,-0.014
2026-07-24,DOGE,0.0094
2026-07-24,ENA,0.0151
2026-07-24,ETH,0.0116
2026-07-24,FARTCOIN,-0.0124
2026-07-24,HYPE,-0.0108
2026-07-24,JUP,0.0016
2026-07-24,LINK,0.0086
2026-07-24,LIT,0.0133
2026-07-24,LTC,-0.0708
2026-07-24,NEAR,0.0224
2026-07-24,ONDO,0.0124
2026-07-24,PUMP,-0.0099
2026-07-24,SOL,-0.0061
2026-07-24,SUI,-0.0082
2026-07-24,TAO,0.0007
2026-07-24,UNI,0.018
2026-07-24,VVV,0.0013
2026-07-24,WLD,0.0039
2026-07-24,XMR,-0.0131
2026-07-24,XPL,-0.005
2026-07-24,XRP,0.0158
2026-07-24,ZEC,0.0077
2026-07-24,ZRO,-0.0325
2026-07-24,kPEPE,-0.0018
2026-07-25,AAVE,-0.0061
2026-07-25,ADA,-0.003
2026-07-25,ARB,-0.0055
2026-07-25,AVAX,-0.0146
2026-07-25,BCH,0.0063
2026-07-25,BNB,-0.0037
2026-07-25,BTC,0.0066
2026-07-25,DOGE,-0.0008
2026-07-25,ENA,0.0266
2026-07-25,ETH,-0.0025
2026-07-25,FARTCOIN,0.0038
2026-07-25,HYPE,-0.0042
2026-07-25,JUP,0.0074
2026-07-25,LINK,-0.0042
2026-07-25,LIT,-0.0205
2026-07-25,LTC,0.0734
2026-07-25,NEAR,0.0087
2026-07-25,ONDO,0.0007
2026-07-25,PUMP,0.0018
2026-07-25,SOL,-0.0083
2026-07-25,SUI,0.0067
2026-07-25,TAO,-0.0085
2026-07-25,UNI,-0.0376
2026-07-25,VVV,-0.0022
2026-07-25,WLD,0.0132
2026-07-25,XMR,0.0408
2026-07-25,XPL,0.0021
2026-07-25,XRP,-0.0094
2026-07-25,ZEC,0.0059
2026-07-25,ZRO,0.0048
2026-07-25,kPEPE,-0.021
2026-07-26,AAVE,0.0028
2026-07-26,ADA,-0.0026
2026-07-26,ARB,-0.0026
2026-07-26,AVAX,0.0129
2026-07-26,BCH,0.0029
2026-07-26,BNB,0.0397
2026-07-26,BTC,0.0033
2026-07-26,DOGE,0.0346
2026-07-26,ENA,-0.0105
2026-07-26,ETH,0.007
2026-07-26,FARTCOIN,-0.0139
2026-07-26,HYPE,0.0176
2026-07-26,LINK,-0.0071
2026-07-26,LIT,0.0048
2026-07-26,LTC,0.0171
2026-07-26,NEAR,-0.0029
2026-07-26,ONDO,-0.0033
2026-07-26,PUMP,-0.0057
2026-07-26,SOL,0.0143
2026-07-26,SUI,0.0037
2026-07-26,TAO,-0.0046
2026-07-26,UNI,0.0191
2026-07-26,VVV,0.0023
2026-07-26,WLD,-0.0091
2026-07-26,XMR,-0.004
2026-07-26,XPL,0.0049
2026-07-26,XRP,0.0035
2026-07-26,ZEC,-0.0094
2026-07-26,ZRO,0.0138
2026-07-26,kPEPE,-0.0158
2026-07-27,AAVE,-0.0051
2026-07-27,ADA,-0.0119
2026-07-27,ARB,0.002
2026-07-27,AVAX,0.0277
2026-07-27,BCH,0.0071
2026-07-27,BNB,-0.0083
2026-07-27,BTC,-0.0189
2026-07-27,DOGE,-0.026
2026-07-27,ETH,-0.0123
2026-07-27,FARTCOIN,-0.0014
2026-07-27,HYPE,0.0074
2026-07-27,LINK,-0.0144
2026-07-27,LIT,-0.0066
2026-07-27,LTC,-0.0155
2026-07-27,NEAR,-0.0083
2026-07-27,ONDO,0.0135
2026-07-27,PUMP,-0.0005
2026-07-27,SOL,-0.0037
2026-07-27,SUI,-0.02
2026-07-27,TAO,-0.0223
2026-07-27,UNI,0.0078
2026-07-27,VVV,0.013
2026-07-27,WLD,-0.0072
2026-07-27,XMR,-0.0293
2026-07-27,XPL,-0.0017
2026-07-27,XRP,-0.0172
2026-07-27,ZEC,0.0056
2026-07-27,ZRO,-0.0099
2026-07-27,kPEPE,0.0171
2026-07-28,AAVE,0.0149
2026-07-28,ADA,-0.0173
2026-07-28,ARB,-0.017
2026-07-28,AVAX,-0.011
2026-07-28,BCH,0.0039
2026-07-28,BNB,0.0145
2026-07-28,BTC,-0.0051
2026-07-28,DOGE,0.0217
2026-07-28,ENA,-0.0096
2026-07-28,ETH,-0.0039
2026-07-28,FARTCOIN,0.005
2026-07-28,HYPE,-0.0025
2026-07-28,LIT,-0.001
2026-07-28,NEAR,-0.0109
2026-07-28,ONDO,-0.0139
2026-07-28,PUMP,0.0035
2026-07-28,SOL,-0.0033
2026-07-28,SUI,0.0071
2026-07-28,TAO,0.0217
2026-07-28,UNI,-0.0055
2026-07-28,VVV,-0.0019
2026-07-28,WLD,0.0146
2026-07-28,XMR,0.054
2026-07-28,XPL,-0.0061
2026-07-28,ZEC,0.0038
2026-07-28,ZRO,-0.0005
2026-07-28,kPEPE,-0.0072
2026-07-29,AAVE,0.0124
2026-07-29,ADA,0.007
2026-07-29,ARB,-0.0028
2026-07-29,AVAX,-0.0093
2026-07-29,BCH,-0.0006
2026-07-29,BNB,-0.0105
2026-07-29,BTC,0.002
2026-07-29,DOGE,-0.0036
2026-07-29,ENA,-0.0023
2026-07-29,ETH,0.0109
2026-07-29,FARTCOIN,0.001
2026-07-29,HYPE,0.0086
2026-07-29,LINK,0.0019
2026-07-29,LIT,0.0054
2026-07-29,LTC,-0.011
2026-07-29,NEAR,0.022
2026-07-29,ONDO,0.0014
2026-07-29,PUMP,0.0087
2026-07-29,SOL,-0.0066
2026-07-29,SUI,0.005
2026-07-29,TAO,-0.0324
2026-07-29,UNI,0.027
2026-07-29,VVV,-0.008
2026-07-29,WLD,0.0055
2026-07-29,XMR,0.0001
2026-07-29,XPL,0.0005
2026-07-29,XRP,-0.0557
2026-07-29,ZEC,-0.0291
2026-07-29,ZRO,-0.0064
2026-07-29,kPEPE,0.0094
2026-07-30,AAVE,-0.0074
2026-07-30,ADA,-0.0008
2026-07-30,ARB,-0.0022
2026-07-30,AVAX,0.0134
2026-07-30,BCH,0.0023
2026-07-30,BNB,-0.0259
2026-07-30,BTC,0.0155
2026-07-30,DOGE,0.0078
2026-07-30,ENA,0.0044
2026-07-30,ETH,0.0078
2026-07-30,FARTCOIN,-0.0031
2026-07-30,HYPE,-0.0113
2026-07-30,LINK,-0.0043
2026-07-30,LIT,-0.0054
2026-07-30,LTC,0.0063
2026-07-30,NEAR,-0.0056
2026-07-30,ONDO,0.0064
2026-07-30,PUMP,-0.0088
2026-07-30,SOL,0.0163
2026-07-30,SUI,-0.008
2026-07-30,TAO,0.0326
2026-07-30,UNI,-0.0685
2026-07-30,VVV,0.0035
2026-07-30,WLD,-0.0148
2026-07-30,XMR,0.0177
2026-07-30,XPL,0.0065
2026-07-30,XRP,0.061
2026-07-30,ZEC,0.0231
2026-07-30,ZRO,0.0071
2026-07-30,kPEPE,0.0169
2026-07-31,AAVE,0.0074
2026-07-31,ADA,0.0249
2026-07-31,ARB,-0.0126
2026-07-31,AVAX,-0.0092
2026-07-31,BCH,0.0129
2026-07-31,BNB,-0.0349
2026-07-31,BTC,-0.0132
2026-07-31,DOGE,0.0008
2026-07-31,ENA,0.0074
2026-07-31,ETH,-0.0203
2026-07-31,FARTCOIN,-0.0038
2026-07-31,HYPE,-0.0054
2026-07-31,LINK,-0.0112
2026-07-31,LIT,0.0175
2026-07-31,LTC,-0.036
2026-07-31,NEAR,-0.0365
2026-07-31,ONDO,-0.0078
2026-07-31,PUMP,-0.0033
2026-07-31,SOL,0.0074
2026-07-31,SUI,0.024
2026-07-31,TAO,-0.0254
2026-07-31,UNI,0.012
2026-07-31,VVV,0.0052
2026-07-31,WLD,0.0067
2026-07-31,XMR,-0.0125
2026-07-31,XPL,-0.0079
2026-07-31,XRP,0.01
2026-07-31,ZEC,0.0083
2026-07-31,ZRO,0.0214
2026-07-31,kPEPE,-0.024
2026-08-01,AAVE,-0.0258
2026-08-01,ADA,-0.0149
2026-08-01,ARB,0.0224
2026-08-01,AVAX,-0.0008
2026-08-01,BCH,-0.0119
2026-08-01,BNB,0.0415
2026-08-01,BTC,0.0029
2026-08-01,DOGE,-0.01
2026-08-01,ENA,0.0074
2026-08-01,ETH,-0.0101
2026-08-01,FARTCOIN,-0.0018
2026-08-01,HYPE,0.0054
2026-08-01,LINK,-0.0072
2026-08-01,LIT,-0.0108
2026-08-01,LTC,0.0022
2026-08-01,NEAR,0.0022
2026-08-01,ONDO,0.0235
2026-08-01,PUMP,0.0011
2026-08-01,SOL,0.0069
2026-08-01,SUI,-0.0171
2026-08-01,TAO,0.0216
2026-08-01,UNI,-0.001
2026-08-01,VVV,0.0067
2026-08-01,WLD,-0.0026
2026-08-01,XMR,0.0227
2026-08-01,XPL,-0.0022
2026-08-01,XRP,-0.0114
2026-08-01,ZEC,-0.0158
2026-08-01,ZRO,-0.0065
2026-08-01,kPEPE,-0.0035
2026-08-02,AAVE,0.0181
2026-08-02,ADA,-0.014
2026-08-02,ARB,-0.009
2026-08-02,AVAX,0.0013
2026-08-02,BCH,-0.0071
2026-08-02,BNB,0.0384
2026-08-02,BTC,-0.0075
2026-08-02,DOGE,0.0057
2026-08-02,ENA,-0.0256
2026-08-02,ETH,0.0118
2026-08-02,FARTCOIN,0.0231
2026-08-02,HYPE,0.0084
2026-08-02,LINK,0.0023
2026-08-02,LIT,-0.001
2026-08-02,LTC,0.0194
2026-08-02,NEAR,0.0256
2026-08-02,ONDO,-0.016
2026-08-02,PUMP,0.0003
2026-08-02,SOL,-0.0074
2026-08-02,SUI,0.0008
2026-08-02,TAO,0.0103
2026-08-02,UNI,0.0154
2026-08-02,VVV,-0.0035
2026-08-02,WLD,-0.0173
2026-08-02,XMR,-0.0089
2026-08-02,XPL,0.0114
2026-08-02,XRP,-0.0026
2026-08-02,ZEC,-0.0109
2026-08-02,ZRO,-0.0081
2026-08-02,kPEPE,0.0177
2026-08-03,AAVE,-0.0066
2026-08-03,ADA,0.0076
2026-08-03,ARB,0.009
2026-08-03,AVAX,0.0113
2026-08-03,BCH,-0.0301
2026-08-03,BNB,-0.0013
2026-08-03,BTC,0.0049
2026-08-03,CRV,0.0223
2026-08-03,DOGE,0.004
2026-08-03,ENA,-0.0095
2026-08-03,ETH,0.0032
2026-08-03,FARTCOIN,-0.024
2026-08-03,HYPE,-0.0277
2026-08-03,LINK,-0.0143
2026-08-03,LIT,0.0095
2026-08-03,LTC,-0.0241
2026-08-03,ONDO,0.0106
2026-08-03,PUMP,0.007
2026-08-03,SOL,-0.0053
2026-08-03,SUI,0.0034
2026-08-03,TAO,-0.0035
2026-08-03,UNI,0.0095
2026-08-03,VVV,-0.015
2026-08-03,WLD,0.0027
2026-08-03,XMR,0.0074
2026-08-03,XPL,0.0002
2026-08-03,XRP,0.0195
2026-08-03,ZEC,0.0133
2026-08-03,ZRO,-0.0037
2026-08-03,kPEPE,0.0137
2026-08-04,AAVE,0.0044
2026-08-04,ADA,0.0207
2026-08-04,ARB,0.0114
2026-08-04,AVAX,-0.0088
2026-08-04,BNB,-0.0041
2026-08-04,BTC,0.0131
2026-08-04,CRV,-0.0223
2026-08-04,DOGE,0.0141
2026-08-04,ENA,0.0135
2026-08-04,ETH,0.0171
2026-08-04,FARTCOIN,0.004
2026-08-04,HYPE,0.0107
2026-08-04,LDO,-0.0017
2026-08-04,LINK,0.0177
2026-08-04,LIT,-0.0137
2026-08-04,LTC,0.002
2026-08-04,NEAR,0.0027
2026-08-04,ONDO,-0.0036
2026-08-04,PUMP,-0.0064
2026-08-04,SOL,0.0012
2026-08-04,SUI,0.0008
2026-08-04,TAO,-0.0309
2026-08-04,UNI,0.0048
2026-08-04,VVV,0.0094
2026-08-04,WLD,0.0036
2026-08-04,XMR,-0.024
2026-08-04,XPL,0.0017
2026-08-04,XRP,-0.0078
2026-08-04,ZEC,-0.0113
2026-08-04,ZRO,-0.0041
2026-08-04,kPEPE,-0.0025
2026-08-05,AAVE,0.0046
2026-08-05,ADA,0.0004
2026-08-05,ARB,-0.0159
2026-08-05,AVAX,0.006
2026-08-05,BNB,0.0066
2026-08-05,BTC,0.0098
2026-08-05,DOGE,0.0003
2026-08-05,ENA,0.0082
2026-08-05,ETH,-0.0017
2026-08-05,FARTCOIN,0.0023
2026-08-05,HYPE,-0.0159
2026-08-05,LDO,-0.018
2026-08-05,LINK,-0.0036
2026-08-05,LIT,-0.0012
2026-08-05,LTC,0.0297
2026-08-05,NEAR,0.0089
2026-08-05,ONDO,0.0054
2026-08-05,PUMP,0.0015
2026-08-05,SOL,-0.0098
2026-08-05,SUI,-0.0002
2026-08-05,TAO,0.0173
2026-08-05,UNI,-0.0343
2026-08-05,VVV,0.0037
2026-08-05,WLD,0.0109
2026-08-05,XMR,0.0026
2026-08-05,XPL,-0.004
2026-08-05,XRP,-0.0194
2026-08-05,ZEC,0.0131
2026-08-05,ZRO,0.0042
2026-08-05,kPEPE,0.0055
2026-08-06,AAVE,-0.0046
2026-08-06,ADA,0.0103
2026-08-06,ARB,0.0158
2026-08-06,AVAX,0.0001
2026-08-06,BNB,-0.0017
2026-08-06,BTC,-0.0002
2026-08-06,DOGE,0.0058
2026-08-06,ENA,-0.0103
2026-08-06,ETH,-0.0038
2026-08-06,FARTCOIN,0.0066
2026-08-06,HYPE,0.011
2026-08-06,LDO,0.0005
2026-08-06,LINK,-0.0137
2026-08-06,LIT,0.0022
2026-08-06,LTC,0.0063
2026-08-06,ONDO,-0.0017
2026-08-06,PUMP,-0.0013
2026-08-06,SOL,0.0042
2026-08-06,SUI,-0.0002
2026-08-06,TAO,-0.0065
2026-08-06,UNI,0.016
2026-08-06,VVV,0.0072
2026-08-06,WLD,-0.0111
2026-08-06,XMR,0.0006
2026-08-06,XPL,-0.0052
2026-08-06,XRP,-0.005
2026-08-06,ZEC,-0.0058
2026-08-06,ZRO,-0.0069
2026-08-06,kPEPE,-0.0029
2026-08-07,AAVE,0.0136
2026-08-07,ADA,-0.0069
2026-08-07,ARB,-0.0309
2026-08-07,AVAX,-0.0086
2026-08-07,BNB,-0.0059
2026-08-07,BTC,0.0106
2026-08-07,CRV,0.0151
2026-08-07,DOGE,-0.0049
2026-08-07,ENA,0.0085
2026-08-07,ETH,0.0074
2026-08-07,FARTCOIN,0.0044
2026-08-07,HYPE,0.0007
2026-08-07,LDO,0.0191
2026-08-07,LINK,0.0242
2026-08-07,LIT,0.0031
2026-08-07,LTC,-0.0068
2026-08-07,NEAR,-0.0175
2026-08-07,ONDO,0.0017
2026-08-07,PUMP,0.0007
2026-08-07,SOL,-0.0134
2026-08-07,SUI,0.0105
2026-08-07,TAO,0.0067
2026-08-07,UNI,0.0046
2026-08-07,VVV,-0.0105
2026-08-07,WLD,0.0005
2026-08-07,XMR,-0.0067
2026-08-07,XPL,-0.0071
2026-08-07,XRP,-0.001
2026-08-07,ZEC,-0.0016
2026-08-07,ZRO,-0.0013
2026-08-07,kPEPE,-0.0056
2026-08-08,AAVE,0.0002
2026-08-08,ADA,-0.0266
2026-08-08,ARB,0.0166
2026-08-08,AVAX,0.0092
2026-08-08,BNB,0.0071
2026-08-08,BTC,-0.0033
2026-08-08,CRV,-0.0252
2026-08-08,DOGE,0.0131
2026-08-08,ENA,-0.018
2026-08-08,ETH,-0.0037
2026-08-08,FARTCOIN,-0.0021
2026-08-08,HYPE,0.0103
2026-08-08,LINK,0.0069
2026-08-08,LIT,0.0013
2026-08-08,LTC,0.0094
2026-08-08,NEAR,0.0174
2026-08-08,ONDO,-0.0101
2026-08-08,SOL,0.0283
2026-08-08,SUI,-0.0119
2026-08-08,TAO,-0.032
2026-08-08,UNI,0.0087
2026-08-08,WLD,0.0107
2026-08-08,XMR,-0.0076
2026-08-08,XPL,0.0265
2026-08-08,XRP,-0.0055
2026-08-08,ZEC,-0.0002
2026-08-08,ZRO,0.0016
2026-08-08,kPEPE,0.0054
2026-08-09,AAVE,-0.0043
2026-08-09,ADA,0.0236
2026-08-09,ARB,0.0331
2026-08-09,AVAX,0.0029
2026-08-09,BNB,0.0147
2026-08-09,BTC,-0.0038
2026-08-09,CRV,0.0005
2026-08-09,DOGE,-0.0129
2026-08-09,ENA,0.0158
2026-08-09,ETH,-0.0059
2026-08-09,FARTCOIN,-0.0112
2026-08-09,HYPE,-0.0127
2026-08-09,LINK,0.0009
2026-08-09,LIT,-0.0055
2026-08-09,LTC,-0.0083
2026-08-09,NEAR,-0.0058
2026-08-09,ONDO,0.0067
2026-08-09,PUMP,0.0005
2026-08-09,SOL,-0.031
2026-08-09,SUI,-0.0028
2026-08-09,TAO,0.0161
2026-08-09,UNI,-0.0044
2026-08-09,VVV,-0.0063
2026-08-09,WLD,-0.0126
2026-08-09,XMR,-0.0083
2026-08-09,XPL,-0.0185
2026-08-09,XRP,0.0047
2026-08-09,ZEC,0.0074
2026-08-09,ZRO,-0.0002
2026-08-09,kPEPE,0.0041
2026-08-10,AAVE,-0.0047
2026-08-10,ARB,-0.0201
2026-08-10,AVAX,-0.0053
2026-08-10,BNB,-0.0153
2026-08-10,BTC,-0.0177
2026-08-10,CRV,-0.0139
2026-08-10,DOGE,0.0052
2026-08-10,ENA,0.004
2026-08-10,ETH,-0.0202
2026-08-10,FARTCOIN,-0.0087
2026-08-10,HYPE,0.0026
2026-08-10,LINK,0.0073
2026-08-10,LIT,0.0013
2026-08-10,LTC,0.0102
2026-08-10,NEAR,0.0059
2026-08-10,ONDO,-0.0085
2026-08-10,PUMP,-0.0005
2026-08-10,SOL,0.019
2026-08-10,SUI,-0.0034
2026-08-10,TAO,0.0127
2026-08-10,VVV,0.0033
2026-08-10,WLD,0.0013
2026-08-10,XMR,-0.0077
2026-08-10,XPL,0.0093
2026-08-10,XRP,-0.0092
2026-08-10,ZEC,-0.002
2026-08-10,ZRO,0.0044
2026-08-10,kPEPE,0.0099
2026-08-11,AAVE,0.0024
2026-08-11,ARB,0.0233
2026-08-11,AVAX,-0.0029
2026-08-11,BNB,0.0012
2026-08-11,BTC,-0.0121
2026-08-11,CRV,-0.0101
2026-08-11,DOGE,-0.0163
2026-08-11,ENA,-0.012
2026-08-11,ETH,0.0077
2026-08-11,FARTCOIN,0.0155
2026-08-11,HYPE,0.0102
2026-08-11,LINK,-0.0244
2026-08-11,LIT,0.0001
2026-08-11,LTC,-0.0091
2026-08-11,NEAR,-0.0117
2026-08-11,ONDO,0.0153
2026-08-11,PUMP,0.0002
2026-08-11,SOL,0.0175
2026-08-11,SUI,-0.0002
2026-08-11,TAO,-0.0064
2026-08-11,UNI,-0.0022
2026-08-11,VVV,0.0025
2026-08-11,WLD,-0.0006
2026-08-11,XMR,-0.0309
2026-08-11,XPL,-0.0023
2026-08-11,XRP,0.0086
2026-08-11,ZEC,0.0115
2026-08-11,ZRO,0.004
2026-08-12,AAVE,-0.0048
2026-08-12,ADA,0.0106
2026-08-12,ARB,-0.0453
2026-08-12,AVAX,0.003
2026-08-12,BNB,0.0005
2026-08-12,BTC,0.0043
2026-08-12,CRV,0.0025
2026-08-12,DOGE,-0.0139
2026-08-12,ENA,0.03
2026-08-12,ETH,-0.0072
2026-08-12,FARTCOIN,-0.0048
2026-08-12,HYPE,-0.0183
2026-08-12,LINK,-0.0032
2026-08-12,LIT,0.0146
2026-08-12,LTC,-0.0052
2026-08-12,NEAR,-0.0206
2026-08-12,ONDO,0.0034
2026-08-12,SOL,0.0025
2026-08-12,SUI,0.0188
2026-08-12,TAO,0.0233
2026-08-12,UNI,-0.0106
2026-08-12,VVV,-0.0128
2026-08-12,WLD,0.0225
2026-08-12,XMR,0.0246
2026-08-12,XPL,0.0004
2026-08-12,XRP,-0.0045
2026-08-12,ZEC,-0.0241
2026-08-12,ZRO,0.0028
2026-08-12,kPEPE,-0.0189
2026-08-13,ADA,-0.0055
2026-08-13,ARB,0.0091
2026-08-13,AVAX,0.0047
2026-08-13,BNB,0.0018
2026-08-13,BTC,0.0072
2026-08-13,CRV,0.0125
2026-08-13,DOGE,0.0124
2026-08-13,ENA,-0.0081
2026-08-13,ETH,0.0125
2026-08-13,FARTCOIN,-0.0108
2026-08-13,HYPE,0.0088
2026-08-13,LINK,-0.004
2026-08-13,LIT,-0.0135
2026-08-13,LTC,-0.0004
2026-08-13,NEAR,0.0148
2026-08-13,ONDO,-0.0131
2026-08-13,PUMP,0.0038
2026-08-13,SOL,0.0028
2026-08-13,SUI,0.0023
2026-08-13,TAO,0.0023
2026-08-13,UNI,-0.0011
2026-08-13,VVV,0.0061
2026-08-13,WLD,-0.0182
2026-08-13,XMR,0.0101
2026-08-13,XPL,-0.0162
2026-08-13,XRP,-0.0025
2026-08-13,ZEC,0.0294
2026-08-13,ZRO,0.0117
2026-08-13,kPEPE,0.0079
2026-08-14,AAVE,-0.0047
2026-08-14,ADA,0.0022
2026-08-14,ARB,0.0084
2026-08-14,AVAX,0.0028
2026-08-14,BNB,-0.0079
2026-08-14,BTC,-0.0013
2026-08-14,CRV,0.0142
2026-08-14,DOGE,-0.0083
2026-08-14,ENA,0.0057
2026-08-14,ETH,0.0048
2026-08-14,FARTCOIN,0.0003
2026-08-14,HYPE,0.017
2026-08-14,LINK,0.0229
2026-08-14,LIT,0.0167
2026-08-14,LTC,-0.0033
2026-08-14,NEAR,0.0057
2026-08-14,ONDO,-0.0055
2026-08-14,PUMP,0.001
2026-08-14,SOL,-0.0009
2026-08-14,SUI,-0.0044
2026-08-14,TAO,-0.0344
2026-08-14,UNI,-0.0008
2026-08-14,VVV,0.0019
2026-08-14,WLD,-0.0059
2026-08-14,XMR,-0.0156
2026-08-14,XPL,0.0004
2026-08-14,XRP,-0.0007
2026-08-14,ZEC,-0.0169
2026-08-14,ZRO,-0.0149
2026-08-14,kPEPE,-0.0055
2026-08-15,ADA,-0.0126
2026-08-15,ARB,-0.0301
2026-08-15,AVAX,-0.0199
2026-08-15,BNB,0.0011
2026-08-15,BTC,0.0006
2026-08-15,CRV,-0.0172
2026-08-15,DOGE,0.0079
2026-08-15,ENA,0.0016
2026-08-15,ETH,0.0018
2026-08-15,FARTCOIN,0.0021
2026-08-15,HYPE,-0.0024
2026-08-15,LINK,-0.0383
2026-08-15,LIT,-0.0102
2026-08-15,LTC,0.003
2026-08-15,NEAR,0.0119
2026-08-15,ONDO,0.0042
2026-08-15,PENGU,0.0124
2026-08-15,PUMP,0.0005
2026-08-15,SOL,0.0064
2026-08-15,SUI,-0.0045
2026-08-15,TAO,0.0343
2026-08-15,UNI,-0.0102
2026-08-15,VVV,0.0102
2026-08-15,WLD,-0.0015
2026-08-15,XMR,-0.0053
2026-08-15,XPL,0.0206
2026-08-15,XRP,0.0188
2026-08-15,ZEC,0.028
2026-08-15,ZRO,0.0191
2026-08-15,kPEPE,-0.0134
2026-08-16,AAVE,0.0023
2026-08-16,ADA,0.0028
2026-08-16,ARB,-0.0028
2026-08-16,AVAX,0.0138
2026-08-16,BNB,-0.0072
2026-08-16,BTC,0.0061
2026-08-16,CRV,0.0024
2026-08-16,DOGE,-0.0198
2026-08-16,ENA,-0.0093
2026-08-16,ETH,-0.0041
2026-08-16,FARTCOIN,0.0023
2026-08-16,HYPE,-0.0055
2026-08-16,LINK,0.0056
2026-08-16,LIT,0.0034
2026-08-16,LTC,-0.0001
2026-08-16,NEAR,0.012
2026-08-16,ONDO,-0.0152
2026-08-16,PENGU,0.0025
2026-08-16,PUMP,0.0035
2026-08-16,SOL,-0.0157
2026-08-16,SUI,-0.0002
2026-08-16,TAO,-0.0063
2026-08-16,UNI,-0.0001
2026-08-16,VVV,0.0037
2026-08-16,WLD,0.0002
2026-08-16,XPL,-0.0062
2026-08-16,XRP,0.0043
2026-08-16,ZEC,0.0037
2026-08-16,kPEPE,0.0027
2026-08-17,AAVE,-0.0091
2026-08-17,ADA,-0.0098
2026-08-17,ARB,0.0192
2026-08-17,BNB,0.0003
2026-08-17,BTC,0.0202
2026-08-17,CRV,-0.0044
2026-08-17,DOGE,0.0282
2026-08-17,ENA,-0.0055
2026-08-17,ETH,0.0234
2026-08-17,FARTCOIN,0.0023
2026-08-17,HYPE,-0.0105
2026-08-17,LINK,0.0174
2026-08-17,LIT,0.0051
2026-08-17,LTC,0.0068
2026-08-17,NEAR,-0.0002
2026-08-17,ONDO,0.0128
2026-08-17,PENGU,-0.0148
2026-08-17,PUMP,-0.007
2026-08-17,SOL,0.0092
2026-08-17,TAO,0.0127
2026-08-17,UNI,0.0034
2026-08-17,VVV,-0.0165
2026-08-17,WLD,0.0078
2026-08-17,XMR,0.0331
2026-08-17,XPL,0.0167
2026-08-17,XRP,-0.0049
2026-08-17,ZEC,-0.0428
2026-08-17,ZRO,-0.0144
2026-08-17,kPEPE,0.0104
2026-08-18,AAVE,0.0137
2026-08-18,ADA,0.0025
2026-08-18,ARB,-0.0194
2026-08-18,AVAX,0.0091
2026-08-18,BNB,-0.0064
2026-08-18,BTC,0.0013
2026-08-18,CRV,0.0085
2026-08-18,DOGE,-0.0041
2026-08-18,ENA,0.0111
2026-08-18,ETH,0.0098
2026-08-18,FARTCOIN,0.0044
2026-08-18,HYPE,0.0133
2026-08-18,LINK,0.0144
2026-08-18,LIT,0.0017
2026-08-18,LTC,-0.0048
2026-08-18,NEAR,-0.0266
2026-08-18,PUMP,-0.0006
2026-08-18,SOL,0.0102
2026-08-18,SUI,-0.0455
2026-08-18,TAO,-0.0033
2026-08-18,UNI,-0.0002
2026-08-18,VVV,-0.0014
2026-08-18,WLD,0.0003
2026-08-18,XMR,0.0061
2026-08-18,XPL,-0.0085
2026-08-18,XRP,0.0006
2026-08-18,ZEC,0.0049
2026-08-18,ZRO,-0.0083
2026-08-18,kPEPE,0.0002
2026-08-19,AAVE,-0.0046
2026-08-19,ADA,0.0223
2026-08-19,ARB,0.0019
2026-08-19,AVAX,0.0239
2026-08-19,BNB,0.0323
2026-08-19,BTC,-0.0135
2026-08-19,CRV,0.0206
2026-08-19,DOGE,0.0296
2026-08-19,ENA,-0.0282
2026-08-19,ETH,-0.088
2026-08-19,FARTCOIN,-0.0002
2026-08-19,HYPE,-0.0206
2026-08-19,LINK,-0.0025
2026-08-19,LIT,-0.002
2026-08-19,LTC,0.0332
2026-08-19,NEAR,0.0244
2026-08-19,ONDO,0.0001
2026-08-19,PUMP,-0.0061
2026-08-19,SOL,-0.0373
2026-08-19,SUI,0.0484
2026-08-19,TAO,0.0155
2026-08-19,UNI,0.0027
2026-08-19,VVV,-0.0045
2026-08-19,WLD,0.0004
2026-08-19,XMR,-0.0143
2026-08-19,XPL,0.0125
2026-08-19,XRP,0.0029
2026-08-19,ZEC,0.0076
2026-08-19,ZRO,0.0083
2026-08-19,kPEPE,-0.0136
2026-08-20,AAVE,0.0116
2026-08-20,ADA,0.0015
2026-08-20,ARB,0.0211
2026-08-20,AVAX,-0.0047
2026-08-20,BNB,-0.0055
2026-08-20,BTC,-0.0081
2026-08-20,CRV,-0.035
2026-08-20,DOGE,-0.0051
2026-08-20,ENA,0.0033
2026-08-20,ETH,0.0018
2026-08-20,FARTCOIN,-0.0143
2026-08-20,HYPE,0.001
2026-08-20,LINK,0.0075
2026-08-20,LIT,0.002
2026-08-20,LTC,0.0075
2026-08-20,NEAR,0.0143
2026-08-20,ONDO,0.0466
2026-08-20,PENGU,-0.0028
2026-08-20,PUMP,0.004
2026-08-20,SOL,0.0243
2026-08-20,SUI,-0.0181
2026-08-20,TAO,-0.0204
2026-08-20,UNI,0.0056
2026-08-20,VVV,0.0084
2026-08-20,WLD,0.0101
2026-08-20,XMR,0.0005
2026-08-20,XPL,-0.0209
2026-08-20,XRP,-0.0585
2026-08-20,ZEC,0.014
2026-08-20,ZRO,0.0144
2026-08-20,kPEPE,-0.0172
2026-08-21,AAVE,-0.0383
2026-08-21,ADA,-0.0165
2026-08-21,ARB,0.0046
2026-08-21,AVAX,0.0091
2026-08-21,BNB,-0.0041
2026-08-21,BTC,0.0054
2026-08-21,CRV,0.0113
2026-08-21,DOGE,-0.0137
2026-08-21,ENA,0.0008
2026-08-21,ETH,0.0354
2026-08-21,FARTCOIN,0.0042
2026-08-21,HYPE,0.0196
2026-08-21,LINK,0.0022
2026-08-21,LIT,-0.0138
2026-08-21,LTC,-0.0345
2026-08-21,NEAR,-0.0098
2026-08-21,ONDO,-0.03
2026-08-21,PENGU,-0.0016
2026-08-21,PUMP,-0.0045
2026-08-21,SOL,0.0019
2026-08-21,SUI,0.0035
2026-08-21,TAO,0.0136
2026-08-21,UNI,0.0059
2026-08-21,VVV,0.0056
2026-08-21,WLD,-0.0116
2026-08-21,XMR,0.0171
2026-08-21,XPL,0.0154
2026-08-21,XRP,0.0257
2026-08-21,ZEC,-0.0317
2026-08-21,ZRO,-0.0107
2026-08-21,kPEPE,0.0056
2026-08-22,AAVE,0.0087
2026-08-22,ADA,0.0061
2026-08-22,AVAX,-0.0009
2026-08-22,BNB,0.0021
2026-08-22,BTC,-0.0028
2026-08-22,CRV,0.0253
2026-08-22,DOGE,-0.0075
2026-08-22,ENA,-0.0064
2026-08-22,ETH,0.0009
2026-08-22,FARTCOIN,0.011
2026-08-22,LINK,-0.0156
2026-08-22,LIT,0.0138
2026-08-22,LTC,-0.0047
2026-08-22,NEAR,-0.0238
2026-08-22,ONDO,-0.0191
2026-08-22,PENGU,0.0261
2026-08-22,PUMP,0.0033
2026-08-22,SOL,0.0071
2026-08-22,SUI,-0.0032
2026-08-22,TAO,0.0081
2026-08-22,UNI,-0.018
2026-08-22,VVV,-0.0117
2026-08-22,WLD,0.0026
2026-08-22,XMR,-0.037
2026-08-22,XPL,-0.0154
2026-08-22,XRP,0.0032
2026-08-22,ZEC,0.0022
2026-08-22,ZRO,-0.0149
2026-08-22,kPEPE,0.0191
2026-08-23,AAVE,-0.0013
2026-08-23,ADA,0.0104
2026-08-23,AVAX,0.0015
2026-08-23,BNB,-0.003
2026-08-23,BTC,0.002
2026-08-23,CRV,-0.0255
2026-08-23,DOGE,0.0126
2026-08-23,ENA,0.0014
2026-08-23,ETH,0.0003
2026-08-23,FARTCOIN,0.0068
2026-08-23,HYPE,0.0139
2026-08-23,LINK,0.0048
2026-08-23,LIT,-0.007
2026-08-23,LTC,-0.0085
2026-08-23,NEAR,0.0002
2026-08-23,ONDO,0.0124
2026-08-23,PENGU,-0.0333
2026-08-23,PUMP,-0.0017
2026-08-23,SOL,-0.0004
2026-08-23,SUI,0.007
2026-08-23,TAO,-0.0133
2026-08-23,UNI,-0.0023
2026-08-23,VVV,0.0114
2026-08-23,WLD,0.0129
2026-08-23,XMR,0.0308
2026-08-23,XPL,-0.0121
2026-08-23,XRP,-0.0056
2026-08-23,ZEC,-0.0002
2026-08-23,ZRO,0.028
2026-08-23,kPEPE,-0.0157
2026-08-24,AAVE,0.0094
2026-08-24,ADA,-0.0023
2026-08-24,AVAX,0.0039
2026-08-24,BNB,-0.005
2026-08-24,BTC,-0.004
2026-08-24,CRV,-0.0103
2026-08-24,DOGE,-0.0057
2026-08-24,ENA,0.0044
2026-08-24,ETH,0.0017
2026-08-24,FARTCOIN,-0.0112
2026-08-24,HYPE,-0.0034
2026-08-24,LINK,-0.0192
2026-08-24,LIT,0.007
2026-08-24,LTC,-0.0101
2026-08-24,NEAR,-0.0057
2026-08-24,ONDO,-0.0059
2026-08-24,PENGU,-0.0013
2026-08-24,PUMP,0.0205
2026-08-24,SOL,-0.0087
2026-08-24,SUI,-0.0084
2026-08-24,TAO,-0.0009
2026-08-24,UNI,0.0088
2026-08-24,VVV,-0.0027
2026-08-24,WLD,0.0238
2026-08-24,XMR,-0.0799
2026-08-24,XPL,0.0179
2026-08-24,XRP,0.003
2026-08-24,ZEC,0.0013
2026-08-24,ZRO,-0.0243
2026-08-24,kPEPE,0.0156
2026-08-25,AAVE,0.0057
2026-08-25,ADA,-0.0079
2026-08-25,AVAX,-0.0025
2026-08-25,BNB,-0.0244
2026-08-25,BTC,0.0038
2026-08-25,CRV,0.0289
2026-08-25,DOGE,-0.0084
2026-08-25,ENA,0.0285
2026-08-25,ETH,0.0097
2026-08-25,FARTCOIN,-0.0065
2026-08-25,HYPE,0.0032
2026-08-25,LINK,0.0207
2026-08-25,LIT,-0.0068
2026-08-25,LTC,-0.0415
2026-08-25,NEAR,-0.0004
2026-08-25,ONDO,-0.0166
2026-08-25,PENGU,-0.0024
2026-08-25,PUMP,0.0152
2026-08-25,SOL,0.0105
2026-08-25,SUI,-0.0119
2026-08-25,TAO,-0.0371
2026-08-25,UNI,0.0037
2026-08-25,VVV,-0.0223
2026-08-25,WLD,-0.0129
2026-08-25,XMR,0.0147
2026-08-25,XPL,-0.0144
2026-08-25,XRP,0.0039
2026-08-25,ZEC,-0.0005
2026-08-25,ZRO,-0.0091
2026-08-25,kPEPE,-0.0038
2026-08-26,AAVE,-0.0046
2026-08-26,ADA,0.0046
2026-08-26,AVAX,0.0056
2026-08-26,BNB,0.0211
2026-08-26,BTC,0.0017
2026-08-26,CRV,-0.0114
2026-08-26,DOGE,0.0057
2026-08-26,ENA,-0.0318
2026-08-26,ETH,-0.0084
2026-08-26,FARTCOIN,-0.0031
2026-08-26,HYPE,0.0151
2026-08-26,LINK,-0.0083
2026-08-26,LIT,-0.0138
2026-08-26,LTC,0.03
2026-08-26,NEAR,0.0403
2026-08-26,ONDO,0.0322
2026-08-26,PENGU,-0.0047
2026-08-26,PUMP,-0.0308
2026-08-26,SOL,-0.0544
2026-08-26,SUI,0.0068
2026-08-26,TAO,0.0677
2026-08-26,UNI,0.0155
2026-08-26,VVV,0.0364
2026-08-26,WLD,-0.0166
2026-08-26,XMR,0.0395
2026-08-26,XPL,0.0064
2026-08-26,XRP,-0.0152
2026-08-26,ZEC,-0.0047
2026-08-26,ZRO,0.0153
2026-08-26,kPEPE,-0.0143
2026-08-27,AAVE,0.0021
2026-08-27,ADA,0.0067
2026-08-27,AVAX,0.0038
2026-08-27,BNB,0.0058
2026-08-27,BTC,0.0044
2026-08-27,CRV,-0.007
2026-08-27,DOGE,0.0027
2026-08-27,ENA,-0.0025
2026-08-27,ETH,0.0094
2026-08-27,FARTCOIN,0.0046
2026-08-27,HYPE,0.0034
2026-08-27,LINK,0.0083
2026-08-27,LIT,-0.0026
2026-08-27,LTC,0.0098
2026-08-27,NEAR,-0.003
2026-08-27,ONDO,0.0068
2026-08-27,PENGU,0.0058
2026-08-27,PUMP,-0.0022
2026-08-27,SOL,0.0093
2026-08-27,SUI,-0.0031
2026-08-27,TAO,-0.0528
2026-08-27,UNI,-0.016
2026-08-27,VVV,-0.0033
2026-08-27,WLD,0.0113
2026-08-27,XMR,0.0104
2026-08-27,XPL,0.0022
2026-08-27,XRP,0.0029
2026-08-27,ZEC,0.0016
2026-08-27,ZRO,-0.0057
2026-08-27,kPEPE,0.008
2026-08-28,AAVE,-0.0121
2026-08-28,ADA,0.0125
2026-08-28,AVAX,-0.0449
2026-08-28,BNB,-0.0458
2026-08-28,BTC,-0.0116
2026-08-28,CRV,0.0044
2026-08-28,DOGE,-0.0059
2026-08-28,ENA,-0.0013
2026-08-28,ETH,0.0005
2026-08-28,FARTCOIN,-0.0046
2026-08-28,HYPE,0.0131
2026-08-28,LINK,-0.0009
2026-08-28,LIT,0.0281
2026-08-28,LTC,-0.0385
2026-08-28,NEAR,-0.0247
2026-08-28,ONDO,-0.0401
2026-08-28,PENGU,0.0226
2026-08-28,PUMP,0.0327
2026-08-28,SOL,0.0041
2026-08-28,SUI,-0.0165
2026-08-28,UNI,-0.0086
2026-08-28,VVV,-0.0239
2026-08-28,WLD,-0.0143
2026-08-28,XMR,-0.0595
2026-08-28,XPL,-0.0008
2026-08-28,XRP,0.0263
2026-08-28,ZEC,0.0009
2026-08-28,ZRO,0.0139
2026-08-28,kPEPE,0.019
2026-08-29,AAVE,0.0007
2026-08-29,ADA,-0.018
2026-08-29,AVAX,0.0465
2026-08-29,BNB,0.0315
2026-08-29,BTC,-0.003
2026-08-29,CRV,0.0073
2026-08-29,DOGE,-0.005
2026-08-29,ENA,0.001
2026-08-29,ETH,-0.0085
2026-08-29,FARTCOIN,0.0102
2026-08-29,HYPE,-0.0337
2026-08-29,LINK,0.0168
2026-08-29,LIT,-0.019
2026-08-29,LTC,0.0441
2026-08-29,NEAR,0.0173
2026-08-29,ONDO,0.0235
2026-08-29,PENGU,-0.0288
2026-08-29,PUMP,-0.0344
2026-08-29,SOL,-0.0009
2026-08-29,SUI,0.0196
2026-08-29,TAO,0.0073
2026-08-29,UNI,-0.0091
2026-08-29,VVV,0.0158
2026-08-29,WLD,0.017
2026-08-29,XMR,0.0543
2026-08-29,XPL,-0.0047
2026-08-29,XRP,-0.0097
2026-08-29,ZEC,0.003
2026-08-29,ZRO,-0.0021
2026-08-29,kPEPE,-0.0148
2026-08-30,AAVE,0.025
2026-08-30,ADA,0.0131
2026-08-30,AVAX,-0.0048
2026-08-30,BNB,0.0083
2026-08-30,BTC,-0.0485
2026-08-30,CRV,0.0157
2026-08-30,ENA,0.0056
2026-08-30,ETH,-0.0226
2026-08-30,FARTCOIN,0.0038
2026-08-30,HYPE,0.0237
2026-08-30,LINK,-0.0024
2026-08-30,LIT,-0.0157
2026-08-30,LTC,-0.0687
2026-08-30,NEAR,-0.0274
2026-08-30,ONDO,-0.0201
2026-08-30,PENGU,0.0204
2026-08-30,PUMP,0.0104
2026-08-30,SOL,0.0056
2026-08-30,SUI,-0.0285
2026-08-30,TAO,-0.0071
2026-08-30,UNI,-0.0029
2026-08-30,VVV,-0.0121
2026-08-30,WLD,-0.0002
2026-08-30,XMR,-0.0456
2026-08-30,XPL,0.0131
2026-08-30,XRP,-0.0032
2026-08-30,ZEC,-0.0039
2026-08-30,ZRO,0.0119
2026-08-30,kPEPE,0.02
2026-08-31,AAVE,-0.0023
2026-08-31,ADA,-0.0356
2026-08-31,AVAX,-0.0105
2026-08-31,BNB,0.0032
2026-08-31,BTC,0.0479
2026-08-31,CRV,-0.0273
2026-08-31,DOGE,-0.0028
2026-08-31,ENA,-0.0029
2026-08-31,ETH,0.0154
2026-08-31,FARTCOIN,-0.0058
2026-08-31,HYPE,-0.021
2026-08-31,LINK,-0.0061
2026-08-31,LIT,0.0125
2026-08-31,LTC,0.0822
2026-08-31,NEAR,-0.0059
2026-08-31,ONDO,0.0431
2026-08-31,PENGU,-0.0078
2026-08-31,PUMP,-0.0101
2026-08-31,SOL,-0.0066
2026-08-31,SUI,0.0156
2026-08-31,TAO,0.0206
2026-08-31,UNI,0.0154
2026-08-31,VVV,0.0209
2026-08-31,WLD,0.0025
2026-08-31,XMR,0.0231
2026-08-31,XPL,0.0027
2026-08-31,XRP,-0.0013
2026-08-31,ZEC,0.0064
2026-08-31,ZRO,-0.0091
2026-08-31,kPEPE,-0.0391
2026-09-01,AAVE,-0.0114
2026-09-01,ADA,0.0103
2026-09-01,ARB,-0.0238
2026-09-01,AVAX,0.0161
2026-09-01,BNB,-0.003
2026-09-01,BTC,-0.015
2026-09-01,CRV,-0.0039
2026-09-01,DOGE,0.0006
2026-09-01,ENA,0.0008
2026-09-01,ETH,0.0026
2026-09-01,FARTCOIN,0.004
2026-09-01,HYPE,0.0088
2026-09-01,LINK,0.0081
2026-09-01,LIT,0.0073
2026-09-01,LTC,-0.0627
2026-09-01,NEAR,-0.0166
2026-09-01,ONDO,0.0037
2026-09-01,PENGU,0.0078
2026-09-01,PUMP,0.0101
2026-09-01,SOL,0.0032
2026-09-01,SUI,0.0094
2026-09-01,TAO,-0.0002
2026-09-01,UNI,-0.0138
2026-09-01,VVV,0.0029
2026-09-01,WLD,-0.0242
2026-09-01,XMR,0.0051
2026-09-01,XPL,-0.0027
2026-09-01,XRP,-0.0034
2026-09-01,ZEC,0.0217
2026-09-01,ZRO,-0.0117
2026-09-01,kPEPE,0.0272
2026-09-02,AAVE,0.0184
2026-09-02,ADA,-0.0223
2026-09-02,ARB,0.0008
2026-09-02,AVAX,0.0019
2026-09-02,BNB,-0.0023
2026-09-02,BTC,-0.0033
2026-09-02,CRV,0.0061
2026-09-02,DOGE,-0.0011
2026-09-02,ENA,0.0019
2026-09-02,ETH,-0.0053
2026-09-02,FARTCOIN,0.0164
2026-09-02,LINK,0.003
2026-09-02,LIT,-0.0198
2026-09-02,NEAR,0.0327
2026-09-02,ONDO,-0.0502
2026-09-02,PENGU,0.0079
2026-09-02,PUMP,0.0031
2026-09-02,SOL,0.0081
2026-09-02,SUI,-0.0373
2026-09-02,TAO,0.0034
2026-09-02,UNI,-0.0015
2026-09-02,VVV,0.0119
2026-09-02,WLD,0.0109
2026-09-02,XMR,0.0048
2026-09-02,XPL,-0.0213
2026-09-02,XRP,0.0057
2026-09-02,ZEC,-0.0141
2026-09-02,ZRO,0.0232
2026-09-02,kPEPE,-0.002
2026-09-03,AAVE,-0.0164
2026-09-03,ADA,0.025
2026-09-03,ARB,0.0031
2026-09-03,AVAX,0.0006
2026-09-03,BNB,0.0106
2026-09-03,BTC,0.027
2026-09-03,CRV,-0.001
2026-09-03,DOGE,-0.0049
2026-09-03,ENA,0.0028
2026-09-03,ETH,0.0153
2026-09-03,FARTCOIN,-0.0064
2026-09-03,HYPE,0.0007
2026-09-03,LINK,0.0058
2026-09-03,LIT,0.0158
2026-09-03,LTC,0.0055
2026-09-03,ONDO,0.0548
2026-09-03,PENGU,-0.0141
2026-09-03,PUMP,-0.0119
2026-09-03,SOL,0.0029
2026-09-03,SUI,0.0376
2026-09-03,TAO,0.0081
2026-09-03,UNI,-0.0014
2026-09-03,VVV,-0.0057
2026-09-03,WLD,0.0027
2026-09-03,XMR,0.0416
2026-09-03,XPL,0.0022
2026-09-03,XRP,-0.0119
2026-09-03,ZEC,-0.0135
2026-09-03,ZRO,-0.0211
2026-09-03,kPEPE,-0.0123
2026-09-04,AAVE,0.0173
2026-09-04,ADA,-0.0108
2026-09-04,ARB,0.009
2026-09-04,AVAX,-0.0017
2026-09-04,BNB,-0.0093
2026-09-04,BTC,0.001
2026-09-04,CRV,0.0323
2026-09-04,DOGE,-0.0111
2026-09-04,ENA,-0.0018
2026-09-04,ETH,-0.0021
2026-09-04,FARTCOIN,-0.0065
2026-09-04,HYPE,0.006
2026-09-04,LINK,-0.0075
2026-09-04,LIT,-0.0141
2026-09-04,LTC,-0.0032
2026-09-04,NEAR,-0.0347
2026-09-04,ONDO,-0.0384
2026-09-04,PENGU,0.0084
2026-09-04,PUMP,0.0144
2026-09-04,SOL,0.0139
2026-09-04,SUI,-0.0129
2026-09-04,TAO,-0.0068
2026-09-04,UNI,0.0242
2026-09-04,VVV,-0.033
2026-09-04,WLD,0.0254
2026-09-04,XMR,-0.0139
2026-09-04,XPL,-0.0078
2026-09-04,XRP,0.0056
2026-09-04,ZEC,-0.0022
2026-09-04,ZRO,0.0073
2026-09-04,kPEPE,-0.0062
2026-09-05,AAVE,-0.0017
2026-09-05,ADA,0.0103
2026-09-05,ARB,-0.0109
2026-09-05,AVAX,0.0159
2026-09-05,BNB,-0.0638
2026-09-05,BTC,0.0037
2026-09-05,CRV,-0.0358
2026-09-05,DOGE,-0.009
2026-09-05,ENA,-0.0067
2026-09-05,ETH,0.0091
2026-09-05,FARTCOIN,-0.0127
2026-09-05,HYPE,-0.001
2026-09-05,LINK,0.0065
2026-09-05,LIT,0.0077
2026-09-05,LTC,0.0055
2026-09-05,NEAR,0.0244
2026-09-05,ONDO,0.0452
2026-09-05,PENGU,-0.0066
2026-09-05,PUMP,-0.0071
2026-09-05,SOL,0.0011
2026-09-05,SUI,0.0101
2026-09-05,TAO,0.013
2026-09-05,UNI,-0.0134
2026-09-05,VVV,0.0262
2026-09-05,WLD,-0.001
2026-09-05,XMR,-0.0048
2026-09-05,XPL,0.0162
2026-09-05,XRP,0.0057
2026-09-05,ZEC,0.0041
2026-09-05,ZRO,-0.0033
2026-09-05,kPEPE,0.0076
2026-09-06,AAVE,0.0025
2026-09-06,ADA,0.013
2026-09-06,ARB,0.0004
2026-09-06,AVAX,0.0045
2026-09-06,BNB,0.0342
2026-09-06,BTC,-0.0107
2026-09-06,CRV,0.0116
2026-09-06,DOGE,0.0349
2026-09-06,ENA,0.0021
2026-09-06,ETH,-0.0007
2026-09-06,FARTCOIN,0.0028
2026-09-06,HYPE,0.0002
2026-09-06,LINK,-0.0437
2026-09-06,LIT,-0.0044
2026-09-06,NEAR,-0.0151
2026-09-06,ONDO,-0.027
2026-09-06,PENGU,0.0023
2026-09-06,PUMP,-0.0101
2026-09-06,SOL,0.001
2026-09-06,SUI,0.0269
2026-09-06,TAO,-0.0512
2026-09-06,UNI,0.003
2026-09-06,VVV,0.017
2026-09-06,WLD,-0.0156
2026-09-06,XMR,-0.0002
2026-09-06,XPL,-0.0022
2026-09-06,XRP,-0.0019
2026-09-06,ZEC,0.012
2026-09-06,ZRO,0.0051
2026-09-06,kPEPE,0.0045
2026-09-07,AAVE,0.0024
2026-09-07,ADA,0.0014
2026-09-07,ARB,0.0021
2026-09-07,AVAX,-0.0735
2026-09-07,BNB,-0.0025
2026-09-07,BTC,0.0011
2026-09-07,CRV,0.0158
2026-09-07,DOGE,-0.0022
2026-09-07,ENA,0.0092
2026-09-07,ETH,0.0014
2026-09-07,FARTCOIN,0.0205
2026-09-07,HYPE,0.0123
2026-09-07,LINK,0.0134
2026-09-07,LIT,-0.0025
2026-09-07,LTC,0.0459
2026-09-07,NEAR,0.0316
2026-09-07,ONDO,-0.0297
2026-09-07,PENGU,0.0045
2026-09-07,PUMP,-0.0015
2026-09-07,SOL,0.0006
2026-09-07,SUI,-0.0168
2026-09-07,TAO,-0.0101
2026-09-07,UNI,0.0138
2026-09-07,VVV,-0.0135
2026-09-07,WLD,-0.0331
2026-09-07,XMR,-0.0184
2026-09-07,XPL,-0.0128
2026-09-07,XRP,0.0011
2026-09-07,ZEC,0.0097
2026-09-07,ZRO,-0.0146
2026-09-07,kPEPE,-0.0087
2026-09-08,AAVE,0.0037
2026-09-08,ADA,0.002
2026-09-08,ARB,-0.0028
2026-09-08,AVAX,-0.0027
2026-09-08,BNB,0.0009
2026-09-08,BTC,-0.0012
2026-09-08,CASHCAT,-0.0107
2026-09-08,CRV,0.0004
2026-09-08,DOGE,0.0121
2026-09-08,ENA,0.0067
2026-09-08,ETH,0.0012
2026-09-08,FARTCOIN,-0.0097
2026-09-08,HYPE,-0.004
2026-09-08,LINK,0.0007
2026-09-08,LIT,0.0167
2026-09-08,LTC,-0.0513
2026-09-08,NEAR,-0.0029
2026-09-08,ONDO,0.0421
2026-09-08,PENGU,-0.0046
2026-09-08,PUMP,-0.0001
2026-09-08,SOL,0.0014
2026-09-08,SUI,0.0156
2026-09-08,TAO,0.0089
2026-09-08,UNI,0.0103
2026-09-08,VVV,-0.0038
2026-09-08,WLD,0.0074
2026-09-08,XMR,0.0232
2026-09-08,XPL,0.0011
2026-09-08,XRP,-0.0032
2026-09-08,ZEC,-0.0222
2026-09-08,ZRO,-0.0014
2026-09-08,kPEPE,-0.0055
2026-09-09,AAVE,0.0053
2026-09-09,ADA,-0.0076
2026-09-09,ARB,0.0007
2026-09-09,AVAX,-0.0031
2026-09-09,BNB,0.0023
2026-09-09,BTC,0.0005
2026-09-09,CASHCAT,0.014
2026-09-09,CRV,-0.0121
2026-09-09,DOGE,-0.0401
2026-09-09,ENA,-0.0055
2026-09-09,ETH,-0.0039
2026-09-09,FARTCOIN,0.045
2026-09-09,HYPE,0.0029
2026-09-09,LINK,-0.0217
2026-09-09,LIT,-0.0072
2026-09-09,LTC,-0.0055
2026-09-09,NEAR,-0.0415
2026-09-09,ONDO,-0.0428
2026-09-09,PENGU,0.0069
2026-09-09,PUMP,0.0004
2026-09-09,SOL,-0.0035
2026-09-09,SUI,-0.0115
2026-09-09,TAO,0.0177
2026-09-09,UNI,0.0207
2026-09-09,VVV,0.0215
2026-09-09,WLD,-0.0078
2026-09-09,XMR,-0.0522
2026-09-09,XPL,0.0016
2026-09-09,XRP,-0.0019
2026-09-09,ZEC,0.0161
2026-09-09,ZRO,0.003
2026-09-09,kPEPE,0.0163
2026-09-10,AAVE,-0.0038
2026-09-10,ADA,0.0194
2026-09-10,ARB,-0.0002
2026-09-10,AVAX,-0.0083
2026-09-10,BNB,-0.0339
2026-09-10,BTC,-0.0537
2026-09-10,CASHCAT,-0.0197
2026-09-10,CRV,0.0102
2026-09-10,DOGE,0.0257
2026-09-10,ENA,-0.0029
2026-09-10,ETH,0.0068
2026-09-10,FARTCOIN,-0.0006
2026-09-10,HYPE,0.013
2026-09-10,LINK,0.0064
2026-09-10,LIT,0.0014
2026-09-10,LTC,-0.0002
2026-09-10,ONDO,0.0193
2026-09-10,PENGU,0.023
2026-09-10,PUMP,0.0252
2026-09-10,SOL,0.0072
2026-09-10,SUI,-0.0285
2026-09-10,TAO,-0.0293
2026-09-10,UNI,-0.0092
2026-09-10,VVV,-0.0413
2026-09-10,WLD,0.0156
2026-09-10,XMR,0.0151
2026-09-10,XPL,0.0033
2026-09-10,XRP,0.0134
2026-09-10,ZEC,0.0247
2026-09-10,ZRO,0.0176
2026-09-10,kPEPE,0.0146
2026-09-11,AAVE,-0.0123
2026-09-11,ADA,0.0034
2026-09-11,ARB,0.0008
2026-09-11,AVAX,-0.0025
2026-09-11,BNB,0.0468
2026-09-11,BTC,0.0495
2026-09-11,CASHCAT,0.0006
2026-09-11,CRV,-0.0129
2026-09-11,DOGE,0.0064
2026-09-11,ENA,0.0007
2026-09-11,ETH,-0.0198
2026-09-11,FARTCOIN,-0.0179
2026-09-11,HYPE,-0.0128
2026-09-11,LINK,0.0258
2026-09-11,LIT,0.0032
2026-09-11,LTC,0.0026
2026-09-11,NEAR,0.0057
2026-09-11,ONDO,0.0078
2026-09-11,PENGU,-0.0252
2026-09-11,PUMP,-0.0182
2026-09-11,SOL,-0.0391
2026-09-11,SUI,0.0252
2026-09-11,TAO,0.0502
2026-09-11,UNI,-0.0115
2026-09-11,VVV,0.0013
2026-09-11,WLD,0.0091
2026-09-11,XMR,0.0486
2026-09-11,XPL,0.0196
2026-09-11,XRP,-0.0014
2026-09-11,ZEC,0.0051
2026-09-11,ZRO,-0.013
2026-09-11,kPEPE,-0.0218
2026-09-12,AAVE,0.0118
2026-09-12,ADA,0.0033
2026-09-12,ARB,0.0027
2026-09-12,BNB,-0.0313
2026-09-12,BTC,0.0158
2026-09-12,CASHCAT,0.0007
2026-09-12,CRV,0.0102
2026-09-12,DOGE,-0.0007
2026-09-12,ENA,-0.0063
2026-09-12,ETH,0.0202
2026-09-12,FARTCOIN,-0.0339
2026-09-12,HYPE,-0.0059
2026-09-12,LINK,-0.0124
2026-09-12,LIT,0.005
2026-09-12,NEAR,0.0258
2026-09-12,ONDO,0.0002
2026-09-12,PENGU,0.0099
2026-09-12,PUMP,-0.0098
2026-09-12,SOL,0.0364
2026-09-12,SUI,-0.0031
2026-09-12,TAO,-0.0101
2026-09-12,UNI,-0.0201
2026-09-12,VVV,-0.0007
2026-09-12,XMR,-0.0211
2026-09-12,XPL,-0.0084
2026-09-12,XRP,-0.0009
2026-09-12,ZEC,0.0077
2026-09-12,ZRO,-0.0059
2026-09-12,kPEPE,-0.0051
2026-09-13,AAVE,-0.0372
2026-09-13,ADA,0.0062
2026-09-13,ARB,0.0069
2026-09-13,BNB,-0.0056
2026-09-13,BTC,-0.0084
2026-09-13,CASHCAT,0.0093
2026-09-13,CRV,-0.0343
2026-09-13,DOGE,-0.0192
2026-09-13,ENA,0.0197
2026-09-13,ETH,-0.0078
2026-09-13,FARTCOIN,-0.0088
2026-09-13,HYPE,-0.0009
2026-09-13,LINK,0.016
2026-09-13,LIT,0.0002
2026-09-13,LTC,0.0003
2026-09-13,NEAR,0.0197
2026-09-13,ONDO,-0.024
2026-09-13,PENGU,0.0069
2026-09-13,PUMP,0.0352
2026-09-13,SOL,-0.0091
2026-09-13,SUI,-0.0111
2026-09-13,TAO,-0.0178
2026-09-13,UNI,0.0259
2026-09-13,VVV,-0.0022
2026-09-13,WLD,0.0115
2026-09-13,XMR,-0.0051
2026-09-13,XPL,-0.0104
2026-09-13,XRP,-0.0091
2026-09-13,ZEC,-0.0488
2026-09-13,ZRO,-0.0075
2026-09-13,kPEPE,-0.0044
2026-09-14,AAVE,0.0225
2026-09-14,ADA,-0.0083
2026-09-14,ARB,0.0002
2026-09-14,AVAX,0.005
2026-09-14,BNB,0.0344
2026-09-14,BTC,0.0008
2026-09-14,CASHCAT,-0.0046
2026-09-14,CRV,0.0265
2026-09-14,DOGE,0.007
2026-09-14,ENA,-0.0224
2026-09-14,ETH,-0.0032
2026-09-14,FARTCOIN,0.0122
2026-09-14,HYPE,-0.0176
2026-09-14,LINK,-0.0019
2026-09-14,LIT,0.0053
2026-09-14,LTC,-0.0028
2026-09-14,NEAR,-0.0254
2026-09-14,ONDO,0.0428
2026-09-14,PENGU,-0.0169
2026-09-14,PUMP,-0.0266
2026-09-14,SOL,-0.0018
2026-09-14,SUI,0.0137
2026-09-14,TAO,0.0277
2026-09-14,UNI,-0.0228
2026-09-14,VVV,0.0007
2026-09-14,WLD,-0.0002
2026-09-14,XMR,0.0448
2026-09-14,XPL,-0.004
2026-09-14,XRP,-0.0138
2026-09-14,ZEC,-0.0051
2026-09-14,ZRO,0.0213
2026-09-14,kPEPE,0.0074
2026-09-15,AAVE,0.006
2026-09-15,ADA,-0.003
2026-09-15,ARB,-0.0117
2026-09-15,AVAX,-0.0053
2026-09-15,BNB,-0.0256
2026-09-15,BTC,-0.0023
2026-09-15,CASHCAT,-0.0033
2026-09-15,CRV,-0.0001
2026-09-15,DOGE,-0.0108
2026-09-15,ENA,-0.0032
2026-09-15,ETH,0.009
2026-09-15,FARTCOIN,0.0086
2026-09-15,HYPE,0.0143
2026-09-15,LINK,-0.007
2026-09-15,LIT,-0.0129
2026-09-15,LTC,-0.0057
2026-09-15,NEAR,0.022
2026-09-15,ONDO,-0.0578
2026-09-15,PENGU,0.0026
2026-09-15,PUMP,0.0287
2026-09-15,SOL,-0.0049
2026-09-15,SUI,-0.0137
2026-09-15,TAO,0.0145
2026-09-15,UNI,0.014
2026-09-15,VVV,0.0154
2026-09-15,WLD,0.0061
2026-09-15,XMR,-0.0397
2026-09-15,XPL,-0.0042
2026-09-15,XRP,-0.0213
2026-09-15,ZEC,0.0048
2026-09-15,ZRO,-0.017
2026-09-15,kPEPE,-0.0056
2026-09-16,AAVE,-0.0143
2026-09-16,ADA,-0.0152
2026-09-16,ARB,0.0038
2026-09-16,AVAX,0.0024
2026-09-16,BNB,0.0282
2026-09-16,BTC,-0.0103
2026-09-16,CASHCAT,-0.0019
2026-09-16,CRV,-0.0025
2026-09-16,DOGE,0.015
2026-09-16,ENA,0.0083
2026-09-16,ETH,-0.0174
2026-09-16,FARTCOIN,-0.0069
2026-09-16,HYPE,-0.0038
2026-09-16,LINK,0.0087
2026-09-16,LIT,-0.0084
2026-09-16,LTC,-0.0026
2026-09-16,NEAR,-0.0214
2026-09-16,ONDO,0.053
2026-09-16,PUMP,-0.0256
2026-09-16,SOL,0.0034
2026-09-16,SUI,0.0069
2026-09-16,TAO,-0.0214
2026-09-16,UNI,-0.0143
2026-09-16,VVV,-0.0159
2026-09-16,WLD,-0.0002
2026-09-16,XMR,0.0406
2026-09-16,XPL,0.0191
2026-09-16,XRP,0.0126
2026-09-16,ZEC,-0.0003
2026-09-16,ZRO,0.0247
2026-09-16,kPEPE,0.0124
2026-09-17,AAVE,0.0028
2026-09-17,ADA,0.0126
2026-09-17,ARB,0.0014
2026-09-17,BNB,0.0073
2026-09-17,BTC,-0.0282
2026-09-17,CASHCAT,-0.0018
2026-09-17,CRV,0.0104
2026-09-17,DOGE,-0.0094
2026-09-17,ENA,0.0018
2026-09-17,ETH,0.0148
2026-09-17,FARTCOIN,-0.0047
2026-09-17,HYPE,-0.0139
2026-09-17,LINK,-0.0018
2026-09-17,LIT,0.007
2026-09-17,LTC,0.0023
2026-09-17,NEAR,-0.0193
2026-09-17,ONDO,-0.0041
2026-09-17,PUMP,-0.0038
2026-09-17,SOL,-0.0131
2026-09-17,SUI,0.0107
2026-09-17,TAO,0.0105
2026-09-17,UNI,0.0012
2026-09-17,VVV,0.0017
2026-09-17,WLD,-0.0025
2026-09-17,XMR,0.0302
2026-09-17,XPL,0.0028
2026-09-17,XRP,-0.0125
2026-09-17,ZEC,0.0108
2026-09-17,ZRO,-0.0027
2026-09-18,AAVE,0.0027
2026-09-18,ADA,-0.017
2026-09-18,ARB,0.0043
2026-09-18,AVAX,0.0117
2026-09-18,BNB,-0.0061
2026-09-18,BTC,0.0481
2026-09-18,CASHCAT,-0.0002
2026-09-18,CRV,-0.0076
2026-09-18,DOGE,0.0153
2026-09-18,ENA,-0.0033
2026-09-18,ETH,0.0368
2026-09-18,FARTCOIN,-0.0056
2026-09-18,HYPE,0.0296
2026-09-18,LINK,0.0081
2026-09-18,LIT,0.0005
2026-09-18,LTC,0.0138
2026-09-18,NEAR,0.0062
2026-09-18,ONDO,-0.018
2026-09-18,PENGU,-0.0118
2026-09-18,PUMP,0.0078
2026-09-18,SUI,-0.0046
2026-09-18,TAO,-0.0011
2026-09-18,UNI,-0.0038
2026-09-18,VVV,0.0012
2026-09-18,WLD,-0.003
2026-09-18,XMR,-0.0315
2026-09-18,XPL,0.0079
2026-09-18,XRP,0.025
2026-09-18,ZEC,0.0003
2026-09-18,ZRO,0.0079
2026-09-18,kPEPE,-0.0047
2026-09-19,AAVE,0.0099
2026-09-19,ADA,0.003
2026-09-19,ARB,0.001
2026-09-19,AVAX,-0.0041
2026-09-19,BNB,-0.0072
2026-09-19,BTC,0.0023
2026-09-19,CASHCAT,0.0484
2026-09-19,CRV,0.005
2026-09-19,DOGE,-0.0001
2026-09-19,ENA,-0.0069
2026-09-19,ETH,0.0026
2026-09-19,FARTCOIN,-0.0009
2026-09-19,HYPE,-0.0053
2026-09-19,LINK,-0.0008
2026-09-19,LIT,0.0076
2026-09-19,LTC,0.0356
2026-09-19,NEAR,0.0082
2026-09-19,ONDO,-0.038
2026-09-19,PENGU,0.0069
2026-09-19,PUMP,-0.0032
2026-09-19,SOL,0.0078
2026-09-19,SUI,-0.0226
2026-09-19,TAO,-0.0201
2026-09-19,UNI,0.0176
2026-09-19,VVV,0.0049
2026-09-19,WLD,-0.0032
2026-09-19,XMR,-0.0597
2026-09-19,XPL,-0.0048
2026-09-19,XRP,0.0138
2026-09-19,ZEC,0.0136
2026-09-19,ZRO,0.0046
2026-09-19,kPEPE,-0.0134
2026-09-20,AAVE,0.0034
2026-09-20,ADA,0.0073
2026-09-20,ARB,-0.0025
2026-09-20,AVAX,-0.0133
2026-09-20,BNB,0.0081
2026-09-20,BTC,-0.0039
2026-09-20,CASHCAT,-0.0024
2026-09-20,DOGE,0.0003
2026-09-20,ENA,0.011
2026-09-20,ETH,0.0129
2026-09-20,FARTCOIN,0.0045
2026-09-20,HYPE,-0.0033
2026-09-20,LINK,0.0009
2026-09-20,LIT,0.0066
2026-09-20,LTC,0.0107
2026-09-20,NEAR,-0.007
2026-09-20,ONDO,0.0158
2026-09-20,PUMP,0.0084
2026-09-20,SOL,0.0044
2026-09-20,SUI,0.0094
2026-09-20,TAO,0.0055
2026-09-20,UNI,-0.0104
2026-09-20,VVV,-0.0023
2026-09-20,WLD,-0.0004
2026-09-20,XMR,0.035
2026-09-20,XPL,0.0025
2026-09-20,XRP,0.0037
2026-09-20,ZEC,-0.0219
2026-09-20,ZRO,-0.0098
2026-09-20,kPEPE,0.0097
2026-09-21,AAVE,0.0035
2026-09-21,ADA,0.0059
2026-09-21,ARB,-0.0006
2026-09-21,AVAX,0.0128
2026-09-21,BNB,0.0107
2026-09-21,BTC,0.0013
2026-09-21,CASHCAT,-0.0004
2026-09-21,CRV,0.0117
2026-09-21,DOGE,-0.0451
2026-09-21,ENA,0.0069
2026-09-21,ETH,0.0016
2026-09-21,FARTCOIN,0.0068
2026-09-21,HYPE,0.0093
2026-09-21,LINK,0.0066
2026-09-21,LIT,0.0067
2026-09-21,LTC,0.003
2026-09-21,NEAR,-0.0033
2026-09-21,ONDO,0.0396
2026-09-21,PUMP,0.001
2026-09-21,SOL,-0.0089
2026-09-21,SUI,-0.0231
2026-09-21,TAO,-0.0317
2026-09-21,UNI,0.0105
2026-09-21,VVV,0.0008
2026-09-21,WLD,-0.0024
2026-09-21,XMR,0.0119
2026-09-21,XPL,-0.0074
2026-09-21,XRP,-0.0069
2026-09-21,ZEC,0.0064
2026-09-21,kPEPE,-0.0158
2026-09-22,AAVE,0.0104
2026-09-22,ADA,-0.0071
2026-09-22,ARB,0.0012
2026-09-22,AVAX,-0.0042
2026-09-22,BNB,-0.0167
2026-09-22,BTC,0.0067
2026-09-22,CASHCAT,-0.0441
2026-09-22,CRV,0.0001
2026-09-22,DOGE,0.0203
2026-09-22,ENA,-0.0061
2026-09-22,ETH,0.0031
2026-09-22,FARTCOIN,-0.0041
2026-09-22,HYPE,0.0004
2026-09-22,LINK,-0.0019
2026-09-22,LIT,-0.0186
2026-09-22,LTC,0.0004
2026-09-22,NEAR,0.0016
2026-09-22,ONDO,0.0002
2026-09-22,SOL,0.0002
2026-09-22,SUI,0.0226
2026-09-22,TAO,0.0137
2026-09-22,UNI,-0.0148
2026-09-22,VVV,0.0057
2026-09-22,WLD,-0.0026
2026-09-22,XMR,-0.0189
2026-09-22,XPL,0.0045
2026-09-22,XRP,0.0149
2026-09-22,ZEC,0.0018
2026-09-22,kPEPE,-0.0026
2026-09-23,AAVE,-0.0107
2026-09-23,ADA,0.0155
2026-09-23,ARB,0.0128
2026-09-23,AVAX,0.0208
2026-09-23,BNB,-0.0052
2026-09-23,BTC,-0.0007
2026-09-23,CASHCAT,0.0377
2026-09-23,CRV,-0.0315
2026-09-23,DOGE,-0.0048
2026-09-23,ENA,0.0099
2026-09-23,ETH,-0.0101
2026-09-23,FARTCOIN,0.0024
2026-09-23,HYPE,-0.0063
2026-09-23,LINK,-0.0223
2026-09-23,LIT,-0.0005
2026-09-23,LTC,-0.0304
2026-09-23,NEAR,-0.0027
2026-09-23,ONDO,-0.0176
2026-09-23,PUMP,-0.0135
2026-09-23,TAO,-0.0021
2026-09-23,UNI,0.0296
2026-09-23,VVV,0.0072
2026-09-23,WLD,-0.0269
2026-09-23,XMR,-0.0462
2026-09-23,XRP,-0.0225
2026-09-23,ZEC,0.0266
2026-09-23,kPEPE,0.0398
2026-09-24,AAVE,0.0235
2026-09-24,ADA,-0.0103
2026-09-24,ARB,-0.016
2026-09-24,AVAX,-0.0113
2026-09-24,BNB,0.0114
2026-09-24,BTC,-0.001
2026-09-24,CASHCAT,0.0059
2026-09-24,CRV,0.0197
2026-09-24,DOGE,0.0056
2026-09-24,ENA,-0.0169
2026-09-24,ETH,-0.0067
2026-09-24,FARTCOIN,0.0078
2026-09-24,HYPE,0.0041
2026-09-24,LINK,-0.001
2026-09-24,LIT,0.0221
2026-09-24,LTC,-0.0269
2026-09-24,NEAR,-0.001
2026-09-24,ONDO,-0.0283
2026-09-24,PUMP,0.0203
2026-09-24,SOL,0.0074
2026-09-24,SUI,0.0031
2026-09-24,TAO,0.002
2026-09-24,UNI,-0.0254
2026-09-24,VVV,-0.0076
2026-09-24,WLD,0.0195
2026-09-24,XMR,0.0622
2026-09-24,XPL,-0.0158
2026-09-24,XRP,0.0208
2026-09-24,ZEC,-0.0307
2026-09-24,kPEPE,0.0242
2026-09-25,AAVE,-0.0122
2026-09-25,ADA,0.0047
2026-09-25,ARB,0.004
2026-09-25,AVAX,-0.0027
2026-09-25,BNB,0.0009
2026-09-25,BTC,-0.0102
2026-09-25,CASHCAT,-0.0085
2026-09-25,CRV,0.0115
2026-09-25,DOGE,0.0036
2026-09-25,ENA,-0.0019
2026-09-25,ETH,0.0077
2026-09-25,FARTCOIN,-0.0142
2026-09-25,HYPE,0.0042
2026-09-25,LINK,0.0165
2026-09-25,LIT,-0.005
2026-09-25,LTC,0.0111
2026-09-25,NEAR,0.0023
2026-09-25,ONDO,0.0096
2026-09-25,PUMP,-0.0114
2026-09-25,SOL,0.0053
2026-09-25,SUI,-0.0187
2026-09-25,TAO,-0.0068
2026-09-25,WLD,0.005
2026-09-25,XMR,-0.0002
2026-09-25,XPL,0.017
2026-09-25,XRP,0.0002
2026-09-25,ZEC,0.0092
2026-09-25,kPEPE,0.005
